customer_id,full_name,age,monthly_income,employment_years,credit_score,debt_to_income,region,customer_segment,risk_segment
1,Javier Aponte de la O,53,112.1,12,593,0.31,Nuevo León,Economic,High Risk
2,Sra. Dulce María Quintana,35,208.09,4,525,0.27,Quintana Roo,Economic,High Risk
3,Alejandra Cristal Perales Pedroza,32,193.44,5,586,0.56,Michoacán de Ocampo,Economic,High Risk
4,Bernabé Montemayor Reyna,23,207.49,2,532,0.27,Chiapas,Economic,High Risk
5,Rafaél Uribe,69,212.9,5,661,0.21,Tlaxcala,Economic,Medium Risk
6,Mateo Matías Sauceda,51,208.87,6,562,0.35,Baja California,Economic,High Risk
7,Marcela Mateo,50,459.16,6,522,0.2,Tlaxcala,Economic,High Risk
8,Srita. Francisca Suárez,25,283.39,1,568,0.47,Zacatecas,Economic,High Risk
9,Clara Rascón,41,162.2,1,502,0.58,Aguascalientes,Economic,High Risk
10,Leonel Rocha,40,109.87,18,669,0.47,Oaxaca,Economic,Medium Risk
11,Dra. Anel Guillen,61,297.81,4,586,0.37,Querétaro,Economic,High Risk
12,Ing. Miguel Ángel Cervántez,32,274.52,11,530,0.3,Jalisco,Economic,High Risk
13,Soledad Gracia Murillo,27,97.34,2,656,0.29,Querétaro,Economic,Medium Risk
14,Sr. Benito Urbina,49,138.53,23,573,0.21,Quintana Roo,Economic,High Risk
15,Irma Barrientos,34,180.57,11,529,0.29,Durango,Economic,High Risk
16,María del Carmen Barrios,24,214.85,0,524,0.43,Campeche,Economic,High Risk
17,Mónica Rascón Leiva,37,,5,595,0.28,Campeche,Economic,High Risk
18,Andrés Reynaldo Carvajal,61,208.61,28,540,0.55,Distrito Federal,Economic,High Risk
19,Lic. Óliver Casárez,33,275.56,1,622,0.36,Zacatecas,Economic,High Risk
20,Elvia Batista,47,303.37,28,604,0.43,Yucatán,Economic,High Risk
21,Elvira Elisa Hernádez,45,307.54,0,587,0.36,Sinaloa,Economic,High Risk
22,Sra. Carolina Paredes,27,229.02,5,509,0.42,San Luis Potosí,Economic,High Risk
23,Alonso Abel Corral Hernádez,67,257.65,43,534,0.15,Distrito Federal,Economic,High Risk
24,Nancy Pamela Aguayo Lozada,66,144.44,31,502,0.47,San Luis Potosí,Economic,High Risk
25,Sra. Delia Alcántar,55,394.21,2,653,0.31,Sonora,Economic,Medium Risk
26,Espartaco Lozada,34,367.78,5,542,0.11,Oaxaca,Economic,High Risk
27,Zacarías Andrés Sanabria,69,425.81,12,629,0.11,Quintana Roo,Economic,High Risk
28,Jonás Nieto,63,378.25,34,624,0.42,Tabasco,Economic,High Risk
29,Dulce Irene Vázquez Roldán,47,120.77,20,571,0.3,Campeche,Economic,High Risk
30,Alvaro Segovia Naranjo,46,267.57,19,521,0.51,Hidalgo,Economic,High Risk
31,Ana Castellanos,52,114.24,28,608,0.37,Aguascalientes,Economic,High Risk
32,Lic. Lorena Madrid,34,323.39,0,511,0.54,Campeche,Economic,High Risk
33,Blanca Esmeralda Terrazas Duarte,27,123.18,3,540,0.1,Nuevo León,Economic,High Risk
34,Humberto Víctor Gaitán Serrato,24,276.22,0,596,0.27,Baja California Sur,Economic,High Risk
35,Lic. Santiago Casillas,32,221.37,7,562,0.44,Morelos,Economic,High Risk
36,Araceli Emilia Casanova,54,289.01,24,664,0.31,Yucatán,Economic,Medium Risk
37,Daniela Castañeda Velasco,36,181.47,12,548,0.36,Chihuahua,Economic,High Risk
38,Aldo Cardona,39,217.56,14,582,0.24,Baja California,Economic,High Risk
39,Alonso Barraza Maldonado,29,225.59,3,534,0.33,Distrito Federal,Economic,High Risk
40,Flavio Borrego,32,338.4,2,658,0.5,Michoacán de Ocampo,Economic,Medium Risk
41,Claudio Pedro Sáenz,36,137.1,2,596,0.59,Michoacán de Ocampo,Economic,High Risk
42,Ing. Pedro Zaragoza,65,156.47,19,619,0.41,Morelos,Economic,High Risk
43,Jorge Genaro Abreu,43,187.02,20,587,0.39,Nuevo León,Economic,High Risk
44,Leonel Porfirio Noriega Campos,38,,7,615,0.43,Chiapas,Economic,High Risk
45,Dra. Elisa Aguayo,63,218.83,6,614,0.54,San Luis Potosí,Economic,High Risk
46,Benito Adame Aguirre,67,211.02,12,570,0.15,Morelos,Economic,High Risk
47,Lic. René Orosco,21,409.57,0,533,0.28,Guanajuato,Economic,High Risk
48,Cecilia Ojeda,31,500.53,5,656,0.38,Distrito Federal,Economic,Medium Risk
49,Salma Judith Uribe,62,158.56,10,561,0.47,Michoacán de Ocampo,Economic,High Risk
50,Dr. Abelardo Gutiérrez,39,113.38,12,507,0.32,Guerrero,Economic,High Risk
51,Estefanía Gil,37,249.69,9,522,0.12,Puebla,Economic,High Risk
52,Dr. Mauricio Orellana,26,225.58,0,512,0.5,Nayarit,Economic,High Risk
53,Olivia Padrón,48,,14,632,0.48,Distrito Federal,Economic,High Risk
54,Patricia Anabel Estévez Madrid,70,328.51,29,678,0.55,Chihuahua,Economic,Medium Risk
55,Humberto Chavarría Madera,63,240.77,23,547,0.44,Zacatecas,Economic,High Risk
56,Diego Patricio Nieto,49,340.25,3,500,0.21,Chiapas,Economic,High Risk
57,Srita. Rocío Guevara,34,305.03,6,609,0.41,Chiapas,Economic,High Risk
58,Ana María Estela Serrano Sepúlveda,31,68.56,2,589,0.12,Puebla,Economic,High Risk
59,Eugenia Molina,44,337.86,18,541,0.36,México,Economic,High Risk
60,Beatriz Elsa Rivera,21,354.97,2,510,0.14,Jalisco,Economic,High Risk
61,Jaime Ceballos Rubio,65,209.41,40,536,0.24,Colima,Economic,High Risk
62,Eric Gustavo Jiménez,36,232.74,2,551,0.36,Baja California Sur,Economic,High Risk
63,Anel Segovia Valentín,45,126.82,1,618,0.12,Zacatecas,Economic,High Risk
64,David Fidel Tapia,63,170.29,10,678,0.36,Chihuahua,Economic,Medium Risk
65,Estela Abigail Urías Valdés,31,526.55,6,609,0.16,Puebla,Economic,High Risk
66,Rubén Salvador Espinoza,24,174.4,0,505,0.55,Tamaulipas,Economic,High Risk
67,Rafaél Gerardo Arenas Urías,34,296.88,13,601,0.4,Sinaloa,Economic,High Risk
68,Armando Isaac Alba Valverde,48,240.29,6,679,0.31,San Luis Potosí,Economic,Medium Risk
69,Raquel Almanza,67,365.19,21,559,0.2,Querétaro,Economic,High Risk
70,Natalia Mercado Peña,66,,5,550,0.32,Jalisco,Economic,High Risk
71,Raquel Karla Márquez,65,119.53,30,529,0.21,San Luis Potosí,Economic,High Risk
72,Lic. Aldo Gaitán,66,69.74,30,549,0.54,Coahuila de Zaragoza,Economic,High Risk
73,Alonso José Eduardo Verdugo,25,169.39,2,528,0.15,México,Economic,High Risk
74,Enrique Olivas,38,259.3,12,638,0.17,Yucatán,Economic,High Risk
75,Hilda Loera Peralta,63,270.07,21,511,0.36,Querétaro,Economic,High Risk
76,Débora Claudia Miramontes Ozuna,56,338.79,36,594,0.28,Durango,Economic,High Risk
77,Sra. Adriana Archuleta,51,311.67,3,617,0.35,Nayarit,Economic,High Risk
78,Karla Dulce María Gaytán,55,109.23,34,583,0.13,Durango,Economic,High Risk
79,Gloria Muñiz Bahena,39,267.44,3,504,0.22,México,Economic,High Risk
80,Dr. Leonardo Bustos,25,265.23,0,618,0.59,Aguascalientes,Economic,High Risk
81,Ing. Silvano Arenas,23,311.23,0,646,0.23,Chiapas,Economic,High Risk
82,Leticia Antonia Iglesias Heredia,61,238.83,28,580,0.46,Veracruz de Ignacio de la Llave,Economic,High Risk
83,Lic. Camila Ávila,25,144.6,0,634,0.54,Querétaro,Economic,High Risk
84,Silvia Bermúdez Arredondo,50,105.44,10,560,0.17,Colima,Economic,High Risk
85,Lic. Aurelio Cortés,38,204.24,10,618,0.41,Oaxaca,Economic,High Risk
86,Jacinto Jerónimo Montero Esquibel,58,187.56,25,651,0.17,México,Economic,Medium Risk
87,Modesto Mauricio Hernandes Pelayo,64,299.01,28,604,0.35,Puebla,Economic,High Risk
88,Roberto Antonio Carrera,39,413.24,1,539,0.34,Nuevo León,Economic,High Risk
89,Ing. Diego Concepción,25,,0,545,0.15,Chihuahua,Economic,High Risk
90,Lourdes Jaimes,55,357.17,9,544,0.36,Coahuila de Zaragoza,Economic,High Risk
91,Lic. Diego Miranda,25,144.92,5,674,0.23,Chihuahua,Economic,Medium Risk
92,Esteban Figueroa,24,121.18,0,518,0.39,Puebla,Economic,High Risk
93,Clemente Jaime,37,147.17,3,619,0.58,Chiapas,Economic,High Risk
94,Felix Mauro Mascareñas,37,289.36,1,533,0.25,Quintana Roo,Economic,High Risk
95,Augusto Longoria,33,581.84,6,662,0.1,Yucatán,Economic,Medium Risk
96,Ramón Terán,56,170.32,14,656,0.46,Hidalgo,Economic,Medium Risk
97,Bruno Olivo,69,70.65,29,676,0.33,San Luis Potosí,Economic,Medium Risk
98,Lucas Miguel Ángel Torres,22,229.53,0,667,0.38,Veracruz de Ignacio de la Llave,Economic,Medium Risk
99,Elias Gabriel Jiménez Carvajal,69,246.91,38,627,0.12,Guerrero,Economic,High Risk
100,Julio César Abraham Mata,36,110.12,0,563,0.21,Durango,Economic,High Risk
101,Lorenzo Ángel Sotelo,70,119.56,8,634,0.47,Morelos,Economic,High Risk
102,René Guardado,26,292.07,0,668,0.14,Coahuila de Zaragoza,Economic,Medium Risk
103,Benito Clemente Collazo,62,191.37,30,663,0.46,Michoacán de Ocampo,Economic,Medium Risk
104,José Carlos Andrés Escalante Grijalva,27,512.1,5,600,0.43,Nuevo León,Economic,High Risk
105,María del Carmen Karina Alba,65,155.41,34,624,0.13,Chihuahua,Economic,High Risk
106,Luis Manuel Teodoro Mercado,25,214.39,3,643,0.24,San Luis Potosí,Economic,High Risk
107,Helena Guillermina Gamboa,45,201.05,24,529,0.55,Campeche,Economic,High Risk
108,Judith Briones Carmona,62,149.27,24,590,0.59,Puebla,Economic,High Risk
109,Lic. Maximiliano Santana,31,172.25,6,525,0.34,Nuevo León,Economic,High Risk
110,Francisco José Guardado,57,151.29,23,581,0.45,Yucatán,Economic,High Risk
111,Anabel Barbara Chacón Montaño,56,164.72,7,633,0.33,Distrito Federal,Economic,High Risk
112,Sofía Linares,43,286.59,21,519,0.34,Tlaxcala,Economic,High Risk
113,Víctor Carbajal Pedroza,24,434.27,1,512,0.57,Durango,Economic,High Risk
114,Sr. Felipe Medina,70,316.58,39,580,0.37,Sinaloa,Economic,High Risk
115,Raquel Alemán,24,328.94,0,602,0.25,Sinaloa,Economic,High Risk
116,Cecilia Posada Gaytán,48,147.95,11,642,0.37,México,Economic,High Risk
117,Ana María María del Carmen Aparicio,63,163.96,24,580,0.36,Coahuila de Zaragoza,Economic,High Risk
118,Ignacio Angulo,68,226.19,36,558,0.52,Durango,Economic,High Risk
119,Agustín Madrid,57,896.33,8,639,0.48,Sonora,Economic,High Risk
120,Abelardo Caballero,25,190.2,1,514,0.23,Jalisco,Economic,High Risk
121,Cristian Estrada Lerma,58,276.6,5,562,0.48,Tabasco,Economic,High Risk
122,Eduardo Archuleta,26,312.58,3,585,0.13,Quintana Roo,Economic,High Risk
123,Hernán Alfonso Manzanares,35,203.27,2,533,0.4,Colima,Economic,High Risk
124,Gilberto Ramírez,41,79.93,7,548,0.3,Guanajuato,Economic,High Risk
125,María Luisa Botello,53,94.82,30,522,0.43,Morelos,Economic,High Risk
126,Luis Manuel Porfirio Guerrero,44,,7,536,0.36,Tabasco,Economic,High Risk
127,Lic. Joaquín Gaona,40,271.47,15,601,0.12,Yucatán,Economic,High Risk
128,César Porfirio Méndez Alcaraz,36,403.75,9,674,0.32,Tamaulipas,Economic,Medium Risk
129,Julio Joaquín Loya Colunga,67,100.55,2,650,0.33,Chiapas,Economic,Medium Risk
130,Flavio Bahena,52,96.37,14,627,0.59,Guanajuato,Economic,High Risk
131,Cristobal Fidel Padrón Alcántar,22,390.51,0,521,0.28,Colima,Economic,High Risk
132,Jos Rodrigo Ceja,53,436.45,19,550,0.12,Yucatán,Economic,High Risk
133,Georgina Sara Chapa Ruiz,29,367.7,0,618,0.42,Campeche,Economic,High Risk
134,Raquel Linda Mares Baeza,48,152.41,4,637,0.28,Durango,Economic,High Risk
135,María Eugenia Trejo Lucio,57,90.63,2,578,0.45,Tamaulipas,Economic,High Risk
136,Ana Rosa Adame,28,309.55,9,656,0.4,Colima,Economic,Medium Risk
137,Jerónimo Fernando Juárez,34,129.08,7,533,0.55,Campeche,Economic,High Risk
138,Lic. Jaime Loya,46,213.03,0,644,0.46,Durango,Economic,High Risk
139,Dr. Gilberto Luevano,49,190.23,25,510,0.5,Querétaro,Economic,High Risk
140,Joaquín Modesto Pérez Esparza,68,253.71,15,615,0.37,Baja California Sur,Economic,High Risk
141,Srita. Eugenia Ozuna,54,138.78,26,602,0.53,Chihuahua,Economic,High Risk
142,Anabel Serrano,51,237.95,22,567,0.19,Baja California Sur,Economic,High Risk
143,Lic. Minerva Tórrez,69,96.5,27,660,0.49,Baja California Sur,Economic,Medium Risk
144,Vicente Fernando Meza Carranza,48,156.97,9,600,0.42,Baja California Sur,Economic,High Risk
145,Guadalupe Montaño,59,224.73,8,551,0.52,Sonora,Economic,High Risk
146,Isabela Salma Valle Benítez,21,161.76,0,635,0.52,Campeche,Economic,High Risk
147,Cynthia Sotelo,64,146.93,24,514,0.31,Campeche,Economic,High Risk
148,Andrés Julio Véliz,23,206.19,3,655,0.17,Nuevo León,Economic,Medium Risk
149,Benjamín Martín Ornelas Ontiveros,64,245.28,39,587,0.57,Durango,Economic,High Risk
150,Dra. Hilda Valencia,67,158.72,29,597,0.55,Yucatán,Economic,High Risk
151,Blanca Segovia Cervantes,70,,10,592,0.27,Colima,Economic,High Risk
152,Mariana Partida Nevárez,61,305.14,2,660,0.37,Campeche,Economic,Medium Risk
153,Armando Zapata Roybal,31,271.47,6,600,0.29,Durango,Economic,High Risk
154,Ramón Maximiliano Lucio Meza,44,479.76,15,601,0.41,Sinaloa,Economic,High Risk
155,Ing. Josefina Pérez,26,227.99,3,657,0.47,Quintana Roo,Economic,Medium Risk
156,Zoé Martínez Peña,41,307.25,1,613,0.26,Guerrero,Economic,High Risk
157,Eugenia Adela Ledesma,54,270.21,27,677,0.22,Aguascalientes,Economic,Medium Risk
158,Karla Patricia Salcedo Muñiz,30,138.42,4,651,0.45,Nuevo León,Economic,Medium Risk
159,Srita. Itzel García,30,151.88,3,609,0.13,México,Economic,High Risk
160,Juan Uriel Henríquez Rodarte,34,285.08,11,567,0.28,Aguascalientes,Economic,High Risk
161,Carla Vásquez,54,167.82,22,610,0.58,Durango,Economic,High Risk
162,Dra. Olga Ortega,21,89.87,1,654,0.55,Zacatecas,Economic,Medium Risk
163,Clara Abril Godoy,25,254.19,4,544,0.37,Tlaxcala,Economic,High Risk
164,Inés Bahena,57,300.91,27,578,0.52,Michoacán de Ocampo,Economic,High Risk
165,Felix Serafín Saavedra,59,267.28,1,593,0.26,Tamaulipas,Economic,High Risk
166,Iván Bernal,36,134.27,6,632,0.13,Quintana Roo,Economic,High Risk
167,Alejandro Gilberto Cordero Paredes,27,151.47,0,645,0.31,Tlaxcala,Economic,High Risk
168,Abelardo Cedillo Valladares,70,161.32,20,513,0.36,Sonora,Economic,High Risk
169,Srita. Natalia Tejada,24,222.42,2,660,0.36,San Luis Potosí,Economic,Medium Risk
170,Rufino Timoteo Jaramillo,38,242.92,5,575,0.21,Guerrero,Economic,High Risk
171,Blanca Virginia Zambrano Espinosa,56,265.77,12,561,0.28,San Luis Potosí,Economic,High Risk
172,Mercedes Lilia Contreras Sepúlveda,30,145.54,0,661,0.38,Baja California,Economic,Medium Risk
173,Judith Bustos Salinas,24,171.6,1,565,0.13,Tamaulipas,Economic,High Risk
174,Ofelia Micaela Hernandes,53,341.98,3,501,0.35,Jalisco,Economic,High Risk
175,Srita. Mariana Barreto,37,419.81,11,637,0.49,Nayarit,Economic,High Risk
176,José Eduardo Cuellar,64,128.04,14,560,0.27,Aguascalientes,Economic,High Risk
177,José Luis Aurelio Berríos,26,385.69,1,622,0.18,Hidalgo,Economic,High Risk
178,Ariadna Quezada Malave,41,239.68,14,639,0.33,Distrito Federal,Economic,High Risk
179,Lic. Laura Badillo,70,336.02,15,640,0.44,México,Economic,High Risk
180,Elisa Marisela Cordero Alva,60,352.34,33,662,0.43,Chihuahua,Economic,Medium Risk
181,Ing. Mitzy Cabrera,57,357.73,25,561,0.25,Oaxaca,Economic,High Risk
182,Eric Gustavo Barrientos,62,168.88,5,539,0.41,Nuevo León,Economic,High Risk
183,Elvia Luevano,61,276.91,18,518,0.25,Durango,Economic,High Risk
184,Olga Puente,57,156.77,39,664,0.19,Yucatán,Economic,Medium Risk
185,Andrés Jáquez,39,131.17,13,599,0.41,Distrito Federal,Economic,High Risk
186,Rodolfo Mario Molina Solís,67,171.18,10,522,0.36,Campeche,Economic,High Risk
187,Jacobo Roberto Carbajal Yáñez,46,360.24,22,653,0.24,Michoacán de Ocampo,Economic,Medium Risk
188,Lic. Reina Carrión,62,420.81,29,551,0.49,Tabasco,Economic,High Risk
189,Sra. Marisela Gamez,70,185.12,29,590,0.18,Sonora,Economic,High Risk
190,Héctor Darío Sáenz,36,319.01,11,609,0.31,Veracruz de Ignacio de la Llave,Economic,High Risk
191,Vanesa Tafoya Sanabria,30,164.71,9,660,0.54,Campeche,Economic,Medium Risk
192,Srita. Cynthia Ramírez,26,267.21,0,663,0.18,Querétaro,Economic,Medium Risk
193,Lucas Villarreal,30,179.95,1,510,0.27,Guanajuato,Economic,High Risk
194,Susana Zúñiga Trejo,38,292.9,10,664,0.51,Tabasco,Economic,Medium Risk
195,Barbara Tejeda,53,236.22,20,615,0.15,Quintana Roo,Economic,High Risk
196,Srita. Georgina Flórez,38,125.66,6,546,0.42,Nuevo León,Economic,High Risk
197,Claudio Almanza,21,152.69,0,630,0.32,Distrito Federal,Economic,High Risk
198,Sr. Oswaldo Lozada,59,183.48,29,573,0.23,Durango,Economic,High Risk
199,Wendolin Rodríquez,59,132.5,14,667,0.37,Guanajuato,Economic,Medium Risk
200,Dr. Teodoro Toledo,55,179.26,29,512,0.2,Oaxaca,Economic,High Risk
201,Liliana María del Carmen Arreola Villalpando,55,176.77,34,659,0.59,Coahuila de Zaragoza,Economic,Medium Risk
202,Leonardo Alberto Solano Jurado,69,308.11,31,601,0.51,Guerrero,Economic,High Risk
203,Sr. Emilio Corral,42,126.21,16,568,0.36,Jalisco,Economic,High Risk
204,Socorro Villaseñor,48,,13,512,0.11,Jalisco,Economic,High Risk
205,Carlos Tello,46,326.19,21,579,0.29,Sinaloa,Economic,High Risk
206,Claudio Rubén Valle,40,273.79,12,645,0.27,México,Economic,High Risk
207,Georgina Juana Marrero,27,229.23,0,633,0.52,Colima,Economic,High Risk
208,Tomás Adalberto Sosa,28,220.33,4,663,0.2,Coahuila de Zaragoza,Economic,Medium Risk
209,Ramiro Valenzuela,30,197.39,1,598,0.21,Nuevo León,Economic,High Risk
210,Ing. Abigail Llamas,52,147.07,0,593,0.13,Puebla,Economic,High Risk
211,Germán Merino Gaytán,23,136.96,1,524,0.37,Zacatecas,Economic,High Risk
212,Srita. Úrsula Hidalgo,63,136.53,9,549,0.21,Tamaulipas,Economic,High Risk
213,Ing. Rufino Rosario,29,442.75,7,526,0.21,Chihuahua,Economic,High Risk
214,Elisa Bernal Camacho,30,242.39,1,649,0.23,Baja California Sur,Economic,High Risk
215,Sra. Antonia Canales,50,123.38,17,562,0.59,San Luis Potosí,Economic,High Risk
216,Augusto Rodríquez,43,265.74,0,509,0.49,Quintana Roo,Economic,High Risk
217,Eugenio Francisco Vergara,39,111.95,13,647,0.35,Durango,Economic,High Risk
218,Isabel Perla Jaimes Molina,24,212.5,2,615,0.55,Morelos,Economic,High Risk
219,Lic. Gloria Briseño,32,360.76,7,621,0.59,Guerrero,Economic,High Risk
220,Ramiro Morales,54,195.88,14,648,0.23,Tamaulipas,Economic,High Risk
221,Héctor Velázquez,43,345.82,1,595,0.57,Tlaxcala,Economic,High Risk
222,Enrique Miguel Negrón Sisneros,52,383.52,13,620,0.11,Tamaulipas,Economic,High Risk
223,Alma Valdés Santana,36,218.38,4,565,0.38,Chiapas,Economic,High Risk
224,Carlota Collado Esquivel,49,480.31,24,599,0.58,Yucatán,Economic,High Risk
225,Óscar Flórez Cano,30,358.07,8,640,0.23,Jalisco,Economic,High Risk
226,Lic. Esteban Saiz,55,186.84,20,578,0.38,Tlaxcala,Economic,High Risk
227,Alma Ulibarri,54,256.78,27,505,0.45,Baja California,Economic,High Risk
228,Yolanda Micaela Macías Muñoz,56,549.53,25,640,0.12,Tamaulipas,Economic,High Risk
229,José Alemán,29,371.01,4,650,0.4,Distrito Federal,Economic,Medium Risk
230,Silvano Espartaco Macías,56,397.93,8,559,0.32,San Luis Potosí,Economic,High Risk
231,Estefanía Muñiz,65,162.86,23,527,0.29,Yucatán,Economic,High Risk
232,Lic. Guillermo Sauceda,61,128.85,21,514,0.45,Baja California,Economic,High Risk
233,Dulce María Meraz Cotto,40,165.82,3,649,0.46,Colima,Economic,High Risk
234,Florencia Villa,43,433.66,0,540,0.47,Jalisco,Economic,High Risk
235,Ignacio Salgado Collazo,36,529.63,10,570,0.5,San Luis Potosí,Economic,High Risk
236,Lorenzo Julio César Suárez,26,225.67,1,654,0.45,Sinaloa,Economic,Medium Risk
237,Zoé Silvia Colunga,33,181.25,3,543,0.43,Tabasco,Economic,High Risk
238,Alberto Rubio,48,205.49,7,554,0.6,Aguascalientes,Economic,High Risk
239,Mario Guillen Saucedo,21,164.09,2,677,0.25,Aguascalientes,Economic,Medium Risk
240,Lic. Héctor Ruiz,25,565.45,0,639,0.39,San Luis Potosí,Economic,High Risk
241,Karla Estévez,42,238.93,10,622,0.27,Veracruz de Ignacio de la Llave,Economic,High Risk
242,José Emilio Corrales,32,157.8,1,502,0.47,Zacatecas,Economic,High Risk
243,Sra. Nayeli Rivas,39,174.83,1,618,0.4,Yucatán,Economic,High Risk
244,Nayeli Juana Vélez,50,110.91,21,670,0.16,Jalisco,Economic,Medium Risk
245,Miriam Luna,68,292.01,3,630,0.46,Morelos,Economic,High Risk
246,Rodrigo Jaimes Caldera,21,217.03,0,549,0.47,Tlaxcala,Economic,High Risk
247,Hugo Gálvez,31,139.31,0,615,0.53,Querétaro,Economic,High Risk
248,Dr. Ricardo Villarreal,69,291.09,24,569,0.33,Michoacán de Ocampo,Economic,High Risk
249,Leticia Fonseca,43,328.32,14,535,0.23,Morelos,Economic,High Risk
250,Genaro Borrego Espinosa,53,429.81,12,516,0.25,México,Economic,High Risk
251,Lourdes Casares Tejada,70,121.17,23,557,0.22,Morelos,Economic,High Risk
252,Irma Miranda Luna,35,184.5,9,579,0.49,Nuevo León,Economic,High Risk
253,Adalberto Humberto Nieto Alvarez,58,128.3,6,652,0.41,Hidalgo,Economic,Medium Risk
254,Lic. José Emilio Bétancourt,59,,1,507,0.51,Nuevo León,Economic,High Risk
255,Wilfrido Hidalgo,43,258.75,14,537,0.29,Colima,Economic,High Risk
256,Sessa Luz Pedroza,50,139.35,15,627,0.2,Quintana Roo,Economic,High Risk
257,Adela Hilda Cepeda Vázquez,59,280.07,17,512,0.56,Yucatán,Economic,High Risk
258,Francisca Velásquez Ceja,48,220.35,12,631,0.59,Guerrero,Economic,High Risk
259,José Manuél Ordóñez,46,176.71,19,608,0.23,Chihuahua,Economic,High Risk
260,Elisa Huerta,32,435.11,9,583,0.4,Sinaloa,Economic,High Risk
261,Dra. Rocío Olivo,25,188.29,0,636,0.31,Veracruz de Ignacio de la Llave,Economic,High Risk
262,Emiliano Uriel Galarza Rivero,58,243.2,15,632,0.55,Sonora,Economic,High Risk
263,Ariadna Olmos,61,328.92,40,511,0.41,Yucatán,Economic,High Risk
264,Felipe Modesto Acosta Patiño,53,189.0,13,592,0.33,Quintana Roo,Economic,High Risk
265,Srita. Rosario Orosco,34,123.31,5,637,0.49,Sonora,Economic,High Risk
266,Vicente Humberto Montaño Márquez,65,105.63,20,507,0.46,Baja California,Economic,High Risk
267,Francisco Apodaca Barraza,55,465.45,1,603,0.43,Morelos,Economic,High Risk
268,Marcos Pedro Botello,39,134.7,16,659,0.15,Baja California,Economic,Medium Risk
269,Lic. Dulce María Rincón,35,181.58,8,583,0.15,Colima,Economic,High Risk
270,Reina Pineda,49,157.72,8,639,0.58,Hidalgo,Economic,High Risk
271,Graciela Tamez Esparza,35,315.3,9,518,0.24,Coahuila de Zaragoza,Economic,High Risk
272,Víctor Barajas,47,143.18,26,653,0.4,Jalisco,Economic,Medium Risk
273,Benjamín Aparicio Luevano,27,274.78,3,657,0.11,Coahuila de Zaragoza,Economic,Medium Risk
274,Ing. Hugo Vásquez,66,169.83,30,660,0.18,Chiapas,Economic,Medium Risk
275,Juan Mojica Romo,57,252.58,16,591,0.42,Campeche,Economic,High Risk
276,José Carlos Lorenzo Matías,28,283.74,2,581,0.47,Nayarit,Economic,High Risk
277,Ing. Antonio Mejía,64,195.78,39,658,0.55,Nayarit,Economic,Medium Risk
278,José Carlos Nicolás Meza Barrera,36,222.78,11,518,0.14,Quintana Roo,Economic,High Risk
279,Julio César Casas,34,187.41,2,613,0.32,Sinaloa,Economic,High Risk
280,Alejandro Ávalos,61,180.34,2,605,0.38,Guerrero,Economic,High Risk
281,Ing. Lucía Rolón,48,161.4,24,613,0.42,Veracruz de Ignacio de la Llave,Economic,High Risk
282,Nicolás Fidel Ávalos Holguín,70,374.53,49,582,0.27,San Luis Potosí,Economic,High Risk
283,Gustavo Humberto Montes,23,291.81,0,649,0.5,Morelos,Economic,High Risk
284,Magdalena Montenegro,27,266.58,2,556,0.37,Yucatán,Economic,High Risk
285,Ing. José Carlos Calvillo,65,109.77,15,612,0.4,Jalisco,Economic,High Risk
286,Darío Godínez,51,203.95,19,558,0.27,Zacatecas,Economic,High Risk
287,Sra. Amalia Garza,32,217.28,10,593,0.27,Sinaloa,Economic,High Risk
288,Claudia Nadia Aguilera Mondragón,49,93.02,19,581,0.57,Baja California Sur,Economic,High Risk
289,Daniela Margarita Crespo Benítez,48,221.35,5,613,0.29,Colima,Economic,High Risk
290,Dr. Silvano Rubio,70,235.11,22,564,0.58,Nayarit,Economic,High Risk
291,Carlota Graciela Armas Prado,36,109.94,11,518,0.56,Distrito Federal,Economic,High Risk
292,Martín Rosas Marín,60,398.78,31,658,0.12,Quintana Roo,Economic,Medium Risk
293,Jonás Omar Burgos,46,414.38,19,651,0.4,Aguascalientes,Economic,Medium Risk
294,Miguel Nicolás Adame Alemán,50,258.98,24,547,0.48,Sinaloa,Economic,High Risk
295,Reynaldo Santana,37,194.49,11,535,0.28,Hidalgo,Economic,High Risk
296,Porfirio Palacios Oquendo,31,225.94,7,670,0.38,Sonora,Economic,Medium Risk
297,Marcela Lebrón,38,326.14,15,524,0.23,Guanajuato,Economic,High Risk
298,Ruby Carmen Rubio Figueroa,21,259.4,0,585,0.14,San Luis Potosí,Economic,High Risk
299,Israel Delgadillo Tapia,33,174.82,10,551,0.17,Quintana Roo,Economic,High Risk
300,Alberto Rodolfo Brito Fierro,28,192.27,3,502,0.51,Zacatecas,Economic,High Risk
301,Camilo Salvador Chacón Salcedo,40,153.06,11,642,0.49,Sinaloa,Economic,High Risk
302,Lic. Mónica Aranda,56,274.11,1,679,0.41,Morelos,Economic,Medium Risk
303,Josefina Mendoza,54,329.06,22,546,0.52,Guanajuato,Economic,High Risk
304,Ing. Miguel Cabrera,48,,25,514,0.2,Jalisco,Economic,High Risk
305,Dra. Leticia Prado,63,263.41,32,529,0.33,México,Economic,High Risk
306,Clemente Ontiveros Barrera,40,203.04,17,532,0.27,Colima,Economic,High Risk
307,Blanca Anaya,69,191.08,44,672,0.27,Guanajuato,Economic,Medium Risk
308,Santiago Cardenas,31,49.36,1,532,0.5,Nuevo León,Economic,High Risk
309,Humberto Ortiz,27,221.17,0,531,0.4,Nayarit,Economic,High Risk
310,Dra. Wendolin Olivárez,33,341.08,6,598,0.12,Veracruz de Ignacio de la Llave,Economic,High Risk
311,Manuel Adalberto Verduzco,42,230.2,9,675,0.47,Yucatán,Economic,Medium Risk
312,Enrique Ramiro Zúñiga,43,372.53,12,675,0.54,Zacatecas,Economic,Medium Risk
313,Eduardo Ramón Farías,25,347.28,4,583,0.37,Colima,Economic,High Risk
314,Elias Galván,28,353.53,2,596,0.49,Yucatán,Economic,High Risk
315,Dulce María Venegas,40,277.64,4,551,0.27,Aguascalientes,Economic,High Risk
316,Dr. Mateo Núñez,41,86.5,15,656,0.16,Sinaloa,Economic,Medium Risk
317,Norma Ruby Quiñónez,41,204.08,9,668,0.48,México,Economic,Medium Risk
318,Ing. Rosalia Cortés,39,98.01,2,676,0.13,Aguascalientes,Economic,Medium Risk
319,Wilfrido Malave,30,171.12,1,582,0.58,Sinaloa,Economic,High Risk
320,Verónica Mercedes Tello Casárez,23,278.09,0,597,0.17,Baja California,Economic,High Risk
321,Sr. Modesto Godoy,48,206.77,18,656,0.19,Michoacán de Ocampo,Economic,Medium Risk
322,Salma Villagómez,24,692.17,4,518,0.44,Oaxaca,Economic,High Risk
323,Felipe Santiago Ortiz Juárez,60,160.41,32,544,0.59,Yucatán,Economic,High Risk
324,Pablo Diego Márquez Mena,65,116.88,3,646,0.2,Morelos,Economic,High Risk
325,Lic. Abelardo Urrutia,46,165.88,20,617,0.35,Quintana Roo,Economic,High Risk
326,Araceli Alejandra Viera Moya,54,222.74,19,551,0.38,Oaxaca,Economic,High Risk
327,Lic. Rebeca Arguello,41,481.57,13,507,0.47,Sonora,Economic,High Risk
328,Tomás Rubio Merino,22,163.77,0,657,0.27,Puebla,Economic,Medium Risk
329,Salma Baca Tirado,62,145.41,16,658,0.19,Nuevo León,Economic,Medium Risk
330,Perla Elvia Lira,38,109.22,10,649,0.23,Oaxaca,Economic,High Risk
331,Gabriela Alejandra Pineda Borrego,45,171.8,26,583,0.35,Aguascalientes,Economic,High Risk
332,Aldo Guillermo del Valle,32,274.0,3,600,0.51,Guerrero,Economic,High Risk
333,Leonel Uribe,26,145.59,1,619,0.11,Tabasco,Economic,High Risk
334,Lic. Elena Loya,34,228.44,7,667,0.51,Durango,Economic,Medium Risk
335,Gilberto Bruno Flores,56,243.68,13,543,0.56,Quintana Roo,Economic,High Risk
336,Vanesa Pedraza,42,492.93,12,616,0.49,Querétaro,Economic,High Risk
337,María del Carmen Teresa Castellanos,44,399.51,21,643,0.27,Distrito Federal,Economic,High Risk
338,Humberto Castellanos,40,537.4,13,562,0.48,Chiapas,Economic,High Risk
339,María Fernández,69,154.48,46,588,0.59,Zacatecas,Economic,High Risk
340,Jaime Pascual Trujillo Zayas,65,542.49,19,520,0.22,Chihuahua,Economic,High Risk
341,Barbara de la Fuente de la Crúz,37,190.82,6,550,0.21,Coahuila de Zaragoza,Economic,High Risk
342,Delia Ledesma,41,96.44,6,643,0.41,Nuevo León,Economic,High Risk
343,Sr. Alejandro Serrato,27,143.66,1,593,0.44,Baja California Sur,Economic,High Risk
344,Enrique Galindo Rodríquez,24,678.42,0,566,0.35,Chihuahua,Economic,High Risk
345,Héctor Rodolfo Tirado Mendoza,49,521.48,17,533,0.11,Campeche,Economic,High Risk
346,Lic. Amelia Meléndez,35,354.95,1,653,0.51,Jalisco,Economic,Medium Risk
347,Sr. Bernabé Puga,34,269.17,7,680,0.3,Distrito Federal,Economic,Medium Risk
348,Ing. Ariadna Caballero,56,427.51,12,671,0.21,Guanajuato,Economic,Medium Risk
349,Lic. Soledad Arias,37,305.12,6,521,0.13,Oaxaca,Economic,High Risk
350,Elsa Vallejo,61,100.13,38,593,0.52,Baja California,Economic,High Risk
351,Lic. Esperanza de la Garza,31,250.67,2,516,0.27,Baja California Sur,Economic,High Risk
352,Elena Guadalupe Angulo,26,198.39,3,586,0.38,México,Economic,High Risk
353,Fernando Cordero Abreu,70,368.29,14,627,0.11,Morelos,Economic,High Risk
354,Karla Ríos Monroy,66,176.1,1,583,0.42,Baja California Sur,Economic,High Risk
355,Itzel Lucía Madrigal,35,331.61,5,651,0.46,Chihuahua,Economic,Medium Risk
356,Dra. Ilse Solorzano,43,288.98,20,617,0.49,Coahuila de Zaragoza,Economic,High Risk
357,Tomás Omar Adame Jaimes,21,288.47,0,545,0.32,Morelos,Economic,High Risk
358,Marcos Anguiano,33,155.34,9,631,0.45,Yucatán,Economic,High Risk
359,Elias Horacio Corrales,32,304.07,9,520,0.56,Nayarit,Economic,High Risk
360,Cornelio Orosco Galván,34,297.56,4,590,0.49,Veracruz de Ignacio de la Llave,Economic,High Risk
361,Vicente Bernardo Cepeda,49,213.76,18,676,0.52,Querétaro,Economic,Medium Risk
362,Martín Valenzuela Avilés,21,105.27,3,633,0.39,Yucatán,Economic,High Risk
363,Cristobal Lucio,61,246.51,30,563,0.21,Guanajuato,Economic,High Risk
364,Jaime Padilla,37,132.97,1,670,0.12,Colima,Economic,Medium Risk
365,Sra. Esther Corral,66,134.43,2,590,0.31,Chiapas,Economic,High Risk
366,Teresa Delgado,27,161.76,0,673,0.37,San Luis Potosí,Economic,Medium Risk
367,Ing. Juana Llamas,28,97.41,5,664,0.16,Baja California,Economic,Medium Risk
368,Leonor Esther Flores,29,166.54,2,509,0.19,Colima,Economic,High Risk
369,Isaac Munguía Mora,32,334.26,1,645,0.12,Sonora,Economic,High Risk
370,Israel Moya,62,,23,622,0.47,Guanajuato,Economic,High Risk
371,Carla Madrigal Lemus,39,122.22,18,552,0.11,Tamaulipas,Economic,High Risk
372,Judith Amelia Cornejo Tórrez,64,220.28,13,677,0.3,Morelos,Economic,Medium Risk
373,Mercedes Marcela Carrera,70,285.87,4,677,0.33,Tabasco,Economic,Medium Risk
374,Itzel Nájera Carrero,44,121.69,8,591,0.31,Baja California,Economic,High Risk
375,Marisela Peralta,60,263.78,22,620,0.45,Tabasco,Economic,High Risk
376,Ing. Emilio Gamez,69,229.76,36,564,0.38,Michoacán de Ocampo,Economic,High Risk
377,Abraham Felipe Barela Sisneros,29,531.91,5,517,0.54,Hidalgo,Economic,High Risk
378,Susana Inés Zavala,41,500.09,6,633,0.3,Querétaro,Economic,High Risk
379,Marisol de Anda Escobar,69,368.41,18,586,0.3,Baja California,Economic,High Risk
380,Gabino Isaac Orellana,65,255.95,13,566,0.11,Baja California,Economic,High Risk
381,Dr. Cristobal Feliciano,28,355.85,0,564,0.44,Puebla,Economic,High Risk
382,Eugenia Merino,56,239.2,24,660,0.54,Quintana Roo,Economic,Medium Risk
383,Emilio Nazario Zedillo,43,189.76,3,606,0.15,Yucatán,Economic,High Risk
384,Zoé Lebrón,67,160.63,7,615,0.54,San Luis Potosí,Economic,High Risk
385,María del Carmen Berríos,51,180.92,20,647,0.48,Yucatán,Economic,High Risk
386,Federico Víctor Tapia Orellana,26,269.72,1,543,0.46,Morelos,Economic,High Risk
387,Esther Karina Benítez Alvarez,26,170.67,5,595,0.55,Chihuahua,Economic,High Risk
388,Beatriz Mayorga,70,501.08,41,538,0.39,México,Economic,High Risk
389,Débora Rincón Nava,59,173.05,25,603,0.2,Oaxaca,Economic,High Risk
390,Olga Hernandes Quiroz,64,282.8,39,679,0.36,Baja California,Economic,Medium Risk
391,María Eugenia Abril Quintero Sandoval,23,117.29,3,581,0.52,Querétaro,Economic,High Risk
392,Angélica Rosalia Camarillo de la Rosa,52,301.96,5,645,0.22,Querétaro,Economic,High Risk
393,Ofelia Celia Carrero Ferrer,37,276.82,3,502,0.36,Baja California Sur,Economic,High Risk
394,Rufino Villagómez,36,204.5,1,523,0.32,Yucatán,Economic,High Risk
395,Ing. Héctor Juárez,66,108.64,42,511,0.3,Coahuila de Zaragoza,Economic,High Risk
396,Sr. Gerónimo de la O,51,112.07,3,614,0.57,Tamaulipas,Economic,High Risk
397,María Rivera,70,276.57,38,651,0.33,Tamaulipas,Economic,Medium Risk
398,Víctor Gregorio Garay de la Crúz,29,262.83,2,506,0.5,Nuevo León,Economic,High Risk
399,Karina Marisol Cardenas,56,328.41,27,578,0.41,Quintana Roo,Economic,High Risk
400,Sra. Sessa Holguín,63,149.53,22,507,0.59,Morelos,Economic,High Risk
401,Jacinto Muñiz,64,157.73,30,604,0.18,San Luis Potosí,Economic,High Risk
402,Ing. Bianca Garica,24,380.85,0,567,0.56,Chihuahua,Economic,High Risk
403,Dulce Carolina Véliz Tafoya,31,337.24,3,504,0.53,Campeche,Economic,High Risk
404,Conchita Mejía,60,346.99,4,595,0.26,Querétaro,Economic,High Risk
405,Gerardo René Guerra Zayas,61,200.82,1,558,0.57,Baja California Sur,Economic,High Risk
406,Iván Villarreal Rosado,39,271.77,14,501,0.15,Sonora,Economic,High Risk
407,Lucía Aldonza Rodarte,60,167.05,33,590,0.52,Tlaxcala,Economic,High Risk
408,Fernando Sosa,63,388.64,23,527,0.1,Oaxaca,Economic,High Risk
409,Reina Ana María Perales Benavides,35,83.37,3,655,0.21,Zacatecas,Economic,Medium Risk
410,Dulce María Valles,29,341.87,3,652,0.55,Morelos,Economic,Medium Risk
411,Rufino Pulido Longoria,25,136.86,4,609,0.32,Zacatecas,Economic,High Risk
412,Dra. Carolina Tamez,53,160.88,19,634,0.52,Nayarit,Economic,High Risk
413,Abigail Micaela Noriega,39,178.0,1,514,0.46,Oaxaca,Economic,High Risk
414,Guillermina Leonor Lovato Rael,35,102.1,9,512,0.28,Nayarit,Economic,High Risk
415,Dalia Mitzy Ceja,42,214.88,17,671,0.49,Nayarit,Economic,Medium Risk
416,Asunción Elvira de la Torre Cruz,61,386.11,22,596,0.35,Chiapas,Economic,High Risk
417,Hugo Chávez Patiño,62,207.91,18,547,0.21,Michoacán de Ocampo,Economic,High Risk
418,Miguel Ángel Chávez Espinosa,23,172.11,0,504,0.32,Coahuila de Zaragoza,Economic,High Risk
419,Sra. Nelly Angulo,31,273.21,1,510,0.56,Quintana Roo,Economic,High Risk
420,Alejandro Hernán Frías Brito,38,122.27,10,529,0.25,Aguascalientes,Economic,High Risk
421,Ángel Lugo,70,229.9,33,593,0.35,Distrito Federal,Economic,High Risk
422,Abraham Orellana,70,676.96,14,676,0.33,Colima,Economic,Medium Risk
423,Rocío Dulce Sáenz,56,194.26,27,533,0.12,Colima,Economic,High Risk
424,Wendolin Dolores Gutiérrez Salas,34,507.15,7,619,0.33,Morelos,Economic,High Risk
425,Aldonza Lovato Montenegro,34,,7,617,0.42,Puebla,Economic,High Risk
426,Mateo Gálvez Sepúlveda,51,,1,614,0.34,Morelos,Economic,High Risk
427,Sr. Mauro Fajardo,49,173.99,5,553,0.43,Nayarit,Economic,High Risk
428,Emilio Matías,28,163.78,5,642,0.53,Oaxaca,Economic,High Risk
429,Ing. Alonso Navarro,54,210.95,15,680,0.47,Chiapas,Economic,Medium Risk
430,Modesto Camilo Quiñónez Mesa,23,208.54,0,550,0.21,Sonora,Economic,High Risk
431,Andrés Isaac Escobar,59,128.62,35,506,0.12,Hidalgo,Economic,High Risk
432,Octavio Fernando Guevara Menchaca,42,146.67,17,522,0.5,Baja California Sur,Economic,High Risk
433,Rosario Rico Estrada,60,146.73,21,615,0.53,Hidalgo,Economic,High Risk
434,Pamela Marisol Peres,28,291.21,2,665,0.14,México,Economic,Medium Risk
435,Lic. Alicia Cervantes,32,159.94,0,653,0.5,Puebla,Economic,Medium Risk
436,Ignacio Robles Villegas,70,185.11,20,627,0.12,Distrito Federal,Economic,High Risk
437,Ing. Carolina Delgado,43,,17,639,0.39,Hidalgo,Economic,High Risk
438,Leticia Prado,26,196.11,1,578,0.57,Sinaloa,Economic,High Risk
439,María Elena Indira Márquez,50,244.08,27,588,0.5,Quintana Roo,Economic,High Risk
440,Noemí Carmen de la O,61,,30,651,0.15,Distrito Federal,Economic,Medium Risk
441,Irma Adriana Cabán Santana,43,242.72,12,512,0.45,Colima,Economic,High Risk
442,Natividad Hilda Arriaga,31,412.99,6,577,0.14,Baja California Sur,Economic,High Risk
443,Diego Vicente Manzanares,51,290.16,28,587,0.6,Guerrero,Economic,High Risk
444,Víctor Acuña,48,213.63,23,504,0.45,Nayarit,Economic,High Risk
445,Srita. María Elena Collazo,63,125.27,18,505,0.59,Aguascalientes,Economic,High Risk
446,Catalina Padilla,21,347.76,1,633,0.41,Baja California Sur,Economic,High Risk
447,Irma Farías,21,196.92,0,649,0.28,Nuevo León,Economic,High Risk
448,Anabel Tapia,39,183.56,7,680,0.11,Puebla,Economic,Medium Risk
449,Daniela Mondragón,65,307.7,9,586,0.41,San Luis Potosí,Economic,High Risk
450,Vicente Nieto,46,169.66,12,518,0.4,Chiapas,Economic,High Risk
451,Ernesto Vicente Vásquez,65,224.25,29,663,0.34,Chihuahua,Economic,Medium Risk
452,Norma Rosalia Mejía,57,285.9,28,659,0.49,Tamaulipas,Economic,Medium Risk
453,Flavio Alejandro,69,139.57,10,584,0.43,Quintana Roo,Economic,High Risk
454,Marcela Ruelas Holguín,27,88.98,3,680,0.15,Baja California,Economic,Medium Risk
455,Abel Germán Mesa Henríquez,61,378.2,35,590,0.16,Nuevo León,Economic,High Risk
456,Verónica Rosales,24,,1,521,0.51,Aguascalientes,Economic,High Risk
457,Srita. Carmen Ordóñez,50,273.69,21,598,0.27,Yucatán,Economic,High Risk
458,Alma Ilse Santacruz,25,314.95,3,659,0.36,Baja California Sur,Economic,Medium Risk
459,Barbara Garica Colunga,49,218.84,9,512,0.46,México,Economic,High Risk
460,Adalberto Ricardo Arreola,68,113.08,8,509,0.44,Yucatán,Economic,High Risk
461,Guillermo Báez Franco,52,201.97,31,570,0.18,Querétaro,Economic,High Risk
462,Sr. Roberto Vanegas,61,138.11,7,577,0.5,Guanajuato,Economic,High Risk
463,Sra. Abigail Aguilar,63,200.71,16,601,0.27,Morelos,Economic,High Risk
464,Mariana Emilia Loya,22,298.64,0,654,0.52,Colima,Economic,Medium Risk
465,René Patiño Sosa,44,281.37,18,513,0.18,Hidalgo,Economic,High Risk
466,Angélica Gastélum Peres,49,463.0,17,502,0.25,Michoacán de Ocampo,Economic,High Risk
467,Roberto Tafoya Cepeda,48,434.86,20,540,0.57,Guerrero,Economic,High Risk
468,María Luisa Aurora Mora,70,265.91,8,624,0.15,Nayarit,Economic,High Risk
469,Alfonso Elias Alonzo,27,196.6,2,679,0.57,Oaxaca,Economic,Medium Risk
470,Sra. Fabiola Urrutia,36,159.7,17,557,0.26,Sonora,Economic,High Risk
471,Ing. Carolina Zarate,40,230.16,11,528,0.23,Michoacán de Ocampo,Economic,High Risk
472,Mariano Mauro Villareal,54,138.28,1,550,0.12,Durango,Economic,High Risk
473,Pilar Cristina Hinojosa Figueroa,53,118.0,3,615,0.57,Hidalgo,Economic,High Risk
474,Indira Estefanía Fajardo,24,144.62,0,563,0.58,San Luis Potosí,Economic,High Risk
475,Bruno Jacobo Díaz,49,309.84,25,626,0.21,Quintana Roo,Economic,High Risk
476,Ing. Ariadna Navarrete,63,242.48,26,578,0.41,Sinaloa,Economic,High Risk
477,Clara Toledo,50,293.87,24,505,0.16,Guerrero,Economic,High Risk
478,Noelia Minerva Rico,35,195.36,10,544,0.26,Jalisco,Economic,High Risk
479,Zoé Saiz Velásquez,31,383.12,8,624,0.5,Jalisco,Economic,High Risk
480,Arcelia Olga Saucedo Armas,27,295.77,4,504,0.47,Sinaloa,Economic,High Risk
481,Miguel Ángel Pabón Valenzuela,59,306.97,17,595,0.18,Chihuahua,Economic,High Risk
482,Srita. Rosario Merino,67,401.41,37,629,0.54,Querétaro,Economic,High Risk
483,Trinidad María Abrego Montañez,34,277.28,1,530,0.55,Tlaxcala,Economic,High Risk
484,Alberto Ramiro Molina,55,221.86,24,653,0.53,Morelos,Economic,Medium Risk
485,Leonardo Palomo,57,110.25,31,669,0.13,Nuevo León,Economic,Medium Risk
486,Pascual Muñoz Vaca,69,153.86,46,679,0.26,Jalisco,Economic,Medium Risk
487,Juan Carlos Alcántar Soto,31,234.34,6,578,0.55,Quintana Roo,Economic,High Risk
488,Alejandro Alcántar Mascareñas,56,228.9,14,678,0.28,Oaxaca,Economic,Medium Risk
489,Gloria Abril Gurule Toro,66,96.97,24,620,0.43,Michoacán de Ocampo,Economic,High Risk
490,Silvia Salas Briones,64,323.9,32,595,0.11,Morelos,Economic,High Risk
491,Ricardo Juan Gamez Gálvez,53,393.51,21,536,0.2,Nuevo León,Economic,High Risk
492,Rocío Valverde Rivas,64,271.56,7,613,0.42,Sinaloa,Economic,High Risk
493,Ing. Gabino Fajardo,49,330.27,23,565,0.58,Oaxaca,Economic,High Risk
494,Rafaél Báez Trujillo,49,382.19,0,591,0.17,Distrito Federal,Economic,High Risk
495,Marisol Merino,37,272.87,0,658,0.27,Baja California,Economic,Medium Risk
496,Norma Nayeli Villarreal Cruz,57,83.99,4,670,0.43,Campeche,Economic,Medium Risk
497,Vicente Covarrubias,60,110.68,23,629,0.52,Quintana Roo,Economic,High Risk
498,Sr. Carlos Arredondo,31,398.14,8,555,0.57,Baja California Sur,Economic,High Risk
499,Juan Carlos Samaniego,59,393.67,30,570,0.51,Guerrero,Economic,High Risk
500,Daniel Federico Medrano,23,448.06,0,619,0.31,Baja California Sur,Economic,High Risk
501,Hernán Espartaco Jimínez,34,318.93,7,554,0.11,Coahuila de Zaragoza,Economic,High Risk
502,Jaime Fernando Peña,33,150.71,7,589,0.13,Oaxaca,Economic,High Risk
503,Ing. Luis Candelaria,30,205.38,0,537,0.52,Sinaloa,Economic,High Risk
504,Gabriela Tejeda,26,360.68,4,639,0.53,Chiapas,Economic,High Risk
505,Cristina Berríos Contreras,25,238.1,1,677,0.44,Quintana Roo,Economic,Medium Risk
506,Rafaél Villaseñor,62,199.15,13,572,0.26,Querétaro,Economic,High Risk
507,Eduardo Ponce,29,160.76,5,546,0.58,Hidalgo,Economic,High Risk
508,Homero Gonzalo Arias,40,,9,526,0.22,Aguascalientes,Economic,High Risk
509,Jaqueline María José Tirado,62,178.99,15,501,0.43,Distrito Federal,Economic,High Risk
510,Yolanda Castañeda Aponte,58,292.65,9,657,0.55,Nayarit,Economic,Medium Risk
511,Arturo Almaraz Alfaro,51,122.76,14,512,0.44,Michoacán de Ocampo,Economic,High Risk
512,Arturo Treviño Pelayo,67,90.78,42,580,0.2,Aguascalientes,Economic,High Risk
513,Sara Julia Bermúdez Jaramillo,60,183.74,33,632,0.41,Coahuila de Zaragoza,Economic,High Risk
514,Estela Ana María Olivas Mejía,62,210.41,38,510,0.12,Zacatecas,Economic,High Risk
515,Lic. Ramiro Mora,49,140.72,6,633,0.29,Chiapas,Economic,High Risk
516,Victoria María Cristina Quiñónez Arteaga,38,171.23,13,547,0.29,Zacatecas,Economic,High Risk
517,Andrés Vergara,62,266.62,37,596,0.53,México,Economic,High Risk
518,Esparta Berta Pedroza,32,325.11,1,500,0.42,Puebla,Economic,High Risk
519,Ing. Leonardo Padrón,59,186.16,36,566,0.36,Baja California Sur,Economic,High Risk
520,Sr. Samuel Cepeda,54,276.9,14,540,0.53,Quintana Roo,Economic,High Risk
521,Martha Luisa Soria,59,525.96,3,598,0.27,Campeche,Economic,High Risk
522,Lic. Margarita Arevalo,33,167.12,12,517,0.23,San Luis Potosí,Economic,High Risk
523,René José María Valles,47,187.45,3,563,0.17,Zacatecas,Economic,High Risk
524,Alma Romo,34,223.02,1,634,0.25,Hidalgo,Economic,High Risk
525,María Elena Rico Cornejo,29,280.34,2,532,0.29,Tamaulipas,Economic,High Risk
526,Martha María Luisa Jiménez,49,198.67,3,630,0.33,México,Economic,High Risk
527,Claudio Fidel Chapa,31,171.03,11,533,0.47,San Luis Potosí,Economic,High Risk
528,Miguel Ángel Téllez,62,433.21,6,626,0.13,Tabasco,Economic,High Risk
529,Alfonso Martín Cervantes Salas,51,180.78,4,600,0.25,Puebla,Economic,High Risk
530,Srita. Amelia Velasco,28,128.09,1,575,0.27,Guerrero,Economic,High Risk
531,Andrea Rebeca Berríos Bonilla,69,,2,677,0.47,San Luis Potosí,Economic,Medium Risk
532,Raquel Mesa Mojica,33,536.36,8,642,0.39,Querétaro,Economic,High Risk
533,Juan Ramón Alonzo Bonilla,32,571.01,3,599,0.55,México,Economic,High Risk
534,Amador Mauro Hernádez Reynoso,52,218.2,14,531,0.46,Coahuila de Zaragoza,Economic,High Risk
535,Mario Ojeda,28,88.44,10,680,0.57,Yucatán,Economic,Medium Risk
536,Berta Negrón,24,262.32,2,586,0.1,Hidalgo,Economic,High Risk
537,Elias Bernabé Nava,66,284.17,16,568,0.27,Nayarit,Economic,High Risk
538,Lic. Ana María Lugo,33,221.53,12,519,0.11,Baja California Sur,Economic,High Risk
539,Francisco Javier Montenegro,52,149.37,29,621,0.17,Sonora,Economic,High Risk
540,Marcos Ernesto Correa Valverde,48,,1,673,0.21,Campeche,Economic,Medium Risk
541,José María Guerra,46,140.7,23,603,0.51,Zacatecas,Economic,High Risk
542,Jorge Luis Eugenio Arce,33,,1,597,0.3,Nayarit,Economic,High Risk
543,Miguel Ángel José Luis Anguiano Alemán,30,173.16,1,536,0.12,Querétaro,Economic,High Risk
544,Graciela Juana Collazo Villa,37,137.77,8,645,0.24,Puebla,Economic,High Risk
545,Anabel Victoria Elizondo,40,172.63,14,650,0.48,Coahuila de Zaragoza,Economic,Medium Risk
546,Dr. Jacobo Acosta,63,531.39,42,638,0.54,Baja California,Economic,High Risk
547,Srita. Fabiola Mota,36,198.76,15,561,0.22,Guerrero,Economic,High Risk
548,Irma Villalobos,70,315.72,0,610,0.24,Guanajuato,Economic,High Risk
549,Óscar José María Guzmán Ríos,22,214.03,1,510,0.5,Sinaloa,Economic,High Risk
550,Timoteo Manuel Pulido Aragón,42,102.53,1,520,0.47,Guanajuato,Economic,High Risk
551,Emilio Enrique Montoya,23,147.06,3,527,0.11,Sonora,Economic,High Risk
552,Arcelia Lemus Jimínez,52,113.97,7,591,0.16,Aguascalientes,Economic,High Risk
553,Diana Noriega,44,275.47,15,508,0.34,Chiapas,Economic,High Risk
554,Lucas Macías,70,203.91,14,540,0.2,Coahuila de Zaragoza,Economic,High Risk
555,Eric Javier Prado Barragán,68,210.39,17,620,0.49,México,Economic,High Risk
556,Ruby Lucero Loera,25,168.88,3,591,0.59,Guanajuato,Economic,High Risk
557,Cristal Trinidad Maldonado,55,266.79,25,655,0.38,Chiapas,Economic,Medium Risk
558,Cynthia Ana Luisa Lugo,23,187.79,1,508,0.5,Campeche,Economic,High Risk
559,Estefanía Ortiz Campos,42,193.31,16,648,0.59,Quintana Roo,Economic,High Risk
560,Antonia Suárez Trujillo,68,111.03,45,662,0.28,Guanajuato,Economic,Medium Risk
561,Maximiliano Ibarra,33,235.23,10,549,0.47,Coahuila de Zaragoza,Economic,High Risk
562,Ing. Carla Naranjo,47,473.64,25,628,0.53,Baja California,Economic,High Risk
563,Elvira Parra,26,576.05,5,620,0.52,Guerrero,Economic,High Risk
564,Fabiola Barbara Perea,65,135.16,20,505,0.29,Chiapas,Economic,High Risk
565,Zacarías Cristobal Regalado,68,124.9,22,577,0.47,Nayarit,Economic,High Risk
566,Ing. Mercedes López,52,132.13,4,639,0.14,México,Economic,High Risk
567,María Cano,47,243.65,9,679,0.4,México,Economic,Medium Risk
568,Lic. Isaac Carrillo,64,88.31,7,610,0.4,Michoacán de Ocampo,Economic,High Risk
569,Lic. Mariano Otero,59,,27,615,0.1,Morelos,Economic,High Risk
570,María Elena Alonso Moya,31,543.65,6,528,0.2,Nayarit,Economic,High Risk
571,Karina Ivonne Tello,47,473.24,11,588,0.51,Quintana Roo,Economic,High Risk
572,Leticia Escamilla Pantoja,55,234.03,19,587,0.23,Durango,Economic,High Risk
573,Ing. Gabriel Irizarry,38,112.12,15,652,0.41,Sinaloa,Economic,Medium Risk
574,Ing. Silvia Rivera,69,123.8,31,628,0.33,Campeche,Economic,High Risk
575,Lic. Darío Mesa,62,210.64,12,607,0.55,Tlaxcala,Economic,High Risk
576,Julio Benito Ayala,36,333.81,0,585,0.25,Puebla,Economic,High Risk
577,Adriana Molina,43,161.93,21,660,0.36,Oaxaca,Economic,Medium Risk
578,Caridad Castillo Carrera,56,237.7,0,597,0.25,Quintana Roo,Economic,High Risk
579,Arcelia Carmona Marrero,49,272.71,5,579,0.4,Chiapas,Economic,High Risk
580,Esmeralda Jaqueline Arevalo Cordero,35,239.87,3,522,0.4,Aguascalientes,Economic,High Risk
581,Dr. Mauro Mateo,37,216.99,6,594,0.37,Zacatecas,Economic,High Risk
582,Srita. María Elena Dueñas,59,186.98,7,500,0.14,Querétaro,Economic,High Risk
583,Bruno Adán Cabán,70,147.5,21,608,0.24,Veracruz de Ignacio de la Llave,Economic,High Risk
584,Andrés Mauricio Alonzo Tamayo,57,231.33,8,556,0.39,Oaxaca,Economic,High Risk
585,Estela Jaimes Nevárez,55,120.03,18,525,0.12,Quintana Roo,Economic,High Risk
586,Margarita Urbina,40,280.27,4,615,0.24,Baja California Sur,Economic,High Risk
587,Javier Mauricio Tapia Palomino,47,159.05,9,501,0.52,Hidalgo,Economic,High Risk
588,Eric José María Yáñez Laboy,58,231.94,26,592,0.33,Zacatecas,Economic,High Risk
589,Ernesto Zeferino Coronado,35,207.96,9,525,0.59,Guanajuato,Economic,High Risk
590,Jonás Gabino Yáñez Ponce,56,95.41,20,523,0.13,México,Economic,High Risk
591,Luz Villalobos Blanco,25,245.59,3,636,0.39,Sonora,Economic,High Risk
592,Wilfrido Wilfrido Quesada Valle,61,98.17,36,595,0.53,Jalisco,Economic,High Risk
593,Victoria Olivas Quintero,27,236.99,3,621,0.26,Baja California Sur,Economic,High Risk
594,Ing. Amalia Valadez,30,200.22,1,585,0.43,Durango,Economic,High Risk
595,Luis Arriaga,47,174.27,6,651,0.48,Tamaulipas,Economic,Medium Risk
596,Luis Torres Lebrón,29,214.62,5,633,0.19,Tabasco,Economic,High Risk
597,María Teresa Meza Cintrón,65,290.68,29,509,0.51,Oaxaca,Economic,High Risk
598,Santiago Peralta,50,265.62,10,560,0.28,Veracruz de Ignacio de la Llave,Economic,High Risk
599,Luis Manuel Jorge Luis Tapia,54,177.05,19,638,0.59,Colima,Economic,High Risk
600,Patricia Frías Alcala,46,371.67,10,613,0.36,Quintana Roo,Economic,High Risk
601,Felix Luis Manuel del Río Reyna,25,302.97,7,512,0.42,Coahuila de Zaragoza,Economic,High Risk
602,Ing. Itzel Acuña,45,,9,662,0.58,Tamaulipas,Economic,Medium Risk
603,Olga Itzel Samaniego Mena,37,320.93,0,582,0.4,Morelos,Economic,High Risk
604,Renato Rolando Adame,41,241.93,1,654,0.43,Distrito Federal,Economic,Medium Risk
605,Agustín Reynaldo Elizondo Varela,25,202.37,0,674,0.32,Durango,Economic,Medium Risk
606,Luis Gustavo Alejandro,62,161.09,35,504,0.51,Zacatecas,Economic,High Risk
607,Bianca Marisol Ledesma,62,49.6,6,578,0.47,Baja California Sur,Economic,High Risk
608,Emiliano Mateo Pelayo Montalvo,70,208.47,27,673,0.52,Yucatán,Economic,Medium Risk
609,Conchita Citlali Reynoso Calderón,57,152.12,14,540,0.27,Oaxaca,Economic,High Risk
610,Verónica Josefina Matías,57,319.56,8,607,0.54,Jalisco,Economic,High Risk
611,Lucas Acevedo,41,109.29,20,503,0.41,San Luis Potosí,Economic,High Risk
612,Bernardo Saiz Granados,38,322.59,2,514,0.17,Quintana Roo,Economic,High Risk
613,Fidel Jesús Salcedo Aguirre,47,238.81,15,508,0.57,Baja California,Economic,High Risk
614,Diego Urías Briones,65,377.58,15,597,0.34,Aguascalientes,Economic,High Risk
615,Ing. Mitzy Villalobos,41,263.7,9,526,0.24,Morelos,Economic,High Risk
616,Francisco Abelardo Córdova,66,123.08,20,541,0.55,Chihuahua,Economic,High Risk
617,Marisol Meraz Santillán,56,122.69,1,653,0.55,Zacatecas,Economic,Medium Risk
618,Abel Serrato Rodríguez,51,189.83,1,663,0.44,Nayarit,Economic,Medium Risk
619,Noemí Vigil,69,237.78,8,541,0.47,Michoacán de Ocampo,Economic,High Risk
620,Raquel Dolores Hernádez,43,281.58,18,623,0.43,Baja California,Economic,High Risk
621,Abel José María Arriaga,36,96.74,1,595,0.29,Quintana Roo,Economic,High Risk
622,Rufino Esparza,57,364.84,12,677,0.35,Sonora,Economic,Medium Risk
623,Isabel Carbajal,61,150.8,22,536,0.5,Jalisco,Economic,High Risk
624,Ing. Abelardo Rentería,57,270.79,23,617,0.22,Guerrero,Economic,High Risk
625,Angélica Perla Orosco,70,195.44,12,629,0.27,Durango,Economic,High Risk
626,Vicente Mauro Rubio,51,286.57,13,625,0.59,Aguascalientes,Economic,High Risk
627,Augusto Miranda,68,269.62,1,504,0.29,Baja California Sur,Economic,High Risk
628,Adalberto Alarcón Madera,34,179.49,11,641,0.14,Tamaulipas,Economic,High Risk
629,Mitzy Estefanía Segovia,43,371.98,4,626,0.45,Quintana Roo,Economic,High Risk
630,Helena María Cristina Menéndez,64,110.73,8,557,0.55,San Luis Potosí,Economic,High Risk
631,Frida Zepeda,63,172.6,20,625,0.59,Tlaxcala,Economic,High Risk
632,Dr. Sergio Carrión,60,129.16,16,676,0.44,Puebla,Economic,Medium Risk
633,Yeni Antonia Curiel Tamayo,61,102.86,15,575,0.37,Colima,Economic,High Risk
634,Soledad Guzmán Ledesma,24,164.37,0,547,0.13,Tlaxcala,Economic,High Risk
635,Alejandra Lucía Fernández,64,126.91,28,597,0.36,Oaxaca,Economic,High Risk
636,Dra. Leticia Serrano,52,178.15,16,631,0.31,Baja California Sur,Economic,High Risk
637,Francisco Valle de la O,29,71.37,4,623,0.24,Tabasco,Economic,High Risk
638,Frida Miriam Urbina Badillo,28,452.38,0,671,0.35,Morelos,Economic,Medium Risk
639,María del Carmen Franco,52,273.95,30,572,0.45,Baja California Sur,Economic,High Risk
640,Germán Matías,63,119.91,23,644,0.23,México,Economic,High Risk
641,Lilia Casárez Trujillo,50,285.42,3,664,0.41,Morelos,Economic,Medium Risk
642,Mateo de Jesús,21,202.72,0,591,0.6,Michoacán de Ocampo,Economic,High Risk
643,Elvia Delgadillo,30,91.99,1,563,0.47,Sonora,Economic,High Risk
644,Lic. Evelio Murillo,59,107.44,27,515,0.27,Morelos,Economic,High Risk
645,Emilio Agustín Barela Escobar,25,,0,645,0.14,San Luis Potosí,Economic,High Risk
646,Miriam Gabriela Regalado,61,80.58,4,523,0.16,Michoacán de Ocampo,Economic,High Risk
647,Lic. Abelardo Luna,21,488.73,0,597,0.26,Veracruz de Ignacio de la Llave,Economic,High Risk
648,Lic. Jaime González,66,141.52,37,508,0.25,Sonora,Economic,High Risk
649,Wilfrido Emiliano Ferrer Tejada,60,189.09,18,659,0.14,Tlaxcala,Economic,Medium Risk
650,Pilar Zayas,29,107.36,4,523,0.47,Zacatecas,Economic,High Risk
651,Mario Agustín Herrera Barraza,40,615.71,5,616,0.53,Guanajuato,Economic,High Risk
652,Rocío Salma Peña,55,446.69,13,680,0.25,Hidalgo,Economic,Medium Risk
653,Concepción Mascareñas,54,170.23,17,502,0.53,Campeche,Economic,High Risk
654,Daniel Salvador Sisneros,26,340.17,4,542,0.54,Durango,Economic,High Risk
655,Francisco Javier Salazar,66,167.34,47,622,0.16,Durango,Economic,High Risk
656,Rolando Daniel Ybarra Delgado,60,314.49,39,598,0.11,Colima,Economic,High Risk
657,Uriel Gabino Miramontes,47,449.54,1,542,0.47,Chiapas,Economic,High Risk
658,Diana Loera,63,270.33,14,634,0.43,Puebla,Economic,High Risk
659,Silvia Reséndez,27,235.05,2,645,0.54,Baja California,Economic,High Risk
660,Conchita Estefanía Rodríguez,56,177.15,18,645,0.46,Distrito Federal,Economic,High Risk
661,Isaac Diego Núñez,40,220.65,7,672,0.21,Colima,Economic,Medium Risk
662,Sr. Víctor Caraballo,40,243.31,8,520,0.53,Nuevo León,Economic,High Risk
663,Adela Báez Yáñez,23,208.62,0,580,0.14,México,Economic,High Risk
664,Norma Nadia Sarabia,61,324.65,13,662,0.34,Guerrero,Economic,Medium Risk
665,Anabel Becerra,62,321.61,11,507,0.42,Querétaro,Economic,High Risk
666,Camilo Zamudio,44,263.13,16,658,0.34,Sinaloa,Economic,Medium Risk
667,Gilberto Cepeda Montenegro,24,470.63,0,589,0.29,Aguascalientes,Economic,High Risk
668,Sr. David Palomo,65,116.69,38,518,0.27,Baja California,Economic,High Risk
669,Marisela Rico,23,74.93,0,633,0.18,Chiapas,Economic,High Risk
670,Ing. Claudia Gaitán,46,186.94,5,514,0.17,Guanajuato,Economic,High Risk
671,Guillermo Griego Zúñiga,65,182.18,17,647,0.19,Guanajuato,Economic,High Risk
672,Héctor Amador Téllez Adame,41,115.03,0,623,0.4,Baja California,Economic,High Risk
673,Claudia Centeno,66,433.87,39,577,0.35,Durango,Economic,High Risk
674,Uriel Jos Romero Mercado,56,218.64,32,524,0.3,Zacatecas,Economic,High Risk
675,Srita. Linda Casárez,45,,2,627,0.29,San Luis Potosí,Economic,High Risk
676,Ing. Mercedes Partida,22,277.96,2,588,0.3,Baja California Sur,Economic,High Risk
677,Florencia Rocha,39,162.17,9,531,0.2,Sinaloa,Economic,High Risk
678,María Elena Mesa,33,153.11,6,537,0.36,Campeche,Economic,High Risk
679,Manuel Nieto,47,363.24,10,549,0.39,Coahuila de Zaragoza,Economic,High Risk
680,Cristal Fonseca,61,292.45,9,512,0.16,Coahuila de Zaragoza,Economic,High Risk
681,Olivia Ilse Solís Godoy,37,207.08,1,537,0.51,San Luis Potosí,Economic,High Risk
682,Adalberto Herrera,68,186.89,8,570,0.12,San Luis Potosí,Economic,High Risk
683,Socorro María Teresa Yáñez,39,110.45,10,654,0.34,Aguascalientes,Economic,Medium Risk
684,Beatriz Rocío Hinojosa,49,157.26,11,651,0.2,Nuevo León,Economic,Medium Risk
685,Ing. Ivonne Peralta,59,263.97,6,547,0.6,México,Economic,High Risk
686,Zeferino Javier Peres Haro,27,335.07,5,639,0.55,Quintana Roo,Economic,High Risk
687,Sofía Raquel Salcedo,43,146.15,4,643,0.43,Tlaxcala,Economic,High Risk
688,Adela Eugenia Almanza Márquez,31,139.01,12,592,0.51,Baja California Sur,Economic,High Risk
689,Flavio Alberto Nava Guerrero,36,165.81,6,561,0.11,Guerrero,Economic,High Risk
690,Juan Prieto,45,222.29,8,650,0.2,Yucatán,Economic,Medium Risk
691,Ing. Alfredo Sanabria,47,122.34,13,501,0.44,Chihuahua,Economic,High Risk
692,Carmen Castellanos de la Torre,59,126.0,29,595,0.26,Tamaulipas,Economic,High Risk
693,Lic. Juan Saiz,27,119.99,3,529,0.32,Baja California Sur,Economic,High Risk
694,Lucía Hidalgo,51,315.45,0,540,0.58,Chiapas,Economic,High Risk
695,Lic. Olga Murillo,47,452.31,0,601,0.15,Michoacán de Ocampo,Economic,High Risk
696,Ángela Ivonne Raya,60,523.72,10,501,0.26,Jalisco,Economic,High Risk
697,Ing. Marisol Figueroa,54,292.24,23,661,0.54,Nuevo León,Economic,Medium Risk
698,Nayeli Trinidad Bustamante Lozano,46,566.75,9,538,0.27,Puebla,Economic,High Risk
699,Nayeli Rosario Viera,36,145.33,16,547,0.51,Guerrero,Economic,High Risk
700,Ing. Juan Ochoa,61,131.71,16,602,0.24,Guanajuato,Economic,High Risk
701,Julio Abelardo Villa,32,283.65,4,586,0.16,Baja California Sur,Economic,High Risk
702,Ing. Adriana Ozuna,24,164.59,0,539,0.46,México,Economic,High Risk
703,Sandra Franco Gurule,51,279.35,23,649,0.5,Sonora,Economic,High Risk
704,Úrsula Luz Estrada,51,322.77,28,548,0.35,Zacatecas,Economic,High Risk
705,Dalia Mitzy Tello Niño,27,324.97,5,532,0.49,Distrito Federal,Economic,High Risk
706,Bernardo Amador Elizondo,56,305.84,17,517,0.44,Hidalgo,Economic,High Risk
707,Mario Aguilera Santacruz,43,221.4,13,612,0.15,Tabasco,Economic,High Risk
708,Carolina Berta Esquibel Salazar,61,396.69,22,624,0.13,Coahuila de Zaragoza,Economic,High Risk
709,Dr. Oswaldo Monroy,24,133.13,4,500,0.43,Guerrero,Economic,High Risk
710,Salma Casárez,33,186.1,2,507,0.27,Oaxaca,Economic,High Risk
711,Abelardo Corona,38,515.12,8,561,0.32,Colima,Economic,High Risk
712,Ana Luisa Andrea Matos Valdivia,55,246.98,19,655,0.28,Nuevo León,Economic,Medium Risk
713,Fidel Reyna,60,114.31,41,557,0.22,Chiapas,Economic,High Risk
714,Judith Alva,45,168.88,20,524,0.33,Distrito Federal,Economic,High Risk
715,Pablo Briones Becerra,57,389.29,18,580,0.41,Colima,Economic,High Risk
716,Conchita Ofelia Posada Salas,32,154.38,1,509,0.44,Guerrero,Economic,High Risk
717,Nadia Pabón,30,346.32,2,513,0.46,Durango,Economic,High Risk
718,Lic. Fernando Arellano,45,331.54,9,613,0.39,Distrito Federal,Economic,High Risk
719,César Ernesto Treviño Becerra,21,169.04,0,547,0.24,Tabasco,Economic,High Risk
720,Elena Reyna Carbajal,34,152.77,2,580,0.49,Nayarit,Economic,High Risk
721,Lic. Luis Manuel Chapa,41,311.65,7,640,0.46,Guerrero,Economic,High Risk
722,Marisela Estela Patiño,28,289.35,2,631,0.5,Morelos,Economic,High Risk
723,Patricia Noemí Aragón,54,371.07,14,612,0.53,Morelos,Economic,High Risk
724,Felix Octavio Nieto Chapa,69,127.12,42,507,0.51,Tamaulipas,Economic,High Risk
725,Ing. Marisol Terán,44,379.25,14,527,0.58,Veracruz de Ignacio de la Llave,Economic,High Risk
726,Clara Wendolin Ceja Padilla,33,130.39,6,565,0.27,Guerrero,Economic,High Risk
727,Eric Wilfrido Castillo Maldonado,33,164.61,2,522,0.48,Guerrero,Economic,High Risk
728,Natalia Mayorga,32,177.98,12,595,0.53,Durango,Economic,High Risk
729,Enrique Solorio,30,168.61,3,621,0.46,Durango,Economic,High Risk
730,Ing. Irene Bermúdez,37,219.77,0,529,0.23,Puebla,Economic,High Risk
731,Florencia Zayas,65,164.42,31,534,0.14,Sinaloa,Economic,High Risk
732,Hernán Gabino Gaitán,29,257.09,3,504,0.22,Sonora,Economic,High Risk
733,Luis Miguel Arreola,21,249.99,2,512,0.43,Aguascalientes,Economic,High Risk
734,Carlota Sandoval,46,215.82,4,595,0.37,Campeche,Economic,High Risk
735,Sr. Abel Orta,42,146.3,1,599,0.49,Puebla,Economic,High Risk
736,Dalia Elsa Salcedo,64,190.66,40,569,0.53,Hidalgo,Economic,High Risk
737,Andrés Arroyo Carrión,49,208.49,26,646,0.48,Baja California Sur,Economic,High Risk
738,Lic. Abigail Montaño,30,107.02,0,630,0.56,Durango,Economic,High Risk
739,Eugenia Amaya Mota,46,232.04,21,654,0.25,Oaxaca,Economic,Medium Risk
740,Perla Judith Maya,34,476.76,12,674,0.27,Nayarit,Economic,Medium Risk
741,Carla Chapa,67,303.97,34,632,0.51,Michoacán de Ocampo,Economic,High Risk
742,Dra. Esther Valles,37,415.14,1,560,0.53,Veracruz de Ignacio de la Llave,Economic,High Risk
743,Virginia Delgadillo Tamayo,27,179.63,0,604,0.36,Guanajuato,Economic,High Risk
744,Ángela Muñiz Rodríguez,59,134.47,22,679,0.22,Nuevo León,Economic,Medium Risk
745,Isaac Gómez,70,88.58,15,526,0.17,Veracruz de Ignacio de la Llave,Economic,High Risk
746,Benito Lorenzo Madera,50,107.97,31,533,0.36,Campeche,Economic,High Risk
747,Aurora Díaz Holguín,35,313.89,4,609,0.54,Durango,Economic,High Risk
748,Lic. Carla Canales,53,92.3,21,619,0.37,México,Economic,High Risk
749,Srita. Emilia Casares,49,180.86,1,666,0.54,Tlaxcala,Economic,Medium Risk
750,Abraham Jaime Márquez Montes,47,419.57,19,503,0.4,Zacatecas,Economic,High Risk
751,Itzel Zavala Roque,23,476.07,0,538,0.46,Baja California,Economic,High Risk
752,Indira Dulce María Mesa Bonilla,49,144.67,10,552,0.28,Guerrero,Economic,High Risk
753,Víctor Ángel Limón Villanueva,55,152.73,29,580,0.46,Michoacán de Ocampo,Economic,High Risk
754,Uriel Tamez,62,139.07,8,564,0.14,Jalisco,Economic,High Risk
755,Lic. Marcos Almanza,33,175.05,2,591,0.46,Baja California,Economic,High Risk
756,Jorge Espartaco Arellano Paredes,32,127.44,6,544,0.39,Morelos,Economic,High Risk
757,Zeferino Santana Moya,65,127.29,38,656,0.23,Querétaro,Economic,Medium Risk
758,Lorena Mitzy Dávila,43,198.16,10,601,0.39,Nayarit,Economic,High Risk
759,Lic. César Gaona,25,227.37,1,579,0.45,Morelos,Economic,High Risk
760,Lic. Sandra Rincón,33,338.73,4,555,0.41,Baja California Sur,Economic,High Risk
761,Lic. Esther Grijalva,64,203.44,20,628,0.51,Aguascalientes,Economic,High Risk
762,Cristal Tania Cadena Rodrígez,23,68.01,0,575,0.57,Guerrero,Economic,High Risk
763,Héctor Porfirio Covarrubias Padrón,48,118.49,13,509,0.37,Zacatecas,Economic,High Risk
764,Esteban Villanueva,68,268.85,7,625,0.28,Durango,Economic,High Risk
765,Dolores Trinidad Cavazos,64,444.58,13,549,0.25,Baja California Sur,Economic,High Risk
766,Estefanía Vaca de Anda,69,209.58,2,613,0.36,Nuevo León,Economic,High Risk
767,Nancy Rivero,35,351.52,1,605,0.44,Baja California,Economic,High Risk
768,Victoria Carla Ulibarri,69,252.67,17,649,0.19,Chihuahua,Economic,High Risk
769,Lic. Carmen Baca,25,210.8,2,554,0.22,Sinaloa,Economic,High Risk
770,Lilia Asunción Matías Briones,64,96.91,5,582,0.39,Tamaulipas,Economic,High Risk
771,Débora Rosario Caraballo Burgos,26,116.05,2,663,0.42,Sinaloa,Economic,Medium Risk
772,Rufino Pedro Collado,35,318.11,5,627,0.28,Aguascalientes,Economic,High Risk
773,Samuel Luis Fernández Cordero,43,273.88,18,500,0.55,Yucatán,Economic,High Risk
774,Beatriz Caridad Hernádez Adame,21,158.04,1,563,0.39,Baja California,Economic,High Risk
775,Rodolfo Jonás Montero Tejada,56,245.9,3,654,0.22,Zacatecas,Economic,Medium Risk
776,Ramiro Pascual Aguilera Pichardo,35,,9,547,0.23,Aguascalientes,Economic,High Risk
777,Angélica Pizarro Ávalos,56,464.02,29,566,0.23,Tabasco,Economic,High Risk
778,Ing. Daniela Murillo,51,332.42,13,678,0.43,Puebla,Economic,Medium Risk
779,Héctor Quiñones,59,355.34,33,655,0.12,Distrito Federal,Economic,Medium Risk
780,Cristobal Marcos Serrato,40,204.26,18,541,0.29,Campeche,Economic,High Risk
781,Lic. Rufino Ornelas,50,282.46,6,526,0.43,Veracruz de Ignacio de la Llave,Economic,High Risk
782,Mario Holguín,30,126.75,12,502,0.29,Colima,Economic,High Risk
783,Óliver Botello Garibay,32,,4,523,0.16,Oaxaca,Economic,High Risk
784,Noemí Ana Luisa Ruiz Benítez,31,167.78,0,617,0.31,Chihuahua,Economic,High Risk
785,Concepción Eloisa Henríquez,53,266.9,11,614,0.5,Sonora,Economic,High Risk
786,Carlota Vélez Feliciano,21,310.45,0,642,0.38,Baja California Sur,Economic,High Risk
787,Ariadna Montenegro,54,572.04,7,599,0.3,Colima,Economic,High Risk
788,Samuel Salas Navarro,42,320.19,9,525,0.32,Jalisco,Economic,High Risk
789,Felipe Gustavo Armendáriz,41,191.38,3,619,0.48,Sinaloa,Economic,High Risk
790,Conchita Esparta Molina Cantú,56,118.45,13,597,0.55,Nayarit,Economic,High Risk
791,Dra. Cristina Zapata,51,376.22,27,598,0.19,Puebla,Economic,High Risk
792,Ing. Jacobo Merino,25,207.47,3,508,0.59,Puebla,Economic,High Risk
793,Andrés Ruelas,41,119.49,1,632,0.36,Oaxaca,Economic,High Risk
794,Hermelinda Wendolin Bravo,29,73.14,1,529,0.29,Campeche,Economic,High Risk
795,Eric Serafín Monroy Marroquín,41,183.02,18,535,0.2,México,Economic,High Risk
796,Elvira Otero,48,267.84,22,551,0.29,Morelos,Economic,High Risk
797,Ing. Nelly Mascareñas,32,168.88,4,504,0.41,Baja California Sur,Economic,High Risk
798,Daniel Barajas,67,182.71,38,669,0.14,Oaxaca,Economic,Medium Risk
799,Claudio Ernesto Campos,48,585.71,0,530,0.43,Aguascalientes,Economic,High Risk
800,Sra. Anel Samaniego,36,150.27,3,578,0.17,Colima,Economic,High Risk
801,Sr. Eduardo Santiago,60,224.85,24,555,0.35,Querétaro,Economic,High Risk
802,Karla Rangel Mercado,41,317.52,16,583,0.5,Campeche,Economic,High Risk
803,Emilia Velasco,52,239.63,21,569,0.2,Coahuila de Zaragoza,Economic,High Risk
804,Wendolin Mendoza Herrera,63,113.76,39,569,0.43,Guanajuato,Economic,High Risk
805,Violeta Amalia Arroyo,65,154.96,30,650,0.26,Morelos,Economic,Medium Risk
806,Emilio José Chapa,24,290.21,4,522,0.49,Morelos,Economic,High Risk
807,Ramiro Gerardo Esquivel Solorzano,32,171.72,11,602,0.53,Veracruz de Ignacio de la Llave,Economic,High Risk
808,Marcela Villagómez,49,138.2,24,588,0.54,Tlaxcala,Economic,High Risk
809,Raúl Israel Benítez,50,282.55,2,511,0.13,Oaxaca,Economic,High Risk
810,Aurora Conchita Rosado,54,172.28,11,628,0.39,Distrito Federal,Economic,High Risk
811,Dra. Adela Camacho,39,159.66,10,527,0.18,Michoacán de Ocampo,Economic,High Risk
812,Luisa Catalina Madrid,67,115.44,19,538,0.31,Guerrero,Economic,High Risk
813,Gabriel Zepeda,37,211.23,7,621,0.56,Tamaulipas,Economic,High Risk
814,Gloria Pulido Córdova,68,194.6,46,638,0.57,Querétaro,Economic,High Risk
815,Andrés Silvano Marrero Téllez,47,169.87,20,652,0.5,Sonora,Economic,Medium Risk
816,Gerónimo Emilio del Valle,37,235.43,13,536,0.16,Guerrero,Economic,High Risk
817,Sofía Moya Vargas,26,150.5,1,627,0.55,Oaxaca,Economic,High Risk
818,Miriam Eugenia Barrios,35,,10,524,0.12,Baja California,Economic,High Risk
819,Sra. Dolores Prado,23,234.31,5,634,0.52,Guanajuato,Economic,High Risk
820,María Teresa Helena Ávalos Rodarte,34,180.83,0,550,0.17,Oaxaca,Economic,High Risk
821,Uriel Alvaro Laboy Menéndez,59,296.96,34,628,0.13,Aguascalientes,Economic,High Risk
822,Lic. Arcelia Palacios,21,237.59,0,641,0.15,Chiapas,Economic,High Risk
823,Dolores Dulce María Guerra Madrigal,46,306.86,16,663,0.19,Puebla,Economic,Medium Risk
824,Luisa Noelia Santacruz,63,103.54,9,535,0.19,México,Economic,High Risk
825,Ing. Renato Rascón,46,303.98,22,583,0.21,Nuevo León,Economic,High Risk
826,Humberto Julio César Heredia Saavedra,30,214.9,1,601,0.5,Distrito Federal,Economic,High Risk
827,Beatriz Marisela Urrutia Salazar,51,212.42,26,549,0.57,Aguascalientes,Economic,High Risk
828,Beatriz Rosario Calderón,52,145.18,12,642,0.59,Guanajuato,Economic,High Risk
829,Humberto Benito Zambrano Valentín,50,270.53,28,609,0.4,Guerrero,Economic,High Risk
830,Hernán Sanches,29,238.61,5,647,0.51,Nuevo León,Economic,High Risk
831,Lic. Ruby Zamudio,56,630.77,17,627,0.16,Querétaro,Economic,High Risk
832,Benito Salvador Quiroz,33,450.43,6,658,0.25,Baja California Sur,Economic,Medium Risk
833,Rufino Joaquín Barraza Saldivar,29,464.96,11,581,0.59,Nuevo León,Economic,High Risk
834,Angélica Abril Pantoja Zamora,52,223.55,22,605,0.49,Nayarit,Economic,High Risk
835,Lic. Gerónimo Rodrígez,51,147.02,5,615,0.36,Chihuahua,Economic,High Risk
836,Jorge Santiago Munguía,49,159.06,11,671,0.37,Campeche,Economic,Medium Risk
837,Sr. Bernardo Zavala,56,322.69,34,518,0.3,Tamaulipas,Economic,High Risk
838,José Manuél Leiva Ulibarri,43,164.88,20,678,0.29,Nayarit,Economic,Medium Risk
839,Eric Sierra Rosado,26,419.71,2,570,0.58,Tabasco,Economic,High Risk
840,Yolanda Navarro Godínez,49,269.25,20,668,0.17,Chihuahua,Economic,Medium Risk
841,Ing. Julio César Cabán,59,192.46,21,541,0.37,Hidalgo,Economic,High Risk
842,Ignacio Moya,23,220.87,0,608,0.3,Querétaro,Economic,High Risk
843,María Eugenia Sandra Tejada,36,174.86,7,621,0.19,Sinaloa,Economic,High Risk
844,Francisco Ballesteros,29,204.99,5,649,0.48,Chiapas,Economic,High Risk
845,Emilio Caraballo Lebrón,32,311.74,6,606,0.35,Baja California,Economic,High Risk
846,Virginia Calderón,56,200.17,8,667,0.58,Michoacán de Ocampo,Economic,Medium Risk
847,Sr. Óliver Ceballos,55,297.65,4,597,0.19,Baja California Sur,Economic,High Risk
848,Lorenzo Ángel Guerrero Olmos,53,74.88,24,537,0.16,Tamaulipas,Economic,High Risk
849,Inés Olga Lebrón Molina,30,183.98,11,504,0.58,Nuevo León,Economic,High Risk
850,Liliana Castillo,28,352.03,2,536,0.43,Zacatecas,Economic,High Risk
851,Bianca Catalina Archuleta,30,161.6,6,674,0.14,Michoacán de Ocampo,Economic,Medium Risk
852,Citlali Villegas,27,183.38,4,573,0.21,Guerrero,Economic,High Risk
853,Karina Alba,62,297.74,19,546,0.35,México,Economic,High Risk
854,Violeta Cordero,42,129.25,6,570,0.18,Guerrero,Economic,High Risk
855,Esperanza María Elena Miranda,28,295.25,6,544,0.35,Coahuila de Zaragoza,Economic,High Risk
856,Linda Carmen Castillo,58,164.1,34,545,0.16,Coahuila de Zaragoza,Economic,High Risk
857,Mercedes Úrsula Beltrán Ybarra,70,211.51,28,502,0.39,Chiapas,Economic,High Risk
858,Ing. Celia Oquendo,61,,16,552,0.34,Sonora,Economic,High Risk
859,Arturo Quezada,29,262.54,4,666,0.45,Coahuila de Zaragoza,Economic,Medium Risk
860,Gabriel Segura,47,132.19,8,596,0.42,Zacatecas,Economic,High Risk
861,Angélica Rebeca Aragón,27,360.78,7,628,0.5,Puebla,Economic,High Risk
862,Lic. Zeferino Ávila,39,335.33,4,620,0.18,Aguascalientes,Economic,High Risk
863,Elvira Castellanos,63,184.45,42,676,0.18,Durango,Economic,Medium Risk
864,Wendolin Almonte,36,,2,531,0.1,Querétaro,Economic,High Risk
865,Gloria Ofelia Aguilar Vigil,58,126.09,21,510,0.1,Oaxaca,Economic,High Risk
866,Ilse Vásquez Sevilla,35,144.74,4,634,0.54,Oaxaca,Economic,High Risk
867,Lourdes Araceli Terrazas,62,356.63,22,614,0.25,Colima,Economic,High Risk
868,Ángel Eduardo Laboy,27,442.64,3,605,0.36,Veracruz de Ignacio de la Llave,Economic,High Risk
869,Arturo Rodolfo Perales Zavala,53,153.44,4,511,0.28,Hidalgo,Economic,High Risk
870,Lic. Oswaldo Merino,23,150.76,2,677,0.51,Morelos,Economic,Medium Risk
871,Leonel Balderas Toro,48,164.1,10,575,0.12,Michoacán de Ocampo,Economic,High Risk
872,Timoteo Samuel Candelaria Ulibarri,27,183.94,2,615,0.3,Campeche,Economic,High Risk
873,Adán Borrego,45,,15,509,0.49,Colima,Economic,High Risk
874,Claudio Horacio Alba Terrazas,49,131.28,9,572,0.52,Chihuahua,Economic,High Risk
875,Sara Esparta Rodríguez,27,441.28,2,587,0.51,Sinaloa,Economic,High Risk
876,Darío Claudio Barrientos Hernádez,50,184.34,14,670,0.27,Baja California Sur,Economic,Medium Risk
877,Aldonza Elvira Aragón Jurado,59,370.45,11,590,0.56,Querétaro,Economic,High Risk
878,Gabino Marco Antonio Ledesma,52,281.33,6,659,0.29,Guerrero,Economic,Medium Risk
879,Homero Ricardo Montemayor Casares,67,135.37,13,606,0.19,Tamaulipas,Economic,High Risk
880,Fidel Renato Urías Arreola,27,255.04,0,567,0.52,Durango,Economic,High Risk
881,Hernán de la Rosa,25,158.97,2,571,0.57,Baja California Sur,Economic,High Risk
882,Benjamín Vargas Hernandes,70,275.46,15,679,0.34,Querétaro,Economic,Medium Risk
883,Guillermina Graciela Burgos,40,600.71,5,662,0.45,Aguascalientes,Economic,Medium Risk
884,Luis Manuel Flavio Segura,40,350.15,11,658,0.29,Nayarit,Economic,Medium Risk
885,Barbara Almaraz,35,152.47,10,512,0.58,Hidalgo,Economic,High Risk
886,Aurora Trinidad Gutiérrez Páez,47,106.51,21,568,0.49,Coahuila de Zaragoza,Economic,High Risk
887,Martha Arcelia Coronado Miranda,28,272.34,4,614,0.33,Michoacán de Ocampo,Economic,High Risk
888,Dra. Gabriela Calvillo,68,130.29,21,554,0.31,Guerrero,Economic,High Risk
889,Ilse Nelly Covarrubias,28,273.03,2,573,0.21,México,Economic,High Risk
890,Pascual Isaac Sánchez Uribe,67,254.33,11,581,0.52,Hidalgo,Economic,High Risk
891,Abraham Puga,30,319.89,7,556,0.47,Durango,Economic,High Risk
892,Luis Miguel Espartaco Galarza,35,182.35,5,555,0.19,Chiapas,Economic,High Risk
893,Lic. Benjamín Salazar,21,206.56,0,601,0.15,Nuevo León,Economic,High Risk
894,Srita. Elisa Nava,27,239.15,2,576,0.14,Baja California,Economic,High Risk
895,Sra. Eugenia Santiago,23,322.13,1,554,0.22,Quintana Roo,Economic,High Risk
896,Úrsula Oquendo,21,273.15,1,606,0.3,Jalisco,Economic,High Risk
897,Pamela Garrido,39,212.31,3,612,0.24,Querétaro,Economic,High Risk
898,Mercedes Camila Sáenz Alba,43,189.01,18,635,0.49,Nuevo León,Economic,High Risk
899,Eugenia Esperanza Sosa,41,222.28,16,671,0.59,Puebla,Economic,Medium Risk
900,Amador Emilio Rascón Carrasco,29,471.36,7,588,0.25,Baja California Sur,Economic,High Risk
901,Juan Toledo,27,222.08,3,659,0.18,Distrito Federal,Economic,Medium Risk
902,Lic. Ilse Aponte,26,172.55,3,636,0.38,Veracruz de Ignacio de la Llave,Economic,High Risk
903,Sessa Monroy,55,171.05,0,666,0.28,Oaxaca,Economic,Medium Risk
904,Lic. Eric Cruz,31,204.35,9,601,0.28,Tabasco,Economic,High Risk
905,María Teresa Yolanda Haro Saiz,61,194.46,20,631,0.52,San Luis Potosí,Economic,High Risk
906,Juana Arcelia Huerta Alonso,64,127.15,9,656,0.13,Guerrero,Economic,Medium Risk
907,Lic. Cristobal del Valle,67,160.79,38,557,0.2,Chiapas,Economic,High Risk
908,Luis Manuel Evelio Tovar Mercado,27,361.06,6,526,0.44,México,Economic,High Risk
909,Ángela Badillo,35,234.38,1,509,0.33,Nayarit,Economic,High Risk
910,Silvia María del Carmen Esparza,36,310.91,5,588,0.16,Durango,Economic,High Risk
911,Ing. Luis Manuel Toro,26,305.97,3,553,0.1,Querétaro,Economic,High Risk
912,Santiago Humberto Viera,48,233.5,20,537,0.38,Guerrero,Economic,High Risk
913,Diana Lilia Gaytán,65,193.32,42,586,0.23,Nuevo León,Economic,High Risk
914,Lic. Enrique Rivero,43,92.27,0,680,0.17,Michoacán de Ocampo,Economic,Medium Risk
915,Leonel Gamez Urrutia,49,219.4,9,574,0.27,Quintana Roo,Economic,High Risk
916,Lic. Clara Campos,27,194.12,1,522,0.41,Distrito Federal,Economic,High Risk
917,Sr. Mateo Yáñez,68,167.98,25,675,0.21,Nuevo León,Economic,Medium Risk
918,Dulce Marisol Quiñónez Paredes,37,208.79,11,674,0.59,Sinaloa,Economic,Medium Risk
919,Ángela Cynthia Rosado Alemán,69,293.53,19,530,0.54,Querétaro,Economic,High Risk
920,Eugenio Lorenzo Lovato,53,,27,574,0.33,Baja California,Economic,High Risk
921,Sra. Mercedes de la Crúz,65,227.77,40,648,0.47,Guanajuato,Economic,High Risk
922,Dra. Ilse Jaime,40,392.24,8,674,0.56,Distrito Federal,Economic,Medium Risk
923,Abraham Montañez Carbajal,47,81.2,16,667,0.33,Chihuahua,Economic,Medium Risk
924,Emilia Ana Luisa Gurule,39,188.69,4,615,0.49,Tlaxcala,Economic,High Risk
925,Carla Karla Preciado,49,75.95,25,619,0.22,Nayarit,Economic,High Risk
926,Gonzalo Armenta,59,133.84,11,643,0.29,Morelos,Economic,High Risk
927,Jonás José Eduardo Niño Lara,46,89.57,20,520,0.6,Tamaulipas,Economic,High Risk
928,Sessa Luna,66,190.32,4,589,0.24,Chiapas,Economic,High Risk
929,Omar Gabino Zamora,27,358.32,3,627,0.12,Puebla,Economic,High Risk
930,Aurora Peres Rosas,30,150.07,5,569,0.15,México,Economic,High Risk
931,Lucía Fuentes,59,215.79,33,627,0.35,Hidalgo,Economic,High Risk
932,Perla Barbara Bustos Covarrubias,31,419.23,3,561,0.53,Baja California,Economic,High Risk
933,Jos Modesto Salcido,48,120.89,17,501,0.23,Colima,Economic,High Risk
934,Teodoro Espartaco Rivero Fuentes,24,179.71,0,626,0.34,Durango,Economic,High Risk
935,Luis Omar Esparza Salazar,44,271.53,18,578,0.3,Zacatecas,Economic,High Risk
936,Socorro Sarabia Zepeda,68,283.4,46,587,0.15,Hidalgo,Economic,High Risk
937,Mauricio Andrés Mayorga,40,190.15,1,637,0.58,Tabasco,Economic,High Risk
938,Sr. Benito Magaña,60,271.31,23,642,0.33,Hidalgo,Economic,High Risk
939,Srita. Yuridia Rascón,62,137.66,25,678,0.55,Yucatán,Economic,Medium Risk
940,Modesto Caraballo Gutiérrez,58,172.86,5,563,0.13,Guanajuato,Economic,High Risk
941,Rebeca Mota,44,114.86,2,622,0.12,Michoacán de Ocampo,Economic,High Risk
942,Conchita Ulloa,31,280.75,0,606,0.41,Guanajuato,Economic,High Risk
943,Isabela Olga Concepción,47,211.06,4,607,0.41,Querétaro,Economic,High Risk
944,Gerardo Salas Moya,21,308.38,2,637,0.39,Tamaulipas,Economic,High Risk
945,Amalia Berta Rosario,43,158.86,23,668,0.29,Veracruz de Ignacio de la Llave,Economic,Medium Risk
946,Caridad Quintana Tamez,24,379.31,1,607,0.52,Veracruz de Ignacio de la Llave,Economic,High Risk
947,Clemente Sosa,47,165.57,24,670,0.2,Querétaro,Economic,Medium Risk
948,Jaime Alarcón,22,114.88,0,544,0.56,Baja California Sur,Economic,High Risk
949,Cynthia Ana Adame,70,173.31,47,597,0.33,México,Economic,High Risk
950,Claudia Arcelia Cardenas,53,193.55,34,514,0.39,Baja California Sur,Economic,High Risk
951,Natividad Viera Ávila,25,324.68,2,603,0.51,Baja California Sur,Economic,High Risk
952,Lic. María Luisa Duarte,33,280.32,8,595,0.34,Durango,Economic,High Risk
953,Carlos Ávila,54,229.64,13,532,0.21,Aguascalientes,Economic,High Risk
954,Dulce Holguín,46,121.75,12,568,0.33,Jalisco,Economic,High Risk
955,Leonel Gamez Casillas,22,309.94,0,596,0.33,Coahuila de Zaragoza,Economic,High Risk
956,Dulce María Rubio,60,162.39,29,542,0.55,Baja California Sur,Economic,High Risk
957,Sr. Espartaco Arellano,28,145.63,0,613,0.57,México,Economic,High Risk
958,Alvaro Ramiro Armendáriz,62,159.87,29,582,0.3,Chihuahua,Economic,High Risk
959,Armando Orta,58,148.47,7,613,0.22,Baja California Sur,Economic,High Risk
960,Susana Olvera,26,261.05,5,502,0.52,Durango,Economic,High Risk
961,Srita. Elvia Barragán,69,328.02,17,610,0.6,Chiapas,Economic,High Risk
962,Srita. Silvia Romo,24,279.13,0,589,0.36,Tabasco,Economic,High Risk
963,Ing. Norma Almonte,29,80.64,2,679,0.37,Durango,Economic,Medium Risk
964,Carla Esther Narváez,40,479.82,14,649,0.5,Tlaxcala,Economic,High Risk
965,Iván Quintero,59,136.65,15,508,0.44,Guanajuato,Economic,High Risk
966,José Eduardo Horacio Arguello,61,121.03,23,568,0.17,Colima,Economic,High Risk
967,Martín Verduzco,35,215.53,12,638,0.57,Nayarit,Economic,High Risk
968,Sr. Nicolás Cortés,64,136.26,7,577,0.54,Durango,Economic,High Risk
969,Frida Brito Esquibel,21,,0,652,0.49,Guanajuato,Economic,Medium Risk
970,Mauro Quiñones,59,212.13,21,673,0.32,Querétaro,Economic,Medium Risk
971,Gerardo Zedillo,40,163.78,9,596,0.12,Nayarit,Economic,High Risk
972,Fidel Franco Piña,34,180.07,0,508,0.53,Durango,Economic,High Risk
973,Ing. Alberto Rentería,40,268.71,2,594,0.58,San Luis Potosí,Economic,High Risk
974,Teresa Aldonza Gurule,43,72.04,11,660,0.57,Baja California Sur,Economic,Medium Risk
975,Gonzalo Sosa,36,248.28,3,631,0.19,Nayarit,Economic,High Risk
976,Mateo Vela,59,150.93,4,518,0.23,Nuevo León,Economic,High Risk
977,Daniela Aurora Chapa,46,114.49,18,576,0.41,Oaxaca,Economic,High Risk
978,Lourdes Yuridia Nieves,69,194.64,44,542,0.35,México,Economic,High Risk
979,Aldo Eric Razo,24,255.25,2,663,0.18,México,Economic,Medium Risk
980,Abel Tirado,57,211.33,0,624,0.24,Puebla,Economic,High Risk
981,Estela Marcela Peres Mendoza,54,186.55,16,567,0.23,Nayarit,Economic,High Risk
982,Marcela Iglesias,44,332.52,20,654,0.33,Quintana Roo,Economic,Medium Risk
983,Omar Manuel de la Garza,30,128.15,8,545,0.34,Guerrero,Economic,High Risk
984,Dra. Amanda Ceja,68,295.53,5,561,0.31,México,Economic,High Risk
985,José Abelardo Espino Alvarado,51,373.89,12,538,0.13,Yucatán,Economic,High Risk
986,Linda Esparza Barreto,45,300.41,5,544,0.32,Campeche,Economic,High Risk
987,Homero Alberto Salinas,64,117.38,21,637,0.13,Coahuila de Zaragoza,Economic,High Risk
988,Dr. Felipe Cabán,68,188.18,0,610,0.51,Quintana Roo,Economic,High Risk
989,Lic. Asunción Valadez,62,103.88,10,571,0.3,Tlaxcala,Economic,High Risk
990,Cristobal Felix Peralta Cavazos,49,154.69,20,668,0.48,Oaxaca,Economic,Medium Risk
991,Julia Eugenia Adame Mercado,53,237.1,23,657,0.6,México,Economic,Medium Risk
992,Yolanda Viera,39,163.68,5,626,0.13,Quintana Roo,Economic,High Risk
993,Josefina Fernández Gallegos,70,194.52,11,522,0.5,Hidalgo,Economic,High Risk
994,Wilfrido Hurtado,66,182.87,25,546,0.5,Michoacán de Ocampo,Economic,High Risk
995,Raquel Marisol Ornelas,41,259.63,9,679,0.53,Michoacán de Ocampo,Economic,Medium Risk
996,Mónica Tamayo,63,526.82,6,501,0.55,Guerrero,Economic,High Risk
997,Wilfrido Iván Salcido,43,127.12,6,629,0.53,Veracruz de Ignacio de la Llave,Economic,High Risk
998,Martha Nájera,50,142.67,7,533,0.26,Nayarit,Economic,High Risk
999,Carmen Isabel Navarro Montañez,61,280.8,16,584,0.25,Campeche,Economic,High Risk
1000,Sra. Soledad de Jesús,47,185.31,20,666,0.4,Distrito Federal,Economic,Medium Risk
1001,Cristina Berta Luevano Beltrán,51,194.04,16,554,0.44,San Luis Potosí,Economic,High Risk
1002,Dr. José Eduardo Loera,27,99.39,9,592,0.32,Nayarit,Economic,High Risk
1003,Natividad Casares Gastélum,48,230.82,1,568,0.13,Tabasco,Economic,High Risk
1004,Óliver Alfredo Murillo,67,199.86,15,563,0.24,Nuevo León,Economic,High Risk
1005,Aldonza Sanches,41,190.22,5,634,0.44,Chihuahua,Economic,High Risk
1006,Mauro Gerardo Valdivia,54,133.86,3,609,0.42,Nuevo León,Economic,High Risk
1007,Sra. Anel Barraza,26,238.76,0,537,0.58,Jalisco,Economic,High Risk
1008,Mónica Perea Zavala,22,174.74,2,640,0.11,Puebla,Economic,High Risk
1009,Luis Manuel Eduardo Holguín,54,224.23,25,658,0.57,Sinaloa,Economic,Medium Risk
1010,Sr. Rufino Carreón,54,264.03,13,653,0.27,Distrito Federal,Economic,Medium Risk
1011,Leonor Garay Ledesma,21,256.33,0,542,0.11,Zacatecas,Economic,High Risk
1012,Jos Monroy,47,317.31,19,596,0.56,Tlaxcala,Economic,High Risk
1013,Dr. Ángel Treviño,28,421.35,4,644,0.5,Morelos,Economic,High Risk
1014,Vanesa Rael,33,274.84,2,646,0.49,Tamaulipas,Economic,High Risk
1015,Estela Paulina Bañuelos Garibay,58,307.02,39,619,0.19,Quintana Roo,Economic,High Risk
1016,Jorge Luis Collado Zamudio,59,291.08,29,558,0.5,Chihuahua,Economic,High Risk
1017,Margarita Mónica Rentería,58,176.5,19,676,0.52,Sinaloa,Economic,Medium Risk
1018,Sra. María Elena Zamora,43,423.28,2,635,0.59,Nuevo León,Economic,High Risk
1019,Esparta Judith del Valle,53,338.67,5,577,0.47,Puebla,Economic,High Risk
1020,Rufino Aldo Crespo,28,50.15,3,666,0.27,Jalisco,Economic,Medium Risk
1021,Wilfrido Delgadillo,43,322.45,0,579,0.42,Hidalgo,Economic,High Risk
1022,Carlos Pablo Jaimes Páez,35,443.95,6,560,0.57,Baja California Sur,Economic,High Risk
1023,Nayeli de León,60,407.24,7,547,0.39,Michoacán de Ocampo,Economic,High Risk
1024,Leonor Armas Villalpando,59,454.19,22,570,0.42,Oaxaca,Economic,High Risk
1025,Hernán Vicente Collado Fuentes,30,284.03,9,643,0.2,Colima,Economic,High Risk
1026,Benito Caldera Anguiano,49,162.29,3,549,0.1,Tabasco,Economic,High Risk
1027,Agustín Darío de la O,65,123.37,36,574,0.12,Zacatecas,Economic,High Risk
1028,Karina Robles Godínez,23,180.2,1,665,0.42,Oaxaca,Economic,Medium Risk
1029,Jos Modesto Baeza,59,235.52,34,523,0.55,Nayarit,Economic,High Risk
1030,Lic. Estela Escalante,25,232.1,3,522,0.43,Morelos,Economic,High Risk
1031,Amador Gregorio Rojo Villarreal,25,736.32,3,584,0.53,Zacatecas,Economic,High Risk
1032,Helena Helena Montero Cardenas,61,189.48,0,508,0.22,Sonora,Economic,High Risk
1033,Irma Nava Bañuelos,21,147.0,2,602,0.56,Baja California,Economic,High Risk
1034,Dolores Elena Patiño Nájera,40,239.25,6,560,0.37,Colima,Economic,High Risk
1035,Mauro Lozada,37,191.97,16,553,0.38,San Luis Potosí,Economic,High Risk
1036,Leonel Reynaldo Olmos Carranza,30,284.42,6,547,0.4,Morelos,Economic,High Risk
1037,José Manuél Elias Samaniego,26,403.73,4,680,0.39,Nayarit,Economic,Medium Risk
1038,Georgina Negrete Casares,32,150.49,5,525,0.24,Sinaloa,Economic,High Risk
1039,Ernesto Sergio Ramírez Ayala,57,375.15,23,659,0.59,Hidalgo,Economic,Medium Risk
1040,Augusto Linares Pelayo,27,208.23,0,641,0.4,Baja California,Economic,High Risk
1041,Cristina Minerva Gutiérrez Pantoja,35,123.49,5,536,0.42,Aguascalientes,Economic,High Risk
1042,Francisco Javier Luis Miguel Gaona Montes,48,282.63,25,530,0.26,Nuevo León,Economic,High Risk
1043,Lic. Yeni Aranda,57,221.16,3,560,0.44,Sonora,Economic,High Risk
1044,Natividad Carrero Laboy,61,487.71,37,641,0.16,Tabasco,Economic,High Risk
1045,Alvaro Daniel Navarrete,21,164.36,0,501,0.58,Veracruz de Ignacio de la Llave,Economic,High Risk
1046,Patricio Medrano,39,371.45,19,628,0.38,Tamaulipas,Economic,High Risk
1047,Lic. Samuel Ortiz,26,155.94,0,664,0.1,Coahuila de Zaragoza,Economic,Medium Risk
1048,Aurora Ana Luisa Botello,26,419.99,1,562,0.47,Oaxaca,Economic,High Risk
1049,Ramón Agustín Sarabia Godínez,67,451.29,16,590,0.48,Michoacán de Ocampo,Economic,High Risk
1050,Inés Olivia Urbina,42,68.29,8,630,0.14,Veracruz de Ignacio de la Llave,Economic,High Risk
1051,José Carlos Salgado,57,182.85,28,526,0.48,Oaxaca,Economic,High Risk
1052,Marcos de la Crúz Espinoza,58,535.53,9,623,0.28,Zacatecas,Economic,High Risk
1053,Sofía Pabón,45,152.71,6,592,0.46,Campeche,Economic,High Risk
1054,Serafín Arturo Ocasio,31,250.82,8,668,0.39,Michoacán de Ocampo,Economic,Medium Risk
1055,Lic. Enrique Apodaca,33,154.41,5,558,0.32,Durango,Economic,High Risk
1056,Víctor Camacho Maestas,57,406.53,13,653,0.24,Guanajuato,Economic,Medium Risk
1057,María Elena Olivera Posada,36,186.85,0,606,0.24,Querétaro,Economic,High Risk
1058,Olivia Isabela Vallejo Monroy,68,131.13,16,592,0.36,San Luis Potosí,Economic,High Risk
1059,Dra. Ariadna Holguín,47,185.01,5,642,0.45,Hidalgo,Economic,High Risk
1060,Karla del Valle Arias,66,439.89,20,556,0.12,Baja California Sur,Economic,High Risk
1061,Alejandro Juan Moya Durán,57,215.67,36,509,0.14,Chihuahua,Economic,High Risk
1062,José María Francisco Javier Tórrez Carrero,30,164.49,0,515,0.44,Puebla,Economic,High Risk
1063,Ing. María Cristina Marroquín,29,220.45,5,593,0.53,Sonora,Economic,High Risk
1064,Carlos Nájera,21,134.8,0,505,0.14,Sonora,Economic,High Risk
1065,Luisa Espinal,54,151.71,5,526,0.23,Puebla,Economic,High Risk
1066,Juan Barrios Regalado,53,142.98,24,569,0.16,Querétaro,Economic,High Risk
1067,Aurora Silvia Orozco Guardado,27,339.99,1,650,0.42,México,Economic,Medium Risk
1068,Mauro Ulibarri,51,105.33,15,632,0.58,Durango,Economic,High Risk
1069,Jacobo Ernesto Miranda,45,106.69,8,574,0.43,San Luis Potosí,Economic,High Risk
1070,Abelardo Gabriel Corral,44,263.1,4,534,0.35,San Luis Potosí,Economic,High Risk
1071,Ing. Minerva Hurtado,59,161.37,7,523,0.12,México,Economic,High Risk
1072,Homero Rodarte,22,146.71,0,636,0.3,Guanajuato,Economic,High Risk
1073,Abigail Saldivar Garrido,53,448.15,22,602,0.15,Sonora,Economic,High Risk
1074,Ing. Carolina Irizarry,37,248.02,11,615,0.27,Tlaxcala,Economic,High Risk
1075,Hilda Díaz Grijalva,49,311.31,5,633,0.17,San Luis Potosí,Economic,High Risk
1076,Diego Valdez Flores,56,180.16,13,517,0.28,Guanajuato,Economic,High Risk
1077,Germán Sánchez Cervantes,60,140.25,6,584,0.38,Baja California,Economic,High Risk
1078,Aldonza Zúñiga,53,203.22,5,616,0.38,Aguascalientes,Economic,High Risk
1079,Dulce Durán Saldivar,51,152.95,19,651,0.55,Chiapas,Economic,Medium Risk
1080,Claudio Bernabé Balderas Figueroa,32,281.54,6,602,0.13,Distrito Federal,Economic,High Risk
1081,Lorenzo Salcedo,41,119.16,19,595,0.57,Hidalgo,Economic,High Risk
1082,Mónica Sáenz Palomino,62,174.65,35,574,0.59,Sinaloa,Economic,High Risk
1083,Marco Antonio Luis Manuel Saldaña,25,54.26,4,563,0.44,Tabasco,Economic,High Risk
1084,Maximiliano Gerónimo Cavazos,37,200.09,12,592,0.46,Zacatecas,Economic,High Risk
1085,Aldonza Ilse Avilés Ocasio,65,164.96,17,663,0.38,Puebla,Economic,Medium Risk
1086,Homero Roberto Griego Guillen,36,328.13,12,647,0.33,Puebla,Economic,High Risk
1087,Lic. Adriana Zayas,31,207.03,0,603,0.52,Puebla,Economic,High Risk
1088,Dra. Esperanza Montemayor,36,547.16,3,630,0.4,Oaxaca,Economic,High Risk
1089,Espartaco Bernabé Muñiz,69,134.29,2,638,0.49,Sonora,Economic,High Risk
1090,Micaela Nava Ortega,40,280.22,8,574,0.57,Hidalgo,Economic,High Risk
1091,Dr. Tomás Orellana,67,68.26,10,599,0.5,Campeche,Economic,High Risk
1092,Mariana Olivas Gaona,30,231.41,4,638,0.57,Sonora,Economic,High Risk
1093,Celia Alejandra Montaño Reyes,40,228.82,5,552,0.35,Hidalgo,Economic,High Risk
1094,Luis Rivera Quiroz,55,192.95,8,592,0.23,Quintana Roo,Economic,High Risk
1095,Julio César Posada Rosario,69,240.95,33,536,0.26,Tlaxcala,Economic,High Risk
1096,Patricio Vicente Sandoval Mojica,60,361.79,23,512,0.24,Hidalgo,Economic,High Risk
1097,Josefina Tejeda,51,117.92,26,512,0.51,Querétaro,Economic,High Risk
1098,Srita. Carlota Amaya,61,280.83,26,551,0.3,Baja California Sur,Economic,High Risk
1099,Bernabé José Luis Suárez,58,135.46,16,550,0.31,Baja California,Economic,High Risk
1100,Ing. Yuridia Segura,34,142.7,2,546,0.27,Nayarit,Economic,High Risk
1101,Gerónimo Bañuelos,46,218.92,17,553,0.3,Querétaro,Economic,High Risk
1102,María Luisa Ariadna Montañez Casanova,66,252.94,24,530,0.45,Tabasco,Economic,High Risk
1103,Sra. Georgina Correa,59,258.28,35,589,0.57,San Luis Potosí,Economic,High Risk
1104,Lic. Ofelia Cantú,69,132.29,1,672,0.1,Durango,Economic,Medium Risk
1105,Elvia Anel Cabrera,61,346.38,32,639,0.16,Tabasco,Economic,High Risk
1106,Maximiliano Jerónimo Flores,46,208.4,19,650,0.29,Querétaro,Economic,Medium Risk
1107,Abraham Valladares Gómez,43,400.51,5,672,0.53,Michoacán de Ocampo,Economic,Medium Risk
1108,Carmen Micaela González Godínez,41,149.84,8,661,0.27,Querétaro,Economic,Medium Risk
1109,Celia Enríquez,46,524.54,22,573,0.23,Distrito Federal,Economic,High Risk
1110,Alvaro Emiliano Jurado,58,189.85,32,642,0.59,Tlaxcala,Economic,High Risk
1111,Elvia Aguilera Fonseca,46,,14,604,0.3,Baja California,Economic,High Risk
1112,Elvia Castañeda del Río,53,408.27,18,590,0.13,Baja California,Economic,High Risk
1113,Ing. Roberto Berríos,38,199.15,16,632,0.17,Colima,Economic,High Risk
1114,Zeferino Gerónimo Becerra,52,297.7,25,665,0.27,Nayarit,Economic,Medium Risk
1115,Maximiliano Luis Manuel Salgado,61,145.52,18,659,0.11,Tlaxcala,Economic,Medium Risk
1116,Reynaldo Homero Ocampo,34,705.27,8,618,0.16,Distrito Federal,Economic,High Risk
1117,Amador Eric Sanabria,46,212.03,19,674,0.25,Quintana Roo,Economic,Medium Risk
1118,Verónica Norma Juárez Alfaro,33,118.83,11,594,0.6,Campeche,Economic,High Risk
1119,Amanda Flórez Orta,57,337.94,4,524,0.54,Colima,Economic,High Risk
1120,Silvano Ernesto Quintana,52,346.09,23,523,0.51,Nuevo León,Economic,High Risk
1121,Eduardo Carlos Calderón Prado,21,105.52,0,665,0.16,Campeche,Economic,Medium Risk
1122,Ilse Serrano,29,261.6,6,642,0.46,Veracruz de Ignacio de la Llave,Economic,High Risk
1123,Lic. Daniel Valdivia,53,134.9,16,516,0.15,Zacatecas,Economic,High Risk
1124,Lilia Munguía,28,112.9,2,652,0.11,Baja California,Economic,Medium Risk
1125,Sandra Olga Salinas Mateo,58,109.31,33,621,0.41,Yucatán,Economic,High Risk
1126,Ing. Espartaco Navarrete,32,142.13,5,642,0.12,Hidalgo,Economic,High Risk
1127,Omar Villalobos,42,103.07,1,679,0.15,Guanajuato,Economic,Medium Risk
1128,Dra. Trinidad Zambrano,37,121.04,2,675,0.19,Morelos,Economic,Medium Risk
1129,Yuridia Palacios Noriega,34,342.45,14,556,0.55,Campeche,Economic,High Risk
1130,Judith Yuridia Pabón,57,200.58,2,633,0.59,Chiapas,Economic,High Risk
1131,Dr. Cristobal Naranjo,61,127.14,35,505,0.43,Morelos,Economic,High Risk
1132,Cynthia Briones Carvajal,23,83.32,0,642,0.49,Zacatecas,Economic,High Risk
1133,Sandra Caridad Merino Rivera,60,123.48,37,632,0.57,México,Economic,High Risk
1134,Sr. José Luis Bermúdez,62,171.37,36,660,0.29,Aguascalientes,Economic,Medium Risk
1135,Mitzy Andrea Sepúlveda,67,139.14,14,539,0.55,Hidalgo,Economic,High Risk
1136,Amalia Benavídez,45,182.87,0,644,0.5,Yucatán,Economic,High Risk
1137,Jos Hurtado Medina,30,611.74,9,639,0.59,Guerrero,Economic,High Risk
1138,Óscar Reynaldo Centeno,37,364.73,11,617,0.57,Chiapas,Economic,High Risk
1139,Marco Antonio Nájera,40,222.55,10,526,0.46,Tlaxcala,Economic,High Risk
1140,Maximiliano Reynaldo Treviño,39,196.3,4,660,0.5,Colima,Economic,Medium Risk
1141,Nicolás Alvaro Abreu,36,188.49,9,680,0.45,Sonora,Economic,Medium Risk
1142,Dulce Sáenz,63,228.39,4,550,0.4,Jalisco,Economic,High Risk
1143,Sra. Amanda Fernández,46,209.14,6,520,0.15,Puebla,Economic,High Risk
1144,Daniela Montenegro Noriega,52,389.88,21,556,0.39,Zacatecas,Economic,High Risk
1145,Alejandro Arreola,68,187.8,25,598,0.38,Baja California Sur,Economic,High Risk
1146,Rebeca Margarita Cervántez Vélez,68,335.34,10,577,0.43,Querétaro,Economic,High Risk
1147,Ángela Pulido,68,322.01,23,661,0.37,Baja California,Economic,Medium Risk
1148,Adriana Tania Esquibel Laureano,60,292.52,32,631,0.15,Tamaulipas,Economic,High Risk
1149,Guillermina Orosco,21,296.11,0,600,0.54,Oaxaca,Economic,High Risk
1150,Gonzalo Ulloa Montemayor,31,204.92,8,584,0.11,Quintana Roo,Economic,High Risk
1151,Patricio Rodarte Ontiveros,60,365.96,19,547,0.14,Querétaro,Economic,High Risk
1152,Cristobal Solorio Pacheco,51,169.96,10,663,0.31,Puebla,Economic,Medium Risk
1153,Rubén Chavarría Guerrero,28,464.38,2,627,0.3,Tlaxcala,Economic,High Risk
1154,Amador Leonel Montoya,34,240.82,5,622,0.15,Colima,Economic,High Risk
1155,Porfirio Espartaco Torres Garibay,35,200.98,7,652,0.26,Sonora,Economic,Medium Risk
1156,Amanda Mónica Crespo,60,348.36,2,549,0.32,México,Economic,High Risk
1157,Alfredo José María Ulloa Batista,43,210.44,6,671,0.58,Zacatecas,Economic,Medium Risk
1158,Rosario Sara Valle Bustamante,41,271.7,11,623,0.55,Distrito Federal,Economic,High Risk
1159,Ing. Mauricio Ceja,67,288.98,18,632,0.59,Aguascalientes,Economic,High Risk
1160,Maximiliano Lovato Jurado,36,167.91,5,517,0.46,Tabasco,Economic,High Risk
1161,Rolando Rubén Quintana,22,87.9,0,501,0.34,Yucatán,Economic,High Risk
1162,Lic. César Orozco,49,,2,606,0.51,Baja California,Economic,High Risk
1163,Juana Linares,65,178.34,14,643,0.11,Durango,Economic,High Risk
1164,Fabiola Gloria Laureano,35,351.39,7,609,0.2,Tabasco,Economic,High Risk
1165,Gabriel Padilla Negrón,27,412.67,2,584,0.22,México,Economic,High Risk
1166,Eloy Pablo Ramírez Varela,56,204.22,34,650,0.47,Durango,Economic,Medium Risk
1167,Lic. Antonia Macías,65,154.57,11,559,0.41,Durango,Economic,High Risk
1168,Zoé Quintero,31,153.41,6,538,0.16,Guerrero,Economic,High Risk
1169,Ing. Luis Pantoja,58,521.95,2,646,0.21,Campeche,Economic,High Risk
1170,Gerardo Maximiliano Madera,64,131.0,4,658,0.41,Campeche,Economic,Medium Risk
1171,Santiago Mauro Zamudio,51,157.07,26,509,0.53,Chiapas,Economic,High Risk
1172,Marisol Mayte Estrada Quiñones,64,531.37,8,500,0.44,Aguascalientes,Economic,High Risk
1173,Liliana Iglesias Orta,24,260.46,2,635,0.26,Chiapas,Economic,High Risk
1174,Silvia Reina Marín,66,103.72,5,677,0.5,Tabasco,Economic,Medium Risk
1175,Uriel Carrera,54,279.68,17,601,0.16,Sonora,Economic,High Risk
1176,Hernán Rafaél Balderas Altamirano,33,104.98,2,527,0.22,San Luis Potosí,Economic,High Risk
1177,Ing. Raquel Porras,29,347.65,4,503,0.13,Guanajuato,Economic,High Risk
1178,Abril Frida Frías Mendoza,52,264.33,18,607,0.49,México,Economic,High Risk
1179,Gabino Carrión,27,262.59,4,599,0.51,Tamaulipas,Economic,High Risk
1180,Antonia Lucero Esquibel,29,495.17,6,585,0.46,Michoacán de Ocampo,Economic,High Risk
1181,Mauro Darío Tejeda Jáquez,35,159.63,3,656,0.46,Guanajuato,Economic,Medium Risk
1182,Dr. Leonardo Barraza,59,251.45,9,639,0.3,Aguascalientes,Economic,High Risk
1183,Lic. Cynthia Olivárez,34,152.78,9,562,0.48,Guanajuato,Economic,High Risk
1184,Micaela Alejandro Urrutia,22,172.34,2,610,0.42,Veracruz de Ignacio de la Llave,Economic,High Risk
1185,Sr. Aurelio Murillo,45,191.56,16,660,0.46,Nuevo León,Economic,Medium Risk
1186,Claudio Reynoso Colunga,23,204.86,0,599,0.39,Oaxaca,Economic,High Risk
1187,Jesús José Manuél Flórez Soto,21,206.82,1,605,0.29,Yucatán,Economic,High Risk
1188,Sr. Jacobo Aranda,40,335.5,9,518,0.13,Yucatán,Economic,High Risk
1189,Esteban Benavides,24,107.41,3,617,0.53,Querétaro,Economic,High Risk
1190,Carolina Carrión Merino,35,172.68,16,503,0.18,Distrito Federal,Economic,High Risk
1191,Mariana Cabrera Zamudio,39,97.99,10,597,0.2,San Luis Potosí,Economic,High Risk
1192,Juana Lorena Merino,61,117.25,25,571,0.45,Guerrero,Economic,High Risk
1193,José Castellanos Juárez,68,222.6,1,633,0.5,Hidalgo,Economic,High Risk
1194,Pablo Rolando Partida Cavazos,53,647.3,8,564,0.32,Hidalgo,Economic,High Risk
1195,Reynaldo de la Garza Jaime,47,499.05,6,535,0.26,Tamaulipas,Economic,High Risk
1196,Eugenio Fajardo Véliz,51,488.63,13,664,0.31,Baja California,Economic,Medium Risk
1197,Trinidad Cepeda,42,254.04,10,608,0.6,Morelos,Economic,High Risk
1198,Gustavo Benito Jaramillo,24,312.12,2,571,0.18,Sonora,Economic,High Risk
1199,Carlos Gaitán,48,338.47,26,580,0.27,Colima,Economic,High Risk
1200,Margarita Santana Lira,24,265.32,4,627,0.3,Veracruz de Ignacio de la Llave,Economic,High Risk
1201,Ing. Paulina Valadez,21,266.81,0,506,0.18,Chihuahua,Economic,High Risk
1202,Ramiro Villegas,40,141.61,1,680,0.31,Guanajuato,Economic,Medium Risk
1203,Guadalupe Bustamante Quiroz,48,347.42,7,509,0.44,Tabasco,Economic,High Risk
1204,Eva Camacho Perales,31,234.9,7,555,0.16,Distrito Federal,Economic,High Risk
1205,Dr. Hugo Prado,49,439.28,26,546,0.12,Distrito Federal,Economic,High Risk
1206,Abelardo Mariano Peres Nazario,69,257.73,23,663,0.14,Zacatecas,Economic,Medium Risk
1207,María Luisa Dulce María de la Torre Miranda,57,284.31,37,666,0.25,Tabasco,Economic,Medium Risk
1208,Lucas Juan Carlos Magaña,57,96.97,33,521,0.45,Chiapas,Economic,High Risk
1209,Ignacio de la Torre,55,295.46,12,598,0.56,Aguascalientes,Economic,High Risk
1210,Rebeca Batista Villanueva,39,326.69,15,579,0.13,Chiapas,Economic,High Risk
1211,Dr. César Rodríquez,34,376.64,8,680,0.59,Puebla,Economic,Medium Risk
1212,Rebeca Zamudio Castillo,31,211.62,6,539,0.3,Guerrero,Economic,High Risk
1213,Rebeca Úrsula Ramos,42,226.31,14,582,0.25,Quintana Roo,Economic,High Risk
1214,Ernesto Evelio Ortiz Jiménez,48,258.88,6,678,0.58,Chihuahua,Economic,Medium Risk
1215,Lic. Emilia Collado,52,193.09,30,519,0.35,Quintana Roo,Economic,High Risk
1216,Adalberto Jorge Pacheco,37,239.6,10,504,0.58,Durango,Economic,High Risk
1217,Srita. Ilse Maldonado,34,153.51,4,665,0.28,Zacatecas,Economic,Medium Risk
1218,Isabela Valdivia Roque,29,271.79,4,515,0.56,Veracruz de Ignacio de la Llave,Economic,High Risk
1219,Nayeli Casárez,60,239.57,17,591,0.42,Quintana Roo,Economic,High Risk
1220,Estefanía Tania Candelaria,39,281.4,3,622,0.42,Colima,Economic,High Risk
1221,Daniela Castellanos,70,309.15,31,629,0.48,Coahuila de Zaragoza,Economic,High Risk
1222,Lic. Isaac Collado,32,195.86,6,672,0.21,Baja California,Economic,Medium Risk
1223,Nicolás Víctor Padilla,36,108.76,12,674,0.39,Baja California Sur,Economic,Medium Risk
1224,Sra. Sofía Robledo,55,134.3,33,675,0.46,Coahuila de Zaragoza,Economic,Medium Risk
1225,Lic. Virginia Nieves,32,296.18,3,650,0.15,Guerrero,Economic,Medium Risk
1226,Octavio Rafaél Posada Corrales,49,341.95,27,655,0.13,Veracruz de Ignacio de la Llave,Economic,Medium Risk
1227,Guadalupe María Luisa Soliz Valenzuela,56,163.08,18,613,0.56,Tamaulipas,Economic,High Risk
1228,Berta Casanova Briones,27,174.8,2,593,0.38,Chiapas,Economic,High Risk
1229,Carlos Samuel Narváez Acuña,53,310.43,25,540,0.12,San Luis Potosí,Economic,High Risk
1230,Yuridia Ariadna Piña,56,161.74,31,642,0.54,Campeche,Economic,High Risk
1231,Gustavo Fernando Muñiz,39,174.42,7,660,0.33,Guerrero,Economic,Medium Risk
1232,Fabiola Esperanza Arce Tórrez,45,228.13,25,560,0.28,Puebla,Economic,High Risk
1233,Soledad Rincón,30,195.26,4,512,0.5,San Luis Potosí,Economic,High Risk
1234,Santiago Soliz,37,333.68,2,536,0.2,Baja California,Economic,High Risk
1235,Martha de la Fuente,28,402.85,5,517,0.5,Morelos,Economic,High Risk
1236,Dra. Angélica Olivo,43,131.97,13,669,0.58,Sonora,Economic,Medium Risk
1237,Sra. Nancy Vaca,46,153.22,19,558,0.25,Guerrero,Economic,High Risk
1238,Evelio Aldo Salcedo,64,378.2,29,606,0.46,México,Economic,High Risk
1239,Porfirio Abraham Espinoza Rivero,68,318.8,8,539,0.14,Baja California Sur,Economic,High Risk
1240,Carlos Rufino Barajas Urbina,52,200.55,29,617,0.5,Guerrero,Economic,High Risk
1241,Mario Héctor Colunga,66,428.9,16,674,0.22,Sinaloa,Economic,Medium Risk
1242,Federico Luna Carmona,35,303.84,9,511,0.6,Baja California Sur,Economic,High Risk
1243,Anabel Espinosa Sosa,67,297.38,42,520,0.25,Michoacán de Ocampo,Economic,High Risk
1244,Ing. Elvira de la Torre,35,104.3,10,622,0.28,Querétaro,Economic,High Risk
1245,Marisol Inés Urías Malave,32,191.05,7,608,0.21,Oaxaca,Economic,High Risk
1246,Dr. Gerardo Macías,31,190.63,11,557,0.56,San Luis Potosí,Economic,High Risk
1247,Ing. Caridad Arroyo,47,108.42,22,666,0.46,Nayarit,Economic,Medium Risk
1248,Lic. Jesús Curiel,70,219.35,14,516,0.26,Guanajuato,Economic,High Risk
1249,Ing. Alicia Medina,57,291.64,31,541,0.33,Sonora,Economic,High Risk
1250,Leonel Hernán Chapa Arce,57,183.88,25,559,0.2,Morelos,Economic,High Risk
1251,Dra. Angélica Véliz,57,339.7,14,606,0.13,Chihuahua,Economic,High Risk
1252,Dulce Marcela Rico Hernandes,54,138.21,32,516,0.38,Aguascalientes,Economic,High Risk
1253,Rodrigo Arriaga,47,126.7,23,646,0.3,Yucatán,Economic,High Risk
1254,Luis Emilio Pabón,60,176.43,11,518,0.56,Guanajuato,Economic,High Risk
1255,Amanda Julia Alba,55,120.21,21,677,0.38,Colima,Economic,Medium Risk
1256,Ing. Serafín Amador,48,142.72,5,672,0.47,Nayarit,Economic,Medium Risk
1257,Srita. Carlota Gaona,23,221.7,0,552,0.29,Puebla,Economic,High Risk
1258,Perla Almaraz Urbina,54,194.41,7,642,0.27,Nuevo León,Economic,High Risk
1259,José René Lemus,29,162.9,0,595,0.13,Sonora,Economic,High Risk
1260,Luis Manuel Pablo Bañuelos de la Garza,59,213.86,26,524,0.11,Quintana Roo,Economic,High Risk
1261,Ángel Mojica,51,426.83,29,532,0.5,Sinaloa,Economic,High Risk
1262,Francisco Maya,52,310.01,9,520,0.36,Tlaxcala,Economic,High Risk
1263,Anabel Solorzano Gaitán,53,194.51,7,633,0.45,Oaxaca,Economic,High Risk
1264,Antonio Ángel Quiñónez,61,318.01,2,618,0.27,Tlaxcala,Economic,High Risk
1265,Reina Portillo Pérez,37,106.96,15,648,0.13,Morelos,Economic,High Risk
1266,Horacio Villareal Cavazos,31,357.14,4,523,0.56,Nuevo León,Economic,High Risk
1267,Oswaldo Agustín Trujillo,49,148.46,15,634,0.45,Baja California Sur,Economic,High Risk
1268,Conchita Burgos Mendoza,52,283.53,16,583,0.17,Quintana Roo,Economic,High Risk
1269,Sra. Socorro Mota,40,232.42,2,542,0.35,Jalisco,Economic,High Risk
1270,Patricio Mauro Garay Loera,43,204.79,7,508,0.26,Chihuahua,Economic,High Risk
1271,Amelia Espinosa Rodríguez,69,240.13,38,679,0.27,Aguascalientes,Economic,Medium Risk
1272,José Luis Camilo Rodarte Rolón,31,288.71,3,509,0.56,Chiapas,Economic,High Risk
1273,Enrique Ricardo Olmos,24,324.92,0,562,0.3,Tamaulipas,Economic,High Risk
1274,Dra. Berta Porras,53,270.74,15,566,0.16,Nayarit,Economic,High Risk
1275,Estela Magdalena Padilla Anaya,42,117.53,11,505,0.48,San Luis Potosí,Economic,High Risk
1276,Adán Sergio Villagómez,43,159.26,18,523,0.3,Chihuahua,Economic,High Risk
1277,Jesús Héctor Casares Llamas,22,90.44,0,504,0.29,Zacatecas,Economic,High Risk
1278,Dra. Sessa Almanza,52,216.2,6,533,0.55,Chiapas,Economic,High Risk
1279,Salma Ornelas,68,187.76,19,546,0.37,Nayarit,Economic,High Risk
1280,Inés Carrasco,44,199.64,21,605,0.1,Distrito Federal,Economic,High Risk
1281,Lic. Vicente Solís,41,165.46,12,611,0.23,Aguascalientes,Economic,High Risk
1282,Conchita Marisela Palomino Ferrer,61,217.83,13,511,0.57,Sinaloa,Economic,High Risk
1283,Hernán Longoria Palomino,48,381.15,6,583,0.51,Puebla,Economic,High Risk
1284,Dra. Soledad Reyes,47,109.73,25,524,0.48,México,Economic,High Risk
1285,Nayeli Mónica Báez Jaramillo,36,150.32,14,652,0.22,Colima,Economic,Medium Risk
1286,Dr. Óliver Longoria,28,198.68,5,617,0.26,Querétaro,Economic,High Risk
1287,César Espartaco Camarillo Ochoa,26,308.45,7,550,0.2,Morelos,Economic,High Risk
1288,Yolanda Cano Rocha,51,152.21,30,597,0.58,Yucatán,Economic,High Risk
1289,Yuridia Zapata Pedraza,38,195.68,14,671,0.13,Quintana Roo,Economic,Medium Risk
1290,Marco Antonio Segovia,67,538.18,7,538,0.16,México,Economic,High Risk
1291,Sra. Estela Aguirre,67,225.92,44,590,0.34,Aguascalientes,Economic,High Risk
1292,Abril Barbara Bermúdez,69,359.38,12,572,0.13,Puebla,Economic,High Risk
1293,Lic. Guillermo Valladares,33,,2,574,0.34,Yucatán,Economic,High Risk
1294,Ing. Alfredo Soto,69,557.79,17,602,0.13,Baja California Sur,Economic,High Risk
1295,Timoteo Anguiano,61,399.51,34,533,0.25,Baja California Sur,Economic,High Risk
1296,Alfredo Augusto Acosta Pedroza,40,432.41,16,630,0.57,Guerrero,Economic,High Risk
1297,Isabela Benítez Caldera,59,216.64,35,638,0.54,Sinaloa,Economic,High Risk
1298,Ramón Ramiro Aponte,51,449.15,28,511,0.5,Puebla,Economic,High Risk
1299,Mauricio Carmona,63,457.11,2,665,0.18,Michoacán de Ocampo,Economic,Medium Risk
1300,Lorenzo Pascual Amaya Rivero,55,495.25,8,628,0.19,Hidalgo,Economic,High Risk
1301,Mateo Tijerina,34,,2,588,0.15,Campeche,Economic,High Risk
1302,Vicente Óliver Santacruz,25,195.35,3,583,0.47,Colima,Economic,High Risk
1303,Socorro Murillo,70,233.84,16,593,0.45,Guerrero,Economic,High Risk
1304,Dulce María Fonseca,21,400.39,0,661,0.43,Hidalgo,Economic,Medium Risk
1305,Salvador Bañuelos Guerrero,43,247.25,19,594,0.24,Colima,Economic,High Risk
1306,Esperanza Paulina Gollum,59,366.1,38,579,0.49,Hidalgo,Economic,High Risk
1307,Araceli Sosa Grijalva,56,156.75,23,518,0.16,Chihuahua,Economic,High Risk
1308,Estefanía Trinidad Cardenas,24,210.24,0,628,0.38,Tabasco,Economic,High Risk
1309,Florencia Silvia Rico,21,230.84,0,623,0.12,Guanajuato,Economic,High Risk
1310,Aurora Almanza Benítez,39,165.88,1,541,0.25,Coahuila de Zaragoza,Economic,High Risk
1311,Sra. Irene Guerra,65,156.78,34,544,0.5,Morelos,Economic,High Risk
1312,Ofelia Armendáriz,41,400.83,14,589,0.57,Chiapas,Economic,High Risk
1313,Ing. Hermelinda Casárez,26,484.51,0,614,0.19,Jalisco,Economic,High Risk
1314,Julio César Miguel Ángel Santiago Tirado,68,132.28,19,589,0.45,México,Economic,High Risk
1315,Alejandra Esparta Segovia,65,292.58,28,503,0.18,Yucatán,Economic,High Risk
1316,Renato Godínez,28,246.5,1,501,0.54,Querétaro,Economic,High Risk
1317,Juan Cotto Mesa,58,309.47,28,551,0.59,Campeche,Economic,High Risk
1318,Eva Lourdes Cuellar,36,362.37,11,641,0.16,Nayarit,Economic,High Risk
1319,Amalia Espinal Alva,29,115.6,10,594,0.44,Jalisco,Economic,High Risk
1320,Víctor Reynoso,23,252.11,5,518,0.11,Sinaloa,Economic,High Risk
1321,Octavio Rubén Vera Morales,69,158.84,38,650,0.54,Guanajuato,Economic,Medium Risk
1322,Srita. Inés Nieves,31,114.53,1,575,0.1,Nayarit,Economic,High Risk
1323,Olga Citlali Menéndez,61,275.85,37,638,0.24,México,Economic,High Risk
1324,Ángel César Garrido,50,285.57,7,509,0.52,Oaxaca,Economic,High Risk
1325,Lic. Luis Manuel Nieves,29,280.49,6,596,0.55,Zacatecas,Economic,High Risk
1326,Raúl Alfredo Mena,41,116.79,9,601,0.36,Colima,Economic,High Risk
1327,Olivia Barragán Moya,51,418.67,6,624,0.49,México,Economic,High Risk
1328,Minerva Cornejo,35,197.33,7,595,0.26,México,Economic,High Risk
1329,Teresa Soledad Montaño Jaramillo,23,321.09,0,504,0.44,Querétaro,Economic,High Risk
1330,Rebeca Escamilla,55,145.89,18,613,0.51,Morelos,Economic,High Risk
1331,Abril Adriana Griego,70,232.85,32,513,0.2,Michoacán de Ocampo,Economic,High Risk
1332,Celia Aguilar Salinas,68,174.54,41,626,0.43,Tlaxcala,Economic,High Risk
1333,Srita. Rocío Páez,47,183.63,26,644,0.11,Baja California,Economic,High Risk
1334,Carmen Cristal Tapia Galván,58,439.83,24,635,0.49,Zacatecas,Economic,High Risk
1335,Omar Ruiz Maestas,29,181.6,7,549,0.49,Puebla,Economic,High Risk
1336,Roberto Dávila,26,291.03,0,643,0.41,Chihuahua,Economic,High Risk
1337,Hugo Holguín Tirado,52,352.57,1,605,0.35,Zacatecas,Economic,High Risk
1338,Isaac Ferrer Arce,52,127.77,6,620,0.14,México,Economic,High Risk
1339,Eloisa Silvia Mojica,59,,0,617,0.58,Tabasco,Economic,High Risk
1340,Florencia Mercedes Ybarra Rosado,22,265.37,0,578,0.14,Baja California,Economic,High Risk
1341,Dr. José Eduardo Nava,48,392.53,0,526,0.43,Yucatán,Economic,High Risk
1342,Genaro Sierra,35,110.84,4,501,0.33,Baja California,Economic,High Risk
1343,Wilfrido Homero Armenta,54,267.44,1,545,0.37,Coahuila de Zaragoza,Economic,High Risk
1344,Zacarías Linares Merino,49,181.95,22,522,0.49,Tabasco,Economic,High Risk
1345,Uriel Negrón,31,355.3,10,560,0.43,México,Economic,High Risk
1346,Esperanza Gabriela Alba Cotto,26,332.06,1,519,0.39,Guerrero,Economic,High Risk
1347,Rodolfo Vélez,68,271.81,21,526,0.22,Guerrero,Economic,High Risk
1348,Vanesa Anabel Correa Salas,69,169.04,20,588,0.11,Guanajuato,Economic,High Risk
1349,Pablo Loera Sierra,38,313.97,9,521,0.45,Nayarit,Economic,High Risk
1350,Renato Quintanilla Gastélum,67,311.65,13,568,0.29,San Luis Potosí,Economic,High Risk
1351,Gabino Francisco Javier Granados,64,341.37,4,558,0.57,Yucatán,Economic,High Risk
1352,Mario Benjamín Vaca,66,164.66,36,615,0.39,Aguascalientes,Economic,High Risk
1353,Emilio Armando Medrano,67,161.11,41,679,0.32,Tamaulipas,Economic,Medium Risk
1354,Dr. Gilberto Carvajal,61,209.01,4,566,0.47,Jalisco,Economic,High Risk
1355,Camilo Escobedo Ceja,63,210.42,0,562,0.14,Guanajuato,Economic,High Risk
1356,Aldo Ramón Almanza Covarrubias,37,202.2,7,674,0.28,México,Economic,Medium Risk
1357,Karina Delgado Naranjo,44,256.88,2,552,0.12,Yucatán,Economic,High Risk
1358,Rubén Humberto Cepeda Padrón,43,135.03,16,671,0.35,Nayarit,Economic,Medium Risk
1359,Cynthia Canales,66,284.6,18,581,0.11,Chihuahua,Economic,High Risk
1360,Teresa Jaqueline Griego Ybarra,66,188.77,16,599,0.22,Guanajuato,Economic,High Risk
1361,Natividad Velázquez Ávila,67,280.87,8,550,0.22,Nuevo León,Economic,High Risk
1362,Benito Mesa Osorio,68,181.22,5,522,0.35,Tlaxcala,Economic,High Risk
1363,Ing. Cristobal Orta,25,250.08,0,583,0.18,Guanajuato,Economic,High Risk
1364,Ing. Minerva Tovar,29,104.21,1,678,0.14,Querétaro,Economic,Medium Risk
1365,Gloria Esther Candelaria,34,239.73,4,541,0.53,Coahuila de Zaragoza,Economic,High Risk
1366,Jonás Valdez,55,140.66,15,577,0.35,Guerrero,Economic,High Risk
1367,Martín Ceja,31,171.05,0,678,0.46,Veracruz de Ignacio de la Llave,Economic,Medium Risk
1368,Ariadna Montero Griego,58,146.47,0,657,0.28,Coahuila de Zaragoza,Economic,Medium Risk
1369,Lucas Javier Dávila Montenegro,44,343.11,17,646,0.44,San Luis Potosí,Economic,High Risk
1370,Marisol Malave,36,229.97,0,663,0.25,Tamaulipas,Economic,Medium Risk
1371,Berta Vanesa Valencia,27,311.21,4,533,0.35,México,Economic,High Risk
1372,Srita. Elena Camarillo,43,73.59,13,564,0.14,Jalisco,Economic,High Risk
1373,Fabiola Clara Urías Díaz,56,163.87,20,669,0.32,Oaxaca,Economic,Medium Risk
1374,Lic. Noemí Sanabria,35,288.35,12,642,0.55,Campeche,Economic,High Risk
1375,Clara Caridad Valentín,22,172.39,0,550,0.58,Tamaulipas,Economic,High Risk
1376,Federico Julio Guillen,26,146.94,7,618,0.27,Guanajuato,Economic,High Risk
1377,Fabiola Tello,69,522.18,38,610,0.38,Guerrero,Economic,High Risk
1378,Dra. Celia Aguilar,68,124.43,18,505,0.48,Coahuila de Zaragoza,Economic,High Risk
1379,Hugo Rentería,41,138.36,11,654,0.44,Quintana Roo,Economic,Medium Risk
1380,Jerónimo Tello Ybarra,66,,25,675,0.16,Baja California Sur,Economic,Medium Risk
1381,Marisol Gálvez Carrero,38,253.64,18,517,0.13,Guerrero,Economic,High Risk
1382,Diana Aldonza Tamayo Quezada,42,184.32,22,511,0.37,San Luis Potosí,Economic,High Risk
1383,Guillermo Velásquez Santana,27,194.37,0,580,0.51,Sonora,Economic,High Risk
1384,Rosalia Juana Montaño,66,233.34,23,598,0.43,Distrito Federal,Economic,High Risk
1385,Agustín Rodarte,28,500.92,1,628,0.31,Baja California,Economic,High Risk
1386,Nadia Claudia Gamboa Verduzco,56,212.84,2,575,0.36,Oaxaca,Economic,High Risk
1387,Claudia Molina Orellana,39,392.04,17,623,0.18,Distrito Federal,Economic,High Risk
1388,Dra. Cynthia Vázquez,37,494.33,2,635,0.22,Tamaulipas,Economic,High Risk
1389,Antonio Julio Rolón Ayala,63,251.05,1,516,0.46,Sinaloa,Economic,High Risk
1390,Guadalupe Cristina Bustamante,26,220.29,3,637,0.14,Coahuila de Zaragoza,Economic,High Risk
1391,Jerónimo Elias Muñoz,59,288.56,10,517,0.23,Querétaro,Economic,High Risk
1392,Lic. Lorenzo Huerta,51,110.64,0,624,0.28,Coahuila de Zaragoza,Economic,High Risk
1393,Luz Teresa Niño,69,304.22,32,560,0.5,Tamaulipas,Economic,High Risk
1394,Lic. Gabriela Montez,27,295.36,3,624,0.47,Jalisco,Economic,High Risk
1395,Arcelia Granado Contreras,56,287.15,27,581,0.44,Tabasco,Economic,High Risk
1396,Ilse Benítez Cardenas,54,277.96,3,592,0.27,Durango,Economic,High Risk
1397,Ana Luisa Rocío Abrego Morales,23,390.19,1,587,0.1,Nuevo León,Economic,High Risk
1398,Lic. Rolando Orellana,64,346.45,11,663,0.19,Guanajuato,Economic,Medium Risk
1399,Berta Ofelia Lucero,39,239.33,10,598,0.13,San Luis Potosí,Economic,High Risk
1400,Ricardo Israel Pedraza Viera,26,160.87,1,651,0.33,México,Economic,Medium Risk
1401,Itzel González Venegas,48,182.81,19,636,0.38,San Luis Potosí,Economic,High Risk
1402,Eduardo Domínguez Valle,39,248.13,6,534,0.25,Baja California,Economic,High Risk
1403,Ing. Rocío Ocampo,27,213.77,2,531,0.16,San Luis Potosí,Economic,High Risk
1404,María Luisa Nancy Amaya Pedroza,39,230.01,20,584,0.39,Colima,Economic,High Risk
1405,Carlota Marisol Cortés,58,237.9,14,642,0.44,Sonora,Economic,High Risk
1406,Ing. Luis Tovar,23,180.76,2,552,0.51,Guanajuato,Economic,High Risk
1407,Abraham Varela,42,216.19,5,667,0.59,Sinaloa,Economic,Medium Risk
1408,Alicia Griego,37,170.11,1,532,0.42,San Luis Potosí,Economic,High Risk
1409,Jerónimo Joaquín Rodarte,61,563.83,39,649,0.44,Guanajuato,Economic,High Risk
1410,Gustavo Santiago Tello,58,144.34,13,619,0.2,Quintana Roo,Economic,High Risk
1411,Francisco Raúl Gonzales Pulido,52,232.89,13,680,0.54,Veracruz de Ignacio de la Llave,Economic,Medium Risk
1412,Héctor Rangel,68,227.42,24,506,0.45,Distrito Federal,Economic,High Risk
1413,Marisela Beatriz Villaseñor Varela,24,301.76,0,524,0.45,Zacatecas,Economic,High Risk
1414,Clara Vigil,48,241.35,11,516,0.32,Distrito Federal,Economic,High Risk
1415,Adalberto Aragón Guajardo,63,183.04,7,579,0.41,Michoacán de Ocampo,Economic,High Risk
1416,Lic. Mariano Tamez,42,292.88,11,578,0.49,Nuevo León,Economic,High Risk
1417,Ing. Reynaldo Medina,37,164.34,5,529,0.13,Puebla,Economic,High Risk
1418,Clara Luz Rubio,57,268.27,11,650,0.19,Hidalgo,Economic,Medium Risk
1419,Miriam Norma Vázquez,38,230.12,13,549,0.42,Oaxaca,Economic,High Risk
1420,Estefanía Tejeda Rael,66,157.88,0,501,0.16,Morelos,Economic,High Risk
1421,Micaela Perales,34,341.75,1,565,0.35,Aguascalientes,Economic,High Risk
1422,Samuel Camilo Vázquez Arreola,51,118.87,28,637,0.2,Coahuila de Zaragoza,Economic,High Risk
1423,José Emilio Sierra,65,165.47,13,597,0.41,Baja California Sur,Economic,High Risk
1424,María del Carmen Grijalva,50,138.05,2,546,0.43,Morelos,Economic,High Risk
1425,Alvaro Rufino Villalobos Serrato,49,293.51,0,518,0.19,Hidalgo,Economic,High Risk
1426,Teodoro Chacón Orellana,67,534.77,10,572,0.4,Nayarit,Economic,High Risk
1427,Guillermo Cintrón,46,187.94,23,571,0.21,Baja California,Economic,High Risk
1428,Teodoro Lerma,25,329.96,2,640,0.11,Tlaxcala,Economic,High Risk
1429,Dr. Felix Laureano,45,217.47,1,628,0.48,México,Economic,High Risk
1430,Miriam Esparta Alonzo,25,238.59,1,601,0.37,México,Economic,High Risk
1431,Javier Rodríquez,56,348.85,4,623,0.26,Tlaxcala,Economic,High Risk
1432,María Elena Ruby Hernandes,70,173.94,34,584,0.45,Puebla,Economic,High Risk
1433,Espartaco Modesto Guerra,66,145.18,22,626,0.57,Tlaxcala,Economic,High Risk
1434,Bruno Anaya,69,418.12,31,584,0.21,Morelos,Economic,High Risk
1435,Eloy Federico Santillán Abreu,45,57.65,22,674,0.46,Veracruz de Ignacio de la Llave,Economic,Medium Risk
1436,Santiago Abraham Negrón,33,492.01,5,590,0.53,Tabasco,Economic,High Risk
1437,María Elena Salcido Vela,35,313.81,9,529,0.2,Oaxaca,Economic,High Risk
1438,Abraham Federico Arce Nava,41,264.94,9,500,0.24,Guerrero,Economic,High Risk
1439,Lic. Norma Collazo,63,121.07,26,593,0.57,Tamaulipas,Economic,High Risk
1440,Verónica Pilar Tórrez Cantú,54,154.55,8,653,0.22,Quintana Roo,Economic,Medium Risk
1441,Elvira Merino,32,280.14,11,647,0.22,Guerrero,Economic,High Risk
1442,Martín Jacinto Casas,34,128.44,7,549,0.21,Baja California,Economic,High Risk
1443,Genaro Páez,51,109.72,20,675,0.28,Nayarit,Economic,Medium Risk
1444,Gloria Moya,52,238.19,11,529,0.29,Puebla,Economic,High Risk
1445,Porfirio Cotto Tirado,48,255.63,4,539,0.24,Nayarit,Economic,High Risk
1446,Claudia Linda Guzmán,69,207.89,8,676,0.26,Querétaro,Economic,Medium Risk
1447,Dra. Lucía Godoy,44,134.02,1,635,0.28,Guerrero,Economic,High Risk
1448,Diana Angélica Venegas,34,170.48,14,569,0.21,Sinaloa,Economic,High Risk
1449,Claudio Aponte Villa,51,108.21,27,519,0.14,Oaxaca,Economic,High Risk
1450,Espartaco Leal,21,310.96,0,646,0.36,Guerrero,Economic,High Risk
1451,Horacio Francisco Zelaya,69,276.81,21,593,0.24,Puebla,Economic,High Risk
1452,Dr. Jonás Ramón,69,378.47,25,531,0.24,Nayarit,Economic,High Risk
1453,Sandra Vera,70,206.97,25,678,0.56,Veracruz de Ignacio de la Llave,Economic,Medium Risk
1454,David Sosa,54,263.97,27,636,0.19,Baja California Sur,Economic,High Risk
1455,Alicia Balderas Rodríquez,62,491.79,34,567,0.27,Puebla,Economic,High Risk
1456,Pilar Ávalos,38,293.22,7,552,0.2,Zacatecas,Economic,High Risk
1457,Carlos Hernádez Mojica,48,175.19,10,645,0.5,Yucatán,Economic,High Risk
1458,Helena Itzel Vélez Raya,59,270.97,26,617,0.39,Chiapas,Economic,High Risk
1459,Ing. Mariano Salcido,70,179.01,41,669,0.25,Tlaxcala,Economic,Medium Risk
1460,Barbara Marrero Molina,40,144.23,3,562,0.52,Baja California Sur,Economic,High Risk
1461,Estela Inés Uribe,28,125.23,8,657,0.18,Aguascalientes,Economic,Medium Risk
1462,Sessa María Teresa Calvillo Rojas,69,201.62,36,524,0.32,Coahuila de Zaragoza,Economic,High Risk
1463,Irene Daniela Rodríquez,42,491.18,9,582,0.27,Tabasco,Economic,High Risk
1464,Srita. Aldonza Carbajal,55,526.56,3,536,0.21,Tabasco,Economic,High Risk
1465,Daniela Valdés,24,225.62,3,560,0.5,Tlaxcala,Economic,High Risk
1466,Olga Ana María Alcántar Bétancourt,32,473.39,6,612,0.34,Jalisco,Economic,High Risk
1467,Lucas Martín Mendoza,49,158.98,4,620,0.25,México,Economic,High Risk
1468,Roberto Jesús Castellanos Navarrete,29,198.8,7,647,0.49,Michoacán de Ocampo,Economic,High Risk
1469,Sr. Emilio Rivera,64,278.88,33,597,0.13,Puebla,Economic,High Risk
1470,Rosario Paulina Jiménez,38,296.74,15,660,0.23,Coahuila de Zaragoza,Economic,Medium Risk
1471,Wendolin Garica,33,168.49,5,560,0.3,Veracruz de Ignacio de la Llave,Economic,High Risk
1472,Ing. Beatriz Toledo,45,313.49,18,665,0.39,Veracruz de Ignacio de la Llave,Economic,Medium Risk
1473,Ing. Florencia Jaime,45,593.78,23,583,0.22,Guanajuato,Economic,High Risk
1474,Dra. Luz Zapata,47,132.28,8,519,0.4,Nayarit,Economic,High Risk
1475,Ing. Pilar Razo,68,211.02,39,633,0.3,Baja California,Economic,High Risk
1476,Carmen Reina de la Garza Jurado,25,301.2,6,632,0.16,Tlaxcala,Economic,High Risk
1477,Dr. Guillermo Garza,49,134.75,0,581,0.49,Baja California Sur,Economic,High Risk
1478,Sr. Teodoro Esquivel,67,151.33,48,559,0.28,Nuevo León,Economic,High Risk
1479,María Eugenia Barbara Solorio,27,156.36,2,537,0.27,Nayarit,Economic,High Risk
1480,Dr. Evelio Campos,53,182.85,13,530,0.47,Campeche,Economic,High Risk
1481,Luis Jacobo Pedroza,39,186.1,3,586,0.33,Baja California Sur,Economic,High Risk
1482,Ramón Israel Alcántar,39,46.45,19,665,0.11,Baja California,Economic,Medium Risk
1483,Violeta Piña Heredia,49,344.78,18,614,0.11,Guerrero,Economic,High Risk
1484,Georgina Negrete,70,446.99,25,505,0.25,Nayarit,Economic,High Risk
1485,Alonso Guillermo Quiñónez Carreón,63,79.47,11,629,0.45,Jalisco,Economic,High Risk
1486,Gerónimo Fernández,39,168.69,2,609,0.54,Chihuahua,Economic,High Risk
1487,Lic. Arturo Márquez,55,208.07,30,592,0.16,México,Economic,High Risk
1488,Cristian Julio Magaña,28,314.68,2,518,0.53,Aguascalientes,Economic,High Risk
1489,Camila Vanesa Torres,54,352.36,19,587,0.21,Chiapas,Economic,High Risk
1490,Mayte Rosado Ríos,30,145.49,2,666,0.23,Tlaxcala,Economic,Medium Risk
1491,Jaime Porfirio Quintana,27,421.61,4,504,0.57,Yucatán,Economic,High Risk
1492,Dulce Bermúdez Aragón,22,245.01,0,618,0.21,Baja California Sur,Economic,High Risk
1493,María Rosas,38,299.17,1,581,0.48,Chiapas,Economic,High Risk
1494,Luis José Carlos Villareal,41,135.98,11,657,0.27,Puebla,Economic,Medium Risk
1495,Estela Solorzano Soria,66,149.42,35,511,0.3,Tlaxcala,Economic,High Risk
1496,Lic. Marisol Solorzano,58,371.93,40,621,0.24,Veracruz de Ignacio de la Llave,Economic,High Risk
1497,Sr. Santiago Fernández,40,187.95,16,569,0.24,Morelos,Economic,High Risk
1498,Srita. Úrsula Fonseca,52,175.34,31,606,0.58,Tamaulipas,Economic,High Risk
1499,Lilia Cedillo,37,260.46,11,533,0.6,Nayarit,Economic,High Risk
1500,Delia Eva Méndez Fonseca,58,244.32,26,561,0.26,Tabasco,Economic,High Risk
1501,Lucía Rosario Segura Urías,62,149.61,2,627,0.5,Guanajuato,Economic,High Risk
1502,Alejandro Cuellar,52,234.21,24,554,0.47,Chihuahua,Economic,High Risk
1503,Daniel Cervantes,33,219.33,8,628,0.13,Aguascalientes,Economic,High Risk
1504,Lorenzo Aldo Torres Alcaraz,29,136.73,4,626,0.54,México,Economic,High Risk
1505,Amalia Rosa Garay Cedillo,58,244.62,2,633,0.18,Colima,Economic,High Risk
1506,Zoé Natividad Otero Valladares,33,114.25,1,532,0.16,Distrito Federal,Economic,High Risk
1507,Tomás Gaona Solís,44,150.08,13,669,0.14,Querétaro,Economic,Medium Risk
1508,Salma Mota Reyes,23,368.18,2,667,0.53,Querétaro,Economic,Medium Risk
1509,Alejandra Rebeca Urrutia Gaytán,37,173.56,15,663,0.39,Guanajuato,Economic,Medium Risk
1510,Gustavo Montenegro Medina,52,167.91,27,639,0.23,México,Economic,High Risk
1511,Cynthia Saldaña,67,148.33,24,586,0.17,Morelos,Economic,High Risk
1512,José Manuél Renato Nieto Saucedo,62,215.58,34,659,0.52,Tabasco,Economic,Medium Risk
1513,Lic. Úrsula Sevilla,29,269.43,4,640,0.23,Campeche,Economic,High Risk
1514,Abril Lourdes Fernández Pabón,26,388.87,4,517,0.13,Morelos,Economic,High Risk
1515,Sessa Bravo,56,163.78,23,522,0.6,Tabasco,Economic,High Risk
1516,Carlota Carla Hernández,25,177.8,0,520,0.17,Aguascalientes,Economic,High Risk
1517,Sr. José Luis Zúñiga,70,96.87,24,525,0.27,Tamaulipas,Economic,High Risk
1518,Aida Amador,41,245.18,2,621,0.33,Tamaulipas,Economic,High Risk
1519,Ing. Rosa Mendoza,61,136.93,1,535,0.31,Distrito Federal,Economic,High Risk
1520,Marisol María Teresa Tejada Gallardo,54,125.98,3,571,0.52,Chihuahua,Economic,High Risk
1521,Clemente Benjamín Menchaca Ballesteros,37,257.33,7,512,0.16,San Luis Potosí,Economic,High Risk
1522,Gregorio Flores Rodríguez,23,123.36,2,650,0.22,Baja California,Economic,Medium Risk
1523,Lic. Sofía Godínez,58,254.11,24,546,0.13,Tamaulipas,Economic,High Risk
1524,Lic. Israel Santillán,56,404.37,32,640,0.58,Jalisco,Economic,High Risk
1525,Rebeca Aguilar,51,168.04,26,647,0.31,México,Economic,High Risk
1526,Frida Galindo Curiel,60,184.15,1,679,0.59,Tabasco,Economic,Medium Risk
1527,Amalia Lilia Arroyo Corrales,65,172.64,38,551,0.27,Quintana Roo,Economic,High Risk
1528,Flavio Arenas,65,209.08,44,536,0.24,Zacatecas,Economic,High Risk
1529,Cornelio Cavazos Acuña,21,169.14,0,607,0.38,Puebla,Economic,High Risk
1530,Caridad Sandra Marín,22,199.69,0,604,0.58,Zacatecas,Economic,High Risk
1531,María Eugenia Montalvo,59,93.03,23,647,0.13,Guerrero,Economic,High Risk
1532,Humberto Correa Padrón,63,275.43,9,670,0.33,Yucatán,Economic,Medium Risk
1533,Francisco Ybarra Cotto,62,196.98,34,505,0.13,Tlaxcala,Economic,High Risk
1534,Lic. Uriel Zedillo,49,188.45,2,642,0.4,Sinaloa,Economic,High Risk
1535,Magdalena Dulce Ojeda,51,270.22,20,571,0.19,Aguascalientes,Economic,High Risk
1536,Indira Natalia Gil,59,266.46,15,622,0.37,Quintana Roo,Economic,High Risk
1537,Dalia Navarro Laboy,61,259.25,31,666,0.22,Baja California,Economic,Medium Risk
1538,Armando Fernando Bañuelos Navarro,27,113.58,1,642,0.22,Hidalgo,Economic,High Risk
1539,Raúl Julio Leyva Correa,49,405.7,25,550,0.31,Chihuahua,Economic,High Risk
1540,Marisela Vanesa Covarrubias,64,213.21,44,576,0.44,Tabasco,Economic,High Risk
1541,Federico Zayas,38,123.17,14,576,0.51,San Luis Potosí,Economic,High Risk
1542,Humberto Ordóñez Esparza,43,285.8,14,508,0.29,Sonora,Economic,High Risk
1543,Luis Manuel Hinojosa Verduzco,67,108.5,34,546,0.18,Michoacán de Ocampo,Economic,High Risk
1544,Estela Gallardo Brito,61,207.83,39,514,0.14,Tlaxcala,Economic,High Risk
1545,Cornelio Guevara,62,448.08,42,504,0.55,Guerrero,Economic,High Risk
1546,Gabriel Mario Saucedo Arce,35,164.77,9,530,0.4,Baja California Sur,Economic,High Risk
1547,Timoteo Mariano Alcala Garibay,47,336.59,4,530,0.39,Campeche,Economic,High Risk
1548,Rufino Clemente Ballesteros,33,303.01,6,604,0.49,Veracruz de Ignacio de la Llave,Economic,High Risk
1549,René Ramón Vallejo,52,308.71,30,548,0.35,Yucatán,Economic,High Risk
1550,Srita. Silvia Jasso,40,343.07,11,636,0.29,México,Economic,High Risk
1551,Lorenzo Arroyo,69,150.75,10,508,0.41,Nayarit,Economic,High Risk
1552,Óscar Laureano Polanco,59,309.06,3,632,0.31,Morelos,Economic,High Risk
1553,Pablo Wilfrido Camarillo,64,172.56,24,658,0.42,Baja California Sur,Economic,Medium Risk
1554,Lic. Carmen Castellanos,36,106.47,7,644,0.17,Yucatán,Economic,High Risk
1555,Zeferino Iglesias Aguirre,45,321.24,5,621,0.5,Guerrero,Economic,High Risk
1556,Ing. Reina Herrera,51,176.5,20,529,0.26,Campeche,Economic,High Risk
1557,Ángela Antonia Cabrera Cadena,59,230.16,35,663,0.5,Sonora,Economic,Medium Risk
1558,Serafín Nicolás Cervántez Farías,70,219.94,36,534,0.5,Guanajuato,Economic,High Risk
1559,Catalina Rocío Gurule,60,155.15,7,509,0.51,Tamaulipas,Economic,High Risk
1560,Hugo Alfredo Mascareñas,35,186.14,1,597,0.55,México,Economic,High Risk
1561,Sessa Ángela Jasso Jaramillo,38,100.74,7,654,0.13,Puebla,Economic,Medium Risk
1562,Catalina María Teresa Moya Zelaya,46,230.52,3,643,0.13,Nuevo León,Economic,High Risk
1563,Isaac Carrión,33,204.86,1,559,0.33,Hidalgo,Economic,High Risk
1564,Lic. Bernardo Uribe,56,,26,562,0.15,Querétaro,Economic,High Risk
1565,Bernardo Rocha Beltrán,54,237.68,7,660,0.51,Baja California Sur,Economic,Medium Risk
1566,Alvaro Ulloa Jasso,22,,1,586,0.32,Sonora,Economic,High Risk
1567,Citlali Indira Jaime Zepeda,62,229.93,34,639,0.46,Tabasco,Economic,High Risk
1568,Sandra Quiñones,49,181.06,10,547,0.27,Zacatecas,Economic,High Risk
1569,Julio Urías,64,349.15,34,658,0.37,Aguascalientes,Economic,Medium Risk
1570,Dra. Aida Reyna,60,298.55,3,509,0.48,Tlaxcala,Economic,High Risk
1571,Sergio Toro Vaca,28,199.76,0,628,0.49,Nayarit,Economic,High Risk
1572,Cristal Ramón Frías,26,233.79,1,596,0.41,Chiapas,Economic,High Risk
1573,Violeta Juana Almonte Valles,26,165.69,3,511,0.14,Baja California Sur,Economic,High Risk
1574,Julio César Pedro Santana Marroquín,48,161.17,13,540,0.37,Tabasco,Economic,High Risk
1575,Eva Natalia Estévez,36,342.99,9,549,0.44,Querétaro,Economic,High Risk
1576,Dalia Montez,39,173.25,9,601,0.32,Tabasco,Economic,High Risk
1577,Abigail Alta  Gracia Lerma,32,336.45,2,603,0.45,Guanajuato,Economic,High Risk
1578,Patricia Arevalo Cepeda,60,294.98,18,617,0.29,Nayarit,Economic,High Risk
1579,Pilar López,21,89.59,1,549,0.12,Baja California Sur,Economic,High Risk
1580,Diego Delgadillo,52,78.4,7,617,0.19,Nuevo León,Economic,High Risk
1581,Ricardo Muñiz,47,89.03,10,502,0.52,Tamaulipas,Economic,High Risk
1582,Sra. Marcela Brito,52,189.24,6,585,0.31,Coahuila de Zaragoza,Economic,High Risk
1583,Gustavo Vázquez,44,420.69,5,624,0.21,Nuevo León,Economic,High Risk
1584,Anel Caridad Loera Angulo,57,370.47,18,671,0.33,Morelos,Economic,Medium Risk
1585,Helena Villegas Carrera,26,169.37,0,621,0.39,Sinaloa,Economic,High Risk
1586,Gustavo Tomás Cardona Márquez,49,171.31,5,578,0.2,Baja California,Economic,High Risk
1587,Víctor Anaya,62,194.77,41,506,0.55,Tamaulipas,Economic,High Risk
1588,Ing. Aldo Sánchez,49,240.16,9,521,0.15,Colima,Economic,High Risk
1589,Marcela Florencia Cadena,24,131.62,0,643,0.28,Oaxaca,Economic,High Risk
1590,Amelia Vanesa de la Crúz Iglesias,38,302.83,0,598,0.17,Tabasco,Economic,High Risk
1591,Andrés Enrique Gaona Ramos,23,323.68,0,593,0.17,Nuevo León,Economic,High Risk
1592,Alberto Puente Ferrer,51,371.86,23,608,0.47,Baja California Sur,Economic,High Risk
1593,Mauro Velázquez Ochoa,27,144.08,1,577,0.56,Puebla,Economic,High Risk
1594,Renato José Munguía Navarro,53,168.83,6,512,0.27,Sonora,Economic,High Risk
1595,Zoé Francisca Trejo,70,402.77,36,588,0.45,San Luis Potosí,Economic,High Risk
1596,Silvano Jurado,55,210.21,31,554,0.21,Sinaloa,Economic,High Risk
1597,Alejandro Véliz,57,97.02,10,542,0.51,Veracruz de Ignacio de la Llave,Economic,High Risk
1598,Wendolin Olga Trujillo,40,197.84,10,521,0.53,Guerrero,Economic,High Risk
1599,Esther Fonseca,33,185.68,9,539,0.56,Quintana Roo,Economic,High Risk
1600,Hilda Guerrero Galarza,67,185.21,11,503,0.57,Tabasco,Economic,High Risk
1601,Bianca Narváez,42,358.66,18,607,0.5,Querétaro,Economic,High Risk
1602,Ing. Elisa Moya,27,138.31,5,560,0.53,San Luis Potosí,Economic,High Risk
1603,Clemente Zayas Santiago,61,262.09,24,588,0.22,México,Economic,High Risk
1604,Natividad Ana María Valenzuela,69,220.96,49,640,0.58,Sinaloa,Economic,High Risk
1605,Lic. Inés Jimínez,42,317.26,0,618,0.24,Hidalgo,Economic,High Risk
1606,Mercedes Prado Orta,37,203.61,0,661,0.55,Michoacán de Ocampo,Economic,Medium Risk
1607,Ing. Abelardo Pulido,21,445.52,0,505,0.4,Baja California Sur,Economic,High Risk
1608,Alejandro Manzanares Sánchez,48,482.8,25,593,0.49,Sonora,Economic,High Risk
1609,Raquel Olivia Espinal,68,215.8,46,619,0.26,Puebla,Economic,High Risk
1610,Modesto Renato Meléndez Zelaya,33,251.39,7,519,0.55,Zacatecas,Economic,High Risk
1611,Magdalena Vanegas Batista,31,256.24,10,534,0.33,Sonora,Economic,High Risk
1612,Diana Sonia Alcántar,61,332.5,27,638,0.32,Aguascalientes,Economic,High Risk
1613,Sra. Sessa Peralta,21,154.88,0,605,0.11,Michoacán de Ocampo,Economic,High Risk
1614,José Luis Ballesteros,31,119.15,6,665,0.1,Oaxaca,Economic,Medium Risk
1615,Lic. Germán Vaca,28,314.61,4,507,0.59,Baja California Sur,Economic,High Risk
1616,Espartaco Rubén Gallegos,49,335.52,5,622,0.45,Michoacán de Ocampo,Economic,High Risk
1617,Jorge Luis Tello,44,260.0,16,579,0.54,Sinaloa,Economic,High Risk
1618,Luisa Lilia Cardona,56,129.57,7,569,0.43,México,Economic,High Risk
1619,Dolores Gracia,39,88.21,14,544,0.33,Guanajuato,Economic,High Risk
1620,Arcelia Anabel Robles Alonso,38,118.85,9,601,0.12,Yucatán,Economic,High Risk
1621,María José Camila Irizarry Sisneros,50,387.48,18,510,0.27,Coahuila de Zaragoza,Economic,High Risk
1622,Pedro Mireles Rincón,57,277.05,24,659,0.24,México,Economic,Medium Risk
1623,Sr. Leonel Alemán,69,152.63,34,535,0.13,Guerrero,Economic,High Risk
1624,Guillermo Hernán Espinoza Rivera,53,214.37,2,662,0.23,Tamaulipas,Economic,Medium Risk
1625,Alfonso Perales Blanco,22,336.97,0,636,0.53,Oaxaca,Economic,High Risk
1626,Lic. Hermelinda Esparza,58,171.01,10,616,0.59,Tamaulipas,Economic,High Risk
1627,Ing. Adriana Lomeli,36,240.7,6,555,0.38,Morelos,Economic,High Risk
1628,Olivia Sandra Uribe,52,224.59,15,579,0.18,Jalisco,Economic,High Risk
1629,René Magaña Gonzales,53,254.05,26,625,0.26,Yucatán,Economic,High Risk
1630,Serafín Mata,21,,2,608,0.16,Tamaulipas,Economic,High Risk
1631,Dulce María Karina Prieto,62,142.47,40,626,0.38,Chiapas,Economic,High Risk
1632,Abel Leonel Salazar Zelaya,55,252.07,29,546,0.42,Campeche,Economic,High Risk
1633,Hugo Óliver Gutiérrez,53,169.16,0,680,0.16,Baja California,Economic,Medium Risk
1634,Andrea Mejía,56,269.28,26,553,0.24,Tlaxcala,Economic,High Risk
1635,Srita. Helena Longoria,70,129.1,25,677,0.51,Guanajuato,Economic,Medium Risk
1636,Sra. Carlota Rangel,64,120.27,28,592,0.16,Querétaro,Economic,High Risk
1637,Raquel Natalia Moreno Montoya,22,210.48,0,558,0.2,Nayarit,Economic,High Risk
1638,Vicente Raúl Acevedo Hidalgo,52,93.99,30,574,0.15,Puebla,Economic,High Risk
1639,Francisco Ignacio Olvera de Jesús,47,260.53,8,566,0.26,Coahuila de Zaragoza,Economic,High Risk
1640,Rodrigo Merino,63,202.69,12,566,0.33,Chihuahua,Economic,High Risk
1641,Lic. Adán Cedillo,40,216.24,14,512,0.49,Tamaulipas,Economic,High Risk
1642,Sra. Tania Tello,46,,22,593,0.34,Hidalgo,Economic,High Risk
1643,Lucía Leonor Mejía Chapa,41,56.17,0,574,0.46,Veracruz de Ignacio de la Llave,Economic,High Risk
1644,Dr. Francisco Gamez,21,,1,607,0.4,San Luis Potosí,Economic,High Risk
1645,Benito Arevalo Estévez,68,210.13,8,570,0.46,Aguascalientes,Economic,High Risk
1646,Natividad Sessa Mercado,35,193.78,3,537,0.16,Baja California,Economic,High Risk
1647,Cristobal Enríquez,59,142.3,16,624,0.59,Sinaloa,Economic,High Risk
1648,Dra. Miriam Gracia,52,257.01,3,664,0.32,Nayarit,Economic,Medium Risk
1649,Óscar Barraza,31,392.91,7,510,0.11,Campeche,Economic,High Risk
1650,Manuel Perales Ponce,23,224.21,1,633,0.31,Yucatán,Economic,High Risk
1651,Sofía Lorena González Delgadillo,69,261.92,21,659,0.23,Durango,Economic,Medium Risk
1652,Pamela Victoria Angulo Ledesma,30,161.76,5,633,0.37,Guanajuato,Economic,High Risk
1653,Federico Pacheco Sanabria,29,214.7,2,503,0.38,Guanajuato,Economic,High Risk
1654,Porfirio Camilo Oquendo,27,249.86,4,623,0.26,Aguascalientes,Economic,High Risk
1655,Sandra Dávila Avilés,68,108.96,13,655,0.34,Yucatán,Economic,Medium Risk
1656,Dra. Elvia Haro,47,521.0,0,647,0.28,Nuevo León,Economic,High Risk
1657,Georgina Ochoa Paz,38,271.36,8,584,0.44,Guanajuato,Economic,High Risk
1658,Jos Vaca Aguilar,38,185.97,5,660,0.3,Tamaulipas,Economic,Medium Risk
1659,Luis Manuel Pabón Rosales,53,156.14,7,666,0.14,Baja California Sur,Economic,Medium Risk
1660,Alvaro Mauricio Sánchez,32,146.0,5,544,0.3,Jalisco,Economic,High Risk
1661,Ignacio Abrego,66,472.01,16,543,0.2,Jalisco,Economic,High Risk
1662,Srita. Mitzy Velásquez,23,294.96,0,560,0.36,Aguascalientes,Economic,High Risk
1663,Óscar Benjamín Curiel,58,399.74,30,621,0.18,Guerrero,Economic,High Risk
1664,José Manuél Corrales,29,295.38,2,666,0.18,Nuevo León,Economic,Medium Risk
1665,Jorge Luis Uriel Mesa,44,381.36,7,561,0.55,Tlaxcala,Economic,High Risk
1666,Alonso Gustavo Barraza Garibay,49,129.91,12,670,0.21,Tlaxcala,Economic,Medium Risk
1667,Sr. Gabino Núñez,64,259.9,43,558,0.11,Distrito Federal,Economic,High Risk
1668,Marco Antonio Carrión Montañez,45,111.56,5,557,0.24,Chihuahua,Economic,High Risk
1669,Ramón Cazares Gálvez,62,155.18,3,581,0.18,Querétaro,Economic,High Risk
1670,Gustavo Uriel Gurule Flórez,37,293.13,18,601,0.31,Sonora,Economic,High Risk
1671,Alfredo Rosales Durán,34,385.27,5,573,0.33,Tamaulipas,Economic,High Risk
1672,Lic. Esmeralda Correa,43,203.98,12,529,0.52,Hidalgo,Economic,High Risk
1673,Pablo Israel Pantoja Cisneros,44,211.19,5,507,0.49,Nayarit,Economic,High Risk
1674,Violeta Viera,60,283.24,4,659,0.24,Quintana Roo,Economic,Medium Risk
1675,Alta  Gracia Serrano Cavazos,66,219.25,8,678,0.47,Hidalgo,Economic,Medium Risk
1676,Tania Margarita Cortez Chavarría,51,133.13,13,657,0.23,Coahuila de Zaragoza,Economic,Medium Risk
1677,Srita. Itzel Fajardo,51,141.72,4,565,0.55,Morelos,Economic,High Risk
1678,Juana Florencia Maya,38,137.87,8,565,0.59,Querétaro,Economic,High Risk
1679,Dr. Gustavo Zarate,32,277.26,1,575,0.49,Puebla,Economic,High Risk
1680,Florencia Batista,24,241.61,1,551,0.11,Chiapas,Economic,High Risk
1681,Rocío Rascón Loya,57,207.89,19,580,0.36,San Luis Potosí,Economic,High Risk
1682,Mariana Ana Porras,45,414.46,19,509,0.2,Colima,Economic,High Risk
1683,María Teresa Jasso Quintero,38,168.36,15,517,0.56,Nayarit,Economic,High Risk
1684,Lourdes Cardenas Orta,51,147.79,28,511,0.17,Puebla,Economic,High Risk
1685,Yuridia Hilda Duarte Olivárez,45,232.74,8,506,0.2,Tlaxcala,Economic,High Risk
1686,Fernando Mercado Villa,28,223.65,2,597,0.23,Yucatán,Economic,High Risk
1687,Adalberto Ángel Pabón,51,266.9,9,623,0.36,Chihuahua,Economic,High Risk
1688,Jos Santiago,65,380.98,39,658,0.48,Puebla,Economic,Medium Risk
1689,Lic. Carlota Briones,37,281.17,5,570,0.1,Quintana Roo,Economic,High Risk
1690,Irene Ana Limón Merino,39,389.35,9,624,0.45,Michoacán de Ocampo,Economic,High Risk
1691,Carla Aparicio,31,152.37,7,595,0.34,Coahuila de Zaragoza,Economic,High Risk
1692,Benito Teodoro Cano Acevedo,59,250.26,24,552,0.19,Quintana Roo,Economic,High Risk
1693,Tomás Peralta Santana,47,165.56,20,560,0.42,Colima,Economic,High Risk
1694,Emiliano Caraballo Gamez,41,437.6,0,680,0.25,Jalisco,Economic,Medium Risk
1695,Hugo Medina Amador,35,175.37,2,512,0.32,Baja California Sur,Economic,High Risk
1696,Óliver Escobar,47,139.33,2,510,0.19,Guanajuato,Economic,High Risk
1697,Andrea Fajardo,37,188.94,7,557,0.15,Jalisco,Economic,High Risk
1698,Dr. Julio Cotto,68,144.05,28,535,0.17,Campeche,Economic,High Risk
1699,Mauro Joaquín Moreno Tirado,48,173.89,15,534,0.31,Jalisco,Economic,High Risk
1700,Armando Solorzano Nava,39,137.1,18,642,0.21,Distrito Federal,Economic,High Risk
1701,Isabela Sonia Lebrón,29,436.25,1,524,0.26,Hidalgo,Economic,High Risk
1702,Sra. Claudia Armas,21,273.59,1,658,0.56,Baja California,Economic,Medium Risk
1703,Abril Flórez Bustamante,59,210.21,4,506,0.36,Guanajuato,Economic,High Risk
1704,Humberto Almaraz,69,252.18,14,659,0.16,Baja California,Economic,Medium Risk
1705,Rosalia Rebeca Juárez Guerra,69,234.19,13,554,0.51,Morelos,Economic,High Risk
1706,Evelio Evelio Sauceda,60,458.15,1,655,0.42,Veracruz de Ignacio de la Llave,Economic,Medium Risk
1707,Dr. Bernardo Méndez,51,318.28,10,633,0.58,Sinaloa,Economic,High Risk
1708,Martín Abraham Calderón,66,186.05,1,589,0.55,Morelos,Economic,High Risk
1709,Irma Salma Acuña,70,460.62,29,563,0.17,Durango,Economic,High Risk
1710,Julio Luis Miguel Alcala Nieves,45,148.57,12,528,0.1,Oaxaca,Economic,High Risk
1711,Lic. Juan Carlos Amador,50,225.07,26,669,0.11,San Luis Potosí,Economic,Medium Risk
1712,Cristal Cardona,33,110.51,9,664,0.45,México,Economic,Medium Risk
1713,Gabriela Fonseca Peralta,35,145.28,4,650,0.41,San Luis Potosí,Economic,Medium Risk
1714,Dra. Verónica Elizondo,30,179.05,2,634,0.56,San Luis Potosí,Economic,High Risk
1715,Jacinto Gabino Amador Ramón,54,173.16,6,515,0.56,Baja California,Economic,High Risk
1716,Daniela Juárez Alejandro,22,188.22,0,587,0.14,Sonora,Economic,High Risk
1717,Antonio Jáquez Rincón,33,277.91,11,559,0.23,Quintana Roo,Economic,High Risk
1718,Sergio Cristobal Viera Medrano,31,204.14,8,667,0.18,Querétaro,Economic,Medium Risk
1719,Nancy Melgar,62,173.08,19,543,0.33,Sinaloa,Economic,High Risk
1720,Alonso Soliz,68,236.09,42,524,0.54,Yucatán,Economic,High Risk
1721,María Elena Frías,25,273.93,0,558,0.35,Distrito Federal,Economic,High Risk
1722,Víctor Claudio Caballero,61,122.35,1,544,0.41,Morelos,Economic,High Risk
1723,Ing. Nancy Ordóñez,23,247.91,0,584,0.25,Chihuahua,Economic,High Risk
1724,Olga Caridad Beltrán,45,273.35,18,637,0.37,San Luis Potosí,Economic,High Risk
1725,Lic. Yeni Curiel,67,260.22,4,524,0.41,Tlaxcala,Economic,High Risk
1726,Minerva Limón Valles,28,233.62,5,663,0.55,Hidalgo,Economic,Medium Risk
1727,Srita. Virginia Zepeda,43,434.89,19,664,0.27,Aguascalientes,Economic,Medium Risk
1728,Graciela Cristina Godínez Corrales,57,193.37,26,642,0.52,Distrito Federal,Economic,High Risk
1729,Lic. Armando Figueroa,55,200.91,11,533,0.27,Hidalgo,Economic,High Risk
1730,Dra. María José de la Rosa,49,550.0,21,659,0.56,Yucatán,Economic,Medium Risk
1731,Minerva Garica Granados,38,176.47,13,598,0.15,Baja California,Economic,High Risk
1732,Barbara Cantú Arriaga,34,261.79,8,522,0.4,México,Economic,High Risk
1733,Srita. Dalia Lara,24,111.51,5,521,0.34,Quintana Roo,Economic,High Risk
1734,Elias Omar Robledo,22,326.23,0,641,0.48,Aguascalientes,Economic,High Risk
1735,Cecilia Dalia Farías Sandoval,39,214.23,5,544,0.37,Colima,Economic,High Risk
1736,Débora Espinal,36,155.38,5,627,0.33,Morelos,Economic,High Risk
1737,Dr. Juan Carlos Tovar,61,181.1,9,663,0.39,México,Economic,Medium Risk
1738,Dr. Juan Jaramillo,27,104.54,0,534,0.2,Morelos,Economic,High Risk
1739,Emiliano Mondragón,62,313.93,27,502,0.33,Durango,Economic,High Risk
1740,María del Carmen Isabela Brito,26,278.63,1,560,0.3,Michoacán de Ocampo,Economic,High Risk
1741,Srita. Andrea Guajardo,58,188.01,25,678,0.38,Durango,Economic,Medium Risk
1742,Esperanza Cervantes,37,247.95,7,606,0.49,Jalisco,Economic,High Risk
1743,Ing. María Teresa Caballero,43,282.55,7,602,0.29,México,Economic,High Risk
1744,Karina Rascón Lucero,34,102.38,0,667,0.3,Oaxaca,Economic,Medium Risk
1745,Norma Matos,55,170.8,9,673,0.52,Veracruz de Ignacio de la Llave,Economic,Medium Risk
1746,Hermelinda Pamela Valadez Tovar,38,366.97,13,534,0.21,Hidalgo,Economic,High Risk
1747,Magdalena Laura Bravo,62,433.98,23,607,0.55,San Luis Potosí,Economic,High Risk
1748,Alejandro Camilo Vega,34,135.45,3,591,0.34,Michoacán de Ocampo,Economic,High Risk
1749,Luis Roberto Duarte Guillen,24,401.02,2,606,0.51,Durango,Economic,High Risk
1750,Sessa Isabela Reséndez Carbajal,39,130.37,12,524,0.39,Coahuila de Zaragoza,Economic,High Risk
1751,Angélica Vergara Sandoval,48,343.18,11,623,0.11,Tamaulipas,Economic,High Risk
1752,Tania Casillas Meza,31,216.57,7,625,0.38,Nayarit,Economic,High Risk
1753,Rolando Jonás Anaya,49,76.55,14,531,0.37,Guanajuato,Economic,High Risk
1754,Joaquín Iván Escobedo,45,336.47,25,663,0.34,Baja California Sur,Economic,Medium Risk
1755,Elisa Sessa Amaya Rentería,22,272.34,0,670,0.38,Baja California,Economic,Medium Risk
1756,Victoria Laura Arredondo,58,474.64,19,601,0.52,Tamaulipas,Economic,High Risk
1757,Martha Valadez,51,385.47,24,609,0.56,Guanajuato,Economic,High Risk
1758,Homero Lorenzo León,24,260.64,5,534,0.24,San Luis Potosí,Economic,High Risk
1759,Evelio Marcos Ulloa,54,286.56,20,531,0.48,Zacatecas,Economic,High Risk
1760,Victoria Nelly Zaragoza,54,170.21,27,601,0.27,Chihuahua,Economic,High Risk
1761,Lic. Paola Ontiveros,63,,34,518,0.37,Quintana Roo,Economic,High Risk
1762,Guillermo Abrego,52,324.93,27,669,0.38,Distrito Federal,Economic,Medium Risk
1763,Dra. Andrea Serrato,30,,5,566,0.1,Guerrero,Economic,High Risk
1764,Sra. Anel Sierra,23,162.87,0,665,0.2,Sinaloa,Economic,Medium Risk
1765,Gregorio Aragón,70,254.5,39,580,0.18,Colima,Economic,High Risk
1766,Dra. Lilia Zepeda,58,85.7,4,592,0.18,Tlaxcala,Economic,High Risk
1767,Salvador Alfredo Prieto Cavazos,61,267.65,12,540,0.43,Chiapas,Economic,High Risk
1768,Luz Cortez,23,138.42,2,540,0.16,Sinaloa,Economic,High Risk
1769,Reynaldo José Eduardo Cano Noriega,22,,0,614,0.17,Colima,Economic,High Risk
1770,Lourdes Perla Reyes Pacheco,21,211.16,0,563,0.47,Sinaloa,Economic,High Risk
1771,Juan Carlos Reséndez,39,499.63,0,627,0.56,Yucatán,Economic,High Risk
1772,Reina Carmen Peres,43,168.31,8,637,0.18,Jalisco,Economic,High Risk
1773,Porfirio Paz,34,99.65,14,631,0.21,Colima,Economic,High Risk
1774,Lic. Pascual Campos,64,194.24,27,527,0.18,Guerrero,Economic,High Risk
1775,Jacobo Alfonso Zúñiga,31,206.66,1,513,0.48,Oaxaca,Economic,High Risk
1776,José Eduardo Rodolfo Barrientos Gamez,62,195.3,19,662,0.11,Distrito Federal,Economic,Medium Risk
1777,Angélica Velázquez Arenas,46,445.34,10,621,0.21,Baja California,Economic,High Risk
1778,Rafaél Samaniego Mejía,26,314.51,2,560,0.26,Nuevo León,Economic,High Risk
1779,Isabel Colunga,34,138.37,13,610,0.49,Yucatán,Economic,High Risk
1780,Yolanda Marcela Solorio Ordóñez,50,534.96,14,516,0.18,Hidalgo,Economic,High Risk
1781,Gabriela Aguirre,65,222.17,35,658,0.34,Veracruz de Ignacio de la Llave,Economic,Medium Risk
1782,Esther Rivera Carrillo,38,141.61,7,609,0.55,Sinaloa,Economic,High Risk
1783,Esperanza Barbara Vargas,24,170.13,1,608,0.16,Tlaxcala,Economic,High Risk
1784,Jacobo Ignacio Irizarry,55,135.31,26,675,0.38,Guanajuato,Economic,Medium Risk
1785,Jacobo Jerónimo Esquibel Rolón,30,172.77,3,644,0.59,Chihuahua,Economic,High Risk
1786,Srita. Elsa Sáenz,67,214.57,6,590,0.58,Nayarit,Economic,High Risk
1787,Aurelio Horacio Nazario,65,200.4,37,628,0.28,Baja California Sur,Economic,High Risk
1788,Ing. Julio Rendón,48,231.27,22,614,0.16,Tamaulipas,Economic,High Risk
1789,José Luis Quezada,64,339.35,11,539,0.12,Campeche,Economic,High Risk
1790,Rodolfo Isaac Solano Padilla,38,266.42,15,601,0.18,Michoacán de Ocampo,Economic,High Risk
1791,Espartaco Óliver Oquendo,43,313.72,11,543,0.51,Querétaro,Economic,High Risk
1792,Josefina Ariadna Arteaga,48,94.14,14,680,0.55,Michoacán de Ocampo,Economic,Medium Risk
1793,Esmeralda Gómez,59,228.82,1,628,0.14,Sonora,Economic,High Risk
1794,Frida Espinosa,50,155.78,23,529,0.42,Chihuahua,Economic,High Risk
1795,Srita. Norma Polanco,57,242.88,9,585,0.3,Michoacán de Ocampo,Economic,High Risk
1796,Timoteo Córdova,39,142.78,2,646,0.52,Yucatán,Economic,High Risk
1797,Elvira Amalia Aponte,33,66.15,4,513,0.44,Guanajuato,Economic,High Risk
1798,Héctor Iván Molina,32,173.6,14,511,0.33,Guerrero,Economic,High Risk
1799,Dr. Carlos Gamboa,55,362.75,9,598,0.4,Puebla,Economic,High Risk
1800,Dulce María Carbajal Patiño,47,236.55,12,608,0.42,Jalisco,Economic,High Risk
1801,Nicolás Fidel Barreto,44,339.02,21,624,0.35,Aguascalientes,Economic,High Risk
1802,Dra. Concepción Henríquez,30,322.34,1,579,0.27,Tabasco,Economic,High Risk
1803,Berta Francisca Robles Galarza,55,249.1,11,600,0.14,Oaxaca,Economic,High Risk
1804,Srita. Victoria Quezada,54,95.7,2,502,0.36,Quintana Roo,Economic,High Risk
1805,Lic. Gerardo Ballesteros,49,191.9,12,579,0.55,Querétaro,Economic,High Risk
1806,Nelly Trinidad Gutiérrez León,60,264.71,29,581,0.31,Sonora,Economic,High Risk
1807,Indira Silvia Trejo,41,277.97,14,665,0.2,Quintana Roo,Economic,Medium Risk
1808,Asunción Lilia Casárez,66,275.34,26,619,0.2,Oaxaca,Economic,High Risk
1809,Fabiola Espinal Marroquín,46,132.68,1,676,0.25,Chiapas,Economic,Medium Risk
1810,Dulce María Escobedo Verdugo,45,258.14,23,514,0.56,Chihuahua,Economic,High Risk
1811,Lic. Mario Cortés,34,119.43,1,666,0.59,Puebla,Economic,Medium Risk
1812,Pamela Campos Montero,45,298.29,17,550,0.31,Quintana Roo,Economic,High Risk
1813,Alvaro Lemus,36,202.34,15,619,0.56,Sinaloa,Economic,High Risk
1814,Felix Abraham Palomino Ceballos,58,85.98,11,659,0.26,Quintana Roo,Economic,Medium Risk
1815,Ing. Eugenio Ávalos,23,302.26,0,513,0.15,Baja California,Economic,High Risk
1816,Delia Anel Baeza,59,361.85,35,510,0.32,Tlaxcala,Economic,High Risk
1817,Ramón Emiliano Tejeda Ríos,44,164.75,20,543,0.52,Baja California,Economic,High Risk
1818,Lic. Martha Jáquez,42,192.58,24,572,0.48,Guanajuato,Economic,High Risk
1819,José Bernabé Casares Arroyo,29,243.54,4,514,0.54,Sonora,Economic,High Risk
1820,Alfredo Diego Delgadillo,36,250.07,6,526,0.39,Michoacán de Ocampo,Economic,High Risk
1821,Salvador Manuel Montalvo Rosas,62,364.68,6,673,0.17,Zacatecas,Economic,Medium Risk
1822,Pamela Benavídez,36,262.66,0,674,0.19,Oaxaca,Economic,Medium Risk
1823,Virginia Laureano,55,366.8,24,513,0.36,Baja California Sur,Economic,High Risk
1824,Josefina Sonia Henríquez,56,294.9,31,663,0.43,Sonora,Economic,Medium Risk
1825,Susana Salas Velasco,66,128.23,22,651,0.2,México,Economic,Medium Risk
1826,Rafaél Eloy Vaca Noriega,33,239.25,6,504,0.39,Chiapas,Economic,High Risk
1827,Pablo Homero de la O Espino,27,108.89,2,664,0.29,Veracruz de Ignacio de la Llave,Economic,Medium Risk
1828,Sr. Felix Ávila,23,169.47,0,629,0.29,San Luis Potosí,Economic,High Risk
1829,Ing. Adalberto Jaime,39,240.96,2,664,0.52,San Luis Potosí,Economic,Medium Risk
1830,Dalia Flores Cornejo,70,268.44,24,602,0.55,Sonora,Economic,High Risk
1831,Ángel Cordero,45,164.76,7,511,0.22,Jalisco,Economic,High Risk
1832,Claudio Baca Domínguez,48,106.96,19,605,0.19,Chiapas,Economic,High Risk
1833,Abelardo Valdés Espinal,34,390.46,3,606,0.22,Guerrero,Economic,High Risk
1834,Dra. Socorro Gamboa,67,339.7,25,557,0.45,Tlaxcala,Economic,High Risk
1835,Dr. Gustavo Orozco,26,260.22,6,653,0.1,Jalisco,Economic,Medium Risk
1836,Minerva Estefanía Fernández Saavedra,24,344.19,3,547,0.52,Baja California,Economic,High Risk
1837,Francisco Javier Juan Carreón,67,243.76,3,613,0.46,Sonora,Economic,High Risk
1838,Esmeralda del Río Luna,62,215.66,2,673,0.38,Yucatán,Economic,Medium Risk
1839,Catalina Camacho,41,240.73,4,666,0.54,México,Economic,Medium Risk
1840,Soledad Murillo Paredes,27,355.6,6,583,0.26,Tamaulipas,Economic,High Risk
1841,Eugenio Víctor Sotelo Grijalva,29,274.31,1,648,0.59,Durango,Economic,High Risk
1842,Rafaél Puga,52,351.66,2,589,0.13,Tlaxcala,Economic,High Risk
1843,Luis Manuel Jorge Luis Granados,55,531.2,18,587,0.52,México,Economic,High Risk
1844,Olivia Armas,34,199.12,1,583,0.16,Michoacán de Ocampo,Economic,High Risk
1845,Nelly Bernal,49,176.75,13,509,0.51,Guerrero,Economic,High Risk
1846,Augusto Augusto Archuleta,38,172.45,14,622,0.58,Baja California,Economic,High Risk
1847,Julio Moreno,47,202.23,15,592,0.13,Durango,Economic,High Risk
1848,Aldo Alemán Castro,35,132.75,8,519,0.55,México,Economic,High Risk
1849,Virginia Ilse Aguilera Juárez,63,165.73,30,672,0.5,Michoacán de Ocampo,Economic,Medium Risk
1850,Mariana Amanda Jaramillo Lozano,69,361.08,13,575,0.55,Hidalgo,Economic,High Risk
1851,Srita. Inés Quiroz,36,173.17,4,556,0.16,Coahuila de Zaragoza,Economic,High Risk
1852,Gilberto Palomo Vásquez,33,120.16,12,535,0.23,México,Economic,High Risk
1853,Mayte Ochoa Sepúlveda,42,299.19,21,652,0.37,Tabasco,Economic,Medium Risk
1854,Cornelio Montaño Domínguez,31,114.2,7,536,0.33,Colima,Economic,High Risk
1855,Elsa Lemus,38,96.73,3,641,0.15,Guanajuato,Economic,High Risk
1856,Lic. Genaro Padilla,33,137.85,3,510,0.38,Distrito Federal,Economic,High Risk
1857,Martha Ana Luisa Cardenas,27,377.37,2,669,0.27,Tlaxcala,Economic,Medium Risk
1858,Guillermina Olivia Paredes Salgado,43,139.31,9,609,0.56,Durango,Economic,High Risk
1859,Sr. Martín Zúñiga,64,123.56,5,545,0.42,Querétaro,Economic,High Risk
1860,Natividad Leticia Madrigal Fuentes,27,166.74,0,535,0.52,Chiapas,Economic,High Risk
1861,Nadia Nelly Moreno Aguilera,28,224.1,6,516,0.36,Tabasco,Economic,High Risk
1862,José Emilio Salvador Lira Fajardo,39,329.84,6,648,0.39,Nayarit,Economic,High Risk
1863,María Briseño Vanegas,42,267.11,22,679,0.15,Baja California Sur,Economic,Medium Risk
1864,Lorenzo Carrera,64,193.99,3,645,0.17,Sinaloa,Economic,High Risk
1865,Aldonza Rosalia Sarabia Rendón,25,191.59,5,506,0.23,Puebla,Economic,High Risk
1866,Soledad Porras,37,222.75,5,670,0.45,Michoacán de Ocampo,Economic,Medium Risk
1867,Irma Amanda Nieto,49,154.99,6,625,0.12,Tamaulipas,Economic,High Risk
1868,Cristian Augusto Aguilar Anaya,32,168.0,7,671,0.58,Guerrero,Economic,Medium Risk
1869,Aurora Soria Valencia,34,204.38,1,605,0.18,Sonora,Economic,High Risk
1870,Cristobal Daniel Rocha Pulido,35,242.3,14,565,0.16,Zacatecas,Economic,High Risk
1871,Alberto Mesa Carrero,64,293.88,14,617,0.51,Guerrero,Economic,High Risk
1872,Ing. Julio Luna,39,91.89,21,554,0.5,Baja California Sur,Economic,High Risk
1873,Francisco Javier Zeferino Villalobos,46,288.68,2,614,0.23,Sonora,Economic,High Risk
1874,Paola García Alvarado,60,121.85,2,517,0.19,Zacatecas,Economic,High Risk
1875,Georgina Peralta Puga,45,315.81,7,574,0.47,México,Economic,High Risk
1876,Tania Tejeda,32,482.44,10,652,0.53,Campeche,Economic,Medium Risk
1877,Dulce María Liliana Aguayo Jiménez,53,224.98,25,506,0.44,Baja California Sur,Economic,High Risk
1878,Julia Rosario Angulo,53,121.16,12,618,0.41,Distrito Federal,Economic,High Risk
1879,Fidel Mondragón,65,267.94,32,576,0.48,Aguascalientes,Economic,High Risk
1880,María del Carmen Cortés,30,113.07,0,537,0.57,Guanajuato,Economic,High Risk
1881,Gerardo Urrutia,60,168.69,32,592,0.26,Veracruz de Ignacio de la Llave,Economic,High Risk
1882,Estela Salinas,51,199.84,19,584,0.35,Zacatecas,Economic,High Risk
1883,Alfonso Garica,31,200.84,11,573,0.52,Morelos,Economic,High Risk
1884,Ing. Sessa Varela,52,356.07,17,614,0.3,Campeche,Economic,High Risk
1885,Anabel Trujillo,51,244.97,13,608,0.12,Coahuila de Zaragoza,Economic,High Risk
1886,Lic. Carolina Lira,50,269.93,23,588,0.52,Morelos,Economic,High Risk
1887,Javier Marcos Mares,38,365.05,5,660,0.16,Zacatecas,Economic,Medium Risk
1888,José Manuél Amador Alemán,29,208.19,4,532,0.43,Tlaxcala,Economic,High Risk
1889,Citlali Rosas,22,198.33,2,669,0.24,Quintana Roo,Economic,Medium Risk
1890,René Pablo Posada Saldivar,56,214.42,17,563,0.29,Jalisco,Economic,High Risk
1891,Delia Estrada Peres,62,295.71,1,602,0.42,Chihuahua,Economic,High Risk
1892,José Arellano Quezada,44,291.41,22,545,0.58,Durango,Economic,High Risk
1893,Lic. Rufino Barraza,26,133.57,0,530,0.47,Michoacán de Ocampo,Economic,High Risk
1894,Magdalena Paola Saavedra Villa,53,299.17,8,554,0.34,Distrito Federal,Economic,High Risk
1895,Augusto Ramón Rocha,21,320.97,0,651,0.5,Guanajuato,Economic,Medium Risk
1896,Sr. José Carlos Rentería,39,199.14,5,569,0.4,Campeche,Economic,High Risk
1897,Claudio Rangel,46,348.54,4,661,0.14,Distrito Federal,Economic,Medium Risk
1898,José María Garay Menéndez,33,398.02,9,622,0.2,Tlaxcala,Economic,High Risk
1899,Luis Miguel Piña Olivas,66,303.47,14,679,0.51,Oaxaca,Economic,Medium Risk
1900,Patricia Noelia Almaraz,43,390.51,21,514,0.38,Sonora,Economic,High Risk
1901,María Eugenia Abreu,23,284.17,0,622,0.11,Nayarit,Economic,High Risk
1902,Débora Pamela Villaseñor,40,158.42,3,614,0.15,Baja California Sur,Economic,High Risk
1903,Rosario María Luisa Rendón,31,440.68,6,647,0.4,Baja California,Economic,High Risk
1904,Gerónimo Ruelas Casanova,23,312.07,3,565,0.26,San Luis Potosí,Economic,High Risk
1905,María Teresa Sauceda Alonzo,40,314.98,5,641,0.23,Michoacán de Ocampo,Economic,High Risk
1906,Leonardo Chacón,43,277.29,17,535,0.42,Oaxaca,Economic,High Risk
1907,Pascual Niño Reséndez,47,147.51,18,664,0.5,Sinaloa,Economic,Medium Risk
1908,Emiliano Federico Laboy Meléndez,56,124.17,33,638,0.54,Tlaxcala,Economic,High Risk
1909,Eugenio Humberto Carrillo,32,192.76,3,552,0.11,Hidalgo,Economic,High Risk
1910,Natalia Badillo,37,284.21,15,574,0.19,Guanajuato,Economic,High Risk
1911,Lic. Alonso Barraza,36,174.31,6,658,0.5,Nayarit,Economic,Medium Risk
1912,Noelia Jaime Gastélum,62,398.49,34,676,0.34,Chihuahua,Economic,Medium Risk
1913,Benjamín Porfirio Garica Segura,68,146.43,43,562,0.1,México,Economic,High Risk
1914,Vanesa Isabel Salinas Vallejo,36,286.32,10,621,0.23,Campeche,Economic,High Risk
1915,Emilia Hermelinda Torres,64,243.89,11,582,0.21,Querétaro,Economic,High Risk
1916,Graciela Estela Robledo Cardenas,43,126.19,10,664,0.36,Yucatán,Economic,Medium Risk
1917,Francisco Javier Samuel Alba Batista,35,178.91,12,599,0.54,Quintana Roo,Economic,High Risk
1918,Bernabé Baca,55,198.06,4,507,0.15,México,Economic,High Risk
1919,Jesús Caldera Crespo,22,90.86,2,612,0.36,Distrito Federal,Economic,High Risk
1920,Armando Tapia,25,132.54,3,558,0.11,Querétaro,Economic,High Risk
1921,Julio Gerardo Rico,48,272.35,20,612,0.23,Durango,Economic,High Risk
1922,Salma Angélica Villareal Loera,36,271.62,10,621,0.35,Jalisco,Economic,High Risk
1923,Juana Ávila,40,282.79,16,517,0.33,Aguascalientes,Economic,High Risk
1924,Catalina Minerva Medrano Camacho,37,72.62,8,599,0.36,Nayarit,Economic,High Risk
1925,Martha Núñez Alcala,54,134.61,0,654,0.48,Veracruz de Ignacio de la Llave,Economic,Medium Risk
1926,Ing. Georgina Leyva,23,235.66,2,656,0.44,Chihuahua,Economic,Medium Risk
1927,Flavio Andrés Lucio Navarrete,55,305.79,26,645,0.42,Guanajuato,Economic,High Risk
1928,Alma Téllez,52,242.61,11,503,0.6,Chiapas,Economic,High Risk
1929,Zeferino Raúl Holguín Ruelas,44,328.34,6,666,0.22,Querétaro,Economic,Medium Risk
1930,Timoteo Gollum,26,509.59,5,646,0.48,Hidalgo,Economic,High Risk
1931,Ing. Alejandro Padilla,55,291.48,27,510,0.6,Tlaxcala,Economic,High Risk
1932,Delia Piña,69,333.45,8,511,0.48,Chiapas,Economic,High Risk
1933,Nancy Villagómez Paz,49,379.14,1,594,0.44,Quintana Roo,Economic,High Risk
1934,Lic. Marcela de Jesús,38,122.06,7,609,0.58,Morelos,Economic,High Risk
1935,Andrés Velázquez Feliciano,49,193.57,7,613,0.42,Guerrero,Economic,High Risk
1936,Miguel Ángel Villalpando,27,100.17,4,557,0.52,Guerrero,Economic,High Risk
1937,Elvira Caridad Laureano Rojo,37,153.09,14,517,0.3,Baja California,Economic,High Risk
1938,Luis Manuel Girón Delgado,35,211.36,8,518,0.36,Sonora,Economic,High Risk
1939,Martha Nancy Sandoval,46,215.28,3,666,0.53,Hidalgo,Economic,Medium Risk
1940,Ignacio Francisco Calvillo,27,147.99,6,664,0.17,Chihuahua,Economic,Medium Risk
1941,Daniel Serrato,39,188.18,0,596,0.17,México,Economic,High Risk
1942,Ana Luisa Mónica Villanueva Rodarte,66,177.47,3,572,0.38,Oaxaca,Economic,High Risk
1943,Delia Berríos,50,263.76,2,582,0.29,Sonora,Economic,High Risk
1944,Arcelia Rodríquez,52,320.82,23,595,0.58,Coahuila de Zaragoza,Economic,High Risk
1945,Alberto de la Crúz,55,246.33,13,555,0.13,Querétaro,Economic,High Risk
1946,Araceli Cristina Cavazos Matos,38,145.09,0,673,0.35,Yucatán,Economic,Medium Risk
1947,Estela Reynoso,58,,15,676,0.13,San Luis Potosí,Economic,Medium Risk
1948,Dr. Reynaldo Crespo,49,133.37,16,665,0.39,Hidalgo,Economic,Medium Risk
1949,Lic. César Bañuelos,29,143.94,3,672,0.2,Aguascalientes,Economic,Medium Risk
1950,Sr. Gabriel Barrera,33,318.62,9,642,0.15,Zacatecas,Economic,High Risk
1951,Arcelia Benavídez,33,162.19,2,637,0.18,Durango,Economic,High Risk
1952,Barbara Benavídez Coronado,49,199.16,17,550,0.51,San Luis Potosí,Economic,High Risk
1953,Mónica Dulce María Enríquez,60,217.82,23,555,0.41,Michoacán de Ocampo,Economic,High Risk
1954,Rodrigo Esquivel,39,316.88,5,509,0.27,Oaxaca,Economic,High Risk
1955,Carlos Perales,52,284.64,30,505,0.55,Campeche,Economic,High Risk
1956,Estela Marisol Molina Montoya,63,97.56,3,641,0.38,Tlaxcala,Economic,High Risk
1957,Úrsula Noelia Alemán Angulo,48,170.97,21,680,0.14,Tamaulipas,Economic,Medium Risk
1958,Ing. Manuel Carmona,69,709.19,4,621,0.46,México,Economic,High Risk
1959,Ana María Matías Cruz,21,248.76,0,543,0.11,Quintana Roo,Economic,High Risk
1960,Gonzalo Avilés,27,298.41,1,516,0.42,Baja California,Economic,High Risk
1961,Omar de la O,59,275.26,19,525,0.47,Tabasco,Economic,High Risk
1962,Marisol Teresa Saldivar Estrada,62,211.3,17,554,0.51,Nayarit,Economic,High Risk
1963,Julio Valdivia,28,320.23,4,628,0.12,Sonora,Economic,High Risk
1964,Judith Wendolin Calvillo,58,403.78,0,615,0.36,Querétaro,Economic,High Risk
1965,Patricio Gregorio Alfaro Lozano,29,239.13,2,598,0.56,Nayarit,Economic,High Risk
1966,Teodoro Garica Casanova,70,188.63,15,608,0.34,Coahuila de Zaragoza,Economic,High Risk
1967,Elias Ramiro Ríos Vanegas,60,359.92,28,624,0.27,Michoacán de Ocampo,Economic,High Risk
1968,Diana Luz Soria,69,128.96,31,546,0.51,Sonora,Economic,High Risk
1969,Lic. Modesto Calvillo,32,82.26,7,543,0.47,Colima,Economic,High Risk
1970,Dr. Porfirio Montoya,49,331.57,20,599,0.29,Colima,Economic,High Risk
1971,Zeferino Guillermo Llamas Benavídez,61,214.13,41,552,0.53,Nuevo León,Economic,High Risk
1972,Yeni Ana Luisa Quintanilla Flórez,33,107.28,1,675,0.42,Tamaulipas,Economic,Medium Risk
1973,Celia Jaqueline Marroquín,23,144.36,0,576,0.56,Zacatecas,Economic,High Risk
1974,Eloy Gil,38,132.2,8,514,0.34,Tamaulipas,Economic,High Risk
1975,Abril Téllez de Anda,54,198.95,15,564,0.39,Chiapas,Economic,High Risk
1976,Guillermina Aguilera,51,203.11,19,535,0.49,Quintana Roo,Economic,High Risk
1977,Darío Zeferino Ybarra,36,228.29,0,554,0.54,Jalisco,Economic,High Risk
1978,Alonso Prieto,32,153.65,8,560,0.21,Quintana Roo,Economic,High Risk
1979,Esparta Armenta,29,270.1,3,587,0.42,México,Economic,High Risk
1980,Cristina Lucía Ojeda,47,327.74,4,620,0.56,Tabasco,Economic,High Risk
1981,Adela Escamilla Soria,41,213.2,18,554,0.3,Baja California,Economic,High Risk
1982,Ana Luisa Alfaro,27,230.16,8,632,0.36,Yucatán,Economic,High Risk
1983,Gabriel Luis Miguel Menchaca,35,264.6,12,598,0.34,Zacatecas,Economic,High Risk
1984,Andrea Caridad Vargas,70,255.2,47,538,0.15,Quintana Roo,Economic,High Risk
1985,Mario Gurule,53,327.13,25,502,0.43,Guanajuato,Economic,High Risk
1986,Vanesa Ybarra Orozco,54,169.67,17,636,0.55,Coahuila de Zaragoza,Economic,High Risk
1987,Humberto Zeferino Nieto,64,464.24,28,579,0.25,Baja California Sur,Economic,High Risk
1988,Ing. Rafaél Gallardo,37,193.36,13,583,0.47,Guanajuato,Economic,High Risk
1989,Ángel Gabriel Briseño Melgar,42,307.05,0,520,0.43,San Luis Potosí,Economic,High Risk
1990,Minerva Bétancourt Ornelas,47,152.35,0,570,0.45,Quintana Roo,Economic,High Risk
1991,Dolores Espinoza,68,212.46,2,629,0.33,Baja California,Economic,High Risk
1992,Zacarías Israel Balderas,62,252.69,5,526,0.29,Guanajuato,Economic,High Risk
1993,Srita. Emilia Gómez,58,,21,562,0.53,Querétaro,Economic,High Risk
1994,Judith Sonia Caballero,41,275.93,1,677,0.51,Tamaulipas,Economic,Medium Risk
1995,Amador Ramos Ceja,66,124.91,21,657,0.33,Distrito Federal,Economic,Medium Risk
1996,Inés Huerta,43,311.57,17,537,0.14,Baja California Sur,Economic,High Risk
1997,Dra. María José Escobedo,65,204.67,35,648,0.43,Nayarit,Economic,High Risk
1998,Rubén Cristobal Rosado Cruz,23,133.94,0,544,0.53,Baja California Sur,Economic,High Risk
1999,Dr. José Carlos Peres,41,162.75,12,631,0.32,Tlaxcala,Economic,High Risk
2000,Blanca Micaela Toledo Zayas,51,165.37,20,640,0.49,Nuevo León,Economic,High Risk
2001,Catalina Caridad Zamora,40,366.41,6,561,0.4,Guanajuato,Economic,High Risk
2002,Cynthia Loera,31,95.12,2,638,0.47,Tabasco,Economic,High Risk
2003,Sr. Mauro Montemayor,37,140.49,12,573,0.12,Distrito Federal,Economic,High Risk
2004,Emilio Evelio Ochoa Guzmán,43,299.93,17,527,0.56,Colima,Economic,High Risk
2005,Isaac Julio Cavazos,59,462.51,11,662,0.47,Puebla,Economic,Medium Risk
2006,Isaac Narváez,35,133.28,12,634,0.5,Jalisco,Economic,High Risk
2007,Ing. Adalberto Limón,68,158.12,24,649,0.33,Querétaro,Economic,High Risk
2008,Ivonne Minerva Villareal Roybal,66,369.61,3,596,0.28,Baja California,Economic,High Risk
2009,Ing. Federico Mena,54,316.84,3,560,0.35,Distrito Federal,Economic,High Risk
2010,Srita. Socorro Ortega,38,201.14,6,654,0.18,Veracruz de Ignacio de la Llave,Economic,Medium Risk
2011,Ing. Eric Vigil,43,301.23,12,662,0.26,Tlaxcala,Economic,Medium Risk
2012,Úrsula Limón Palomino,45,288.21,12,634,0.48,Durango,Economic,High Risk
2013,Victoria Almaraz Durán,55,420.91,3,505,0.44,San Luis Potosí,Economic,High Risk
2014,Marisol Rosario Irizarry,33,202.79,5,643,0.35,Guanajuato,Economic,High Risk
2015,Leonardo Jiménez Gutiérrez,55,275.78,8,675,0.15,Morelos,Economic,Medium Risk
2016,Juana Valdés,52,250.12,27,620,0.22,Campeche,Economic,High Risk
2017,Adalberto Baeza Salas,52,224.69,1,632,0.23,Puebla,Economic,High Risk
2018,Leonel Lugo Sevilla,64,138.19,18,603,0.13,Yucatán,Economic,High Risk
2019,Dr. Horacio Padrón,21,150.97,0,612,0.53,Distrito Federal,Economic,High Risk
2020,Evelio Timoteo Amador Centeno,47,516.95,14,631,0.23,Querétaro,Economic,High Risk
2021,Emilio Benavídez,56,197.14,27,655,0.43,Guanajuato,Economic,Medium Risk
2022,Irene Arcelia Salazar,41,451.64,18,603,0.6,Morelos,Economic,High Risk
2023,Abelardo Camilo Briones Ortega,61,158.59,15,528,0.34,Puebla,Economic,High Risk
2024,Marcos Bruno Gaitán,22,106.58,0,588,0.3,Colima,Economic,High Risk
2025,Miriam Nadia Anguiano Quiñones,37,140.58,12,655,0.55,Hidalgo,Economic,Medium Risk
2026,Ing. Roberto Aparicio,47,122.28,22,616,0.11,Coahuila de Zaragoza,Economic,High Risk
2027,Jaime Carrero Arroyo,52,,29,531,0.33,Colima,Economic,High Risk
2028,Esmeralda Graciela Reyes Serna,52,168.57,29,655,0.22,México,Economic,Medium Risk
2029,Isabela Carranza Ordóñez,31,160.88,3,657,0.19,Guerrero,Economic,Medium Risk
2030,Aurelio Gonzalo Tovar,36,296.0,8,649,0.39,Tamaulipas,Economic,High Risk
2031,Pascual Humberto Arteaga Castellanos,39,220.65,8,610,0.11,Hidalgo,Economic,High Risk
2032,Marcela Lourdes Lara Camacho,36,262.88,9,656,0.12,San Luis Potosí,Economic,Medium Risk
2033,Bernabé Verdugo,30,315.53,4,531,0.57,Oaxaca,Economic,High Risk
2034,Ing. Jorge Mendoza,55,290.91,27,585,0.23,Veracruz de Ignacio de la Llave,Economic,High Risk
2035,Cornelio Ortiz Calvillo,31,318.58,3,506,0.52,Oaxaca,Economic,High Risk
2036,Carmen Silvia Zambrano,60,120.48,3,594,0.49,México,Economic,High Risk
2037,Rubén Castañeda Ocampo,68,140.22,39,505,0.38,Tabasco,Economic,High Risk
2038,Miriam Valencia,22,380.74,0,616,0.12,Coahuila de Zaragoza,Economic,High Risk
2039,Sra. Emilia Ureña,55,350.08,35,675,0.43,Nayarit,Economic,Medium Risk
2040,Sra. Minerva Robles,42,68.37,18,535,0.31,Puebla,Economic,High Risk
2041,Sra. Marisol Delgado,36,192.29,11,638,0.6,Colima,Economic,High Risk
2042,Elisa Campos Vázquez,38,215.51,2,616,0.18,Michoacán de Ocampo,Economic,High Risk
2043,Ing. Fidel Escobar,26,229.72,3,529,0.18,Chihuahua,Economic,High Risk
2044,Sra. Lilia Barrios,25,178.57,0,655,0.29,Baja California Sur,Economic,Medium Risk
2045,Ing. Ricardo Zúñiga,55,234.26,5,518,0.48,Guerrero,Economic,High Risk
2046,Pamela Leal,42,121.75,14,505,0.17,Veracruz de Ignacio de la Llave,Economic,High Risk
2047,Araceli Carlota Roldán,67,267.02,28,591,0.19,Chiapas,Economic,High Risk
2048,Sr. Timoteo Granados,48,194.15,19,555,0.39,Colima,Economic,High Risk
2049,Genaro José Emilio Serna,58,220.53,23,507,0.34,Nuevo León,Economic,High Risk
2050,Liliana Georgina Cardona,56,162.13,7,619,0.38,Yucatán,Economic,High Risk
2051,Luis Vela,21,318.07,0,667,0.33,Hidalgo,Economic,Medium Risk
2052,Berta Úrsula Pabón Leal,64,122.71,43,561,0.38,México,Economic,High Risk
2053,Hernán Garibay Zamudio,29,170.95,4,531,0.21,Hidalgo,Economic,High Risk
2054,Porfirio Carmona Orellana,68,216.96,19,584,0.39,Tamaulipas,Economic,High Risk
2055,Lic. Hugo Merino,32,299.0,10,675,0.23,Durango,Economic,Medium Risk
2056,Ernesto Rincón Márquez,24,193.29,0,586,0.38,Jalisco,Economic,High Risk
2057,Ana Luisa Reina Laboy Véliz,27,108.6,8,538,0.32,México,Economic,High Risk
2058,Sr. Juan Villalobos,69,361.36,37,637,0.47,Tabasco,Economic,High Risk
2059,Lic. Rufino Serrato,21,,1,503,0.38,Morelos,Economic,High Risk
2060,José Eduardo Villalobos,61,436.87,26,594,0.55,Coahuila de Zaragoza,Economic,High Risk
2061,Dolores Olga Contreras,32,220.49,11,501,0.19,Distrito Federal,Economic,High Risk
2062,Estela Ofelia Yáñez Aguayo,21,189.88,0,624,0.43,Quintana Roo,Economic,High Risk
2063,Reina Barrios,29,205.44,6,513,0.44,Guanajuato,Economic,High Risk
2064,Perla Guillermina Sisneros Lugo,59,381.07,34,548,0.26,Morelos,Economic,High Risk
2065,Joaquín Saldaña,59,261.88,9,502,0.21,Tlaxcala,Economic,High Risk
2066,Araceli Jasso,36,402.44,4,677,0.57,Coahuila de Zaragoza,Economic,Medium Risk
2067,Lic. Teodoro Guerrero,55,187.23,18,567,0.46,Sonora,Economic,High Risk
2068,Mariana Jaqueline Espinal,31,345.95,0,544,0.28,Sonora,Economic,High Risk
2069,Abraham Benito Trejo Rosario,61,136.44,6,500,0.33,Michoacán de Ocampo,Economic,High Risk
2070,Eugenia Barela,35,171.97,13,661,0.15,Hidalgo,Economic,Medium Risk
2071,Aurelio Duarte,57,205.68,6,642,0.27,Guanajuato,Economic,High Risk
2072,Nadia Sofía Nazario,65,,29,620,0.38,Zacatecas,Economic,High Risk
2073,Citlali Sofía Marrero,28,,4,600,0.26,Baja California,Economic,High Risk
2074,Dra. Juana Zaragoza,66,130.38,29,675,0.24,Oaxaca,Economic,Medium Risk
2075,Lic. Estela Farías,47,131.79,4,540,0.34,Oaxaca,Economic,High Risk
2076,Lic. Bruno Granados,31,186.21,4,551,0.26,Morelos,Economic,High Risk
2077,Mariana Guadalupe Cardenas,42,164.68,7,571,0.59,Baja California,Economic,High Risk
2078,Leonardo José Luis Ávalos,59,460.93,14,680,0.58,Coahuila de Zaragoza,Economic,Medium Risk
2079,Abigail Nieto,67,277.15,7,629,0.1,Puebla,Economic,High Risk
2080,Conchita Nelly Jurado,52,319.83,30,571,0.26,Oaxaca,Economic,High Risk
2081,Amalia de la Rosa Quiñónez,59,382.98,30,605,0.22,Quintana Roo,Economic,High Risk
2082,Jacinto Escobar,64,,14,616,0.47,Michoacán de Ocampo,Economic,High Risk
2083,Gabriela Rosa Abreu Meléndez,43,192.53,13,570,0.15,Tabasco,Economic,High Risk
2084,Georgina Carla Hernández Negrete,27,387.08,5,568,0.15,San Luis Potosí,Economic,High Risk
2085,Francisco Mena,25,454.2,0,571,0.51,Sinaloa,Economic,High Risk
2086,Sr. Diego Jurado,49,174.68,27,638,0.22,Campeche,Economic,High Risk
2087,Eugenio Augusto Serna Nieves,38,99.54,13,504,0.33,Hidalgo,Economic,High Risk
2088,Aida Bañuelos Dueñas,28,216.43,4,680,0.24,Yucatán,Economic,Medium Risk
2089,Reynaldo Zavala,57,207.97,18,666,0.55,Guanajuato,Economic,Medium Risk
2090,Marco Antonio de la Garza,31,152.95,11,664,0.19,Quintana Roo,Economic,Medium Risk
2091,Yuridia Aldonza Ramírez,70,249.83,15,577,0.58,Distrito Federal,Economic,High Risk
2092,Graciela Nava Olvera,38,416.01,16,584,0.47,Michoacán de Ocampo,Economic,High Risk
2093,Lourdes Cynthia del Valle Arreola,26,94.56,3,656,0.51,Guerrero,Economic,Medium Risk
2094,Julio César Ozuna Valle,58,645.16,9,586,0.4,Baja California Sur,Economic,High Risk
2095,Raquel Angélica Tapia,24,137.71,2,615,0.35,Jalisco,Economic,High Risk
2096,Rufino Partida Ayala,43,231.15,1,607,0.1,San Luis Potosí,Economic,High Risk
2097,Mayte Sáenz Valencia,69,214.66,31,514,0.36,Nuevo León,Economic,High Risk
2098,Eloy Baeza,42,271.97,13,654,0.55,Veracruz de Ignacio de la Llave,Economic,Medium Risk
2099,Berta Martha Borrego Puente,34,267.01,9,587,0.16,Sinaloa,Economic,High Risk
2100,Lic. Salma Balderas,22,145.8,1,590,0.13,México,Economic,High Risk
2101,Modesto Zeferino Sandoval,51,157.74,12,581,0.26,Veracruz de Ignacio de la Llave,Economic,High Risk
2102,Guadalupe Rosa Archuleta Espinosa,56,328.82,11,500,0.48,Puebla,Economic,High Risk
2103,Pedro Francisco Javier Mireles,24,282.03,0,518,0.36,Michoacán de Ocampo,Economic,High Risk
2104,Dr. Antonio Ulloa,33,298.03,10,513,0.16,San Luis Potosí,Economic,High Risk
2105,Francisco Javier Dueñas Curiel,47,353.54,3,515,0.44,Distrito Federal,Economic,High Risk
2106,Sra. Alicia Laureano,38,303.83,15,630,0.41,Nayarit,Economic,High Risk
2107,Cynthia Zayas Alva,42,246.12,6,600,0.38,Colima,Economic,High Risk
2108,Dr. Mauricio Arellano,33,168.32,7,635,0.43,Distrito Federal,Economic,High Risk
2109,Marcos Rafaél Serrano Tijerina,64,312.09,10,543,0.45,Yucatán,Economic,High Risk
2110,Camilo Adalberto Leiva,45,167.35,0,619,0.42,Baja California,Economic,High Risk
2111,Aldo Mariano Badillo Candelaria,23,255.48,0,634,0.41,Tlaxcala,Economic,High Risk
2112,Benito Nava,57,221.9,34,644,0.34,Querétaro,Economic,High Risk
2113,Rosa Amelia Urbina,24,138.75,1,635,0.13,Morelos,Economic,High Risk
2114,Mateo Gutiérrez Salcido,29,152.03,0,540,0.55,Zacatecas,Economic,High Risk
2115,Dra. Ruby Nazario,53,277.85,8,578,0.22,Colima,Economic,High Risk
2116,Alonso Ayala,59,292.38,5,663,0.4,Guerrero,Economic,Medium Risk
2117,Nicolás Eduardo Laboy Gaitán,56,343.91,23,654,0.17,Michoacán de Ocampo,Economic,Medium Risk
2118,Mercedes Carmen Esquibel,23,155.13,0,529,0.52,Coahuila de Zaragoza,Economic,High Risk
2119,Srita. Estela Vargas,32,214.61,3,531,0.4,Guerrero,Economic,High Risk
2120,Juan Carlos Navarro Guajardo,57,288.29,23,562,0.52,Michoacán de Ocampo,Economic,High Risk
2121,Claudio Loera,53,548.93,16,658,0.41,Colima,Economic,Medium Risk
2122,Esparta Cisneros,37,159.02,13,574,0.44,Guanajuato,Economic,High Risk
2123,Isabel Manzanares,63,398.17,9,638,0.11,Chihuahua,Economic,High Risk
2124,Bianca Raquel Armenta,53,258.52,33,618,0.23,Tabasco,Economic,High Risk
2125,Raúl Mejía Saldaña,27,97.7,0,524,0.14,Colima,Economic,High Risk
2126,Srita. Carlota de la Fuente,29,219.79,2,568,0.23,Morelos,Economic,High Risk
2127,Eugenio Ricardo Rincón Núñez,29,93.75,2,578,0.57,Tlaxcala,Economic,High Risk
2128,Lorena Lourdes Castro Méndez,57,144.46,8,571,0.35,Colima,Economic,High Risk
2129,Ing. Caridad Leyva,58,289.11,21,563,0.51,San Luis Potosí,Economic,High Risk
2130,Víctor Córdova Maya,62,250.88,26,599,0.42,San Luis Potosí,Economic,High Risk
2131,Teresa Esparza Santillán,24,130.32,0,652,0.39,Sinaloa,Economic,Medium Risk
2132,Dr. Arturo Ozuna,63,206.95,42,625,0.47,Baja California,Economic,High Risk
2133,Carolina Perla Moya Serna,36,228.56,5,678,0.18,Zacatecas,Economic,Medium Risk
2134,Alta  Gracia Jiménez Raya,59,259.51,0,615,0.51,Campeche,Economic,High Risk
2135,María Luisa Lilia Duarte,70,340.55,9,564,0.18,Chiapas,Economic,High Risk
2136,Sr. Leonel Ornelas,50,157.61,23,626,0.24,Distrito Federal,Economic,High Risk
2137,Julio Darío Calvillo Molina,24,143.9,5,515,0.46,Distrito Federal,Economic,High Risk
2138,Sr. Francisco Javier Santana,29,313.23,5,612,0.55,Colima,Economic,High Risk
2139,Martha Julia Casárez Perea,55,139.93,25,518,0.5,Baja California,Economic,High Risk
2140,María Teresa Salgado,49,272.47,3,569,0.33,Zacatecas,Economic,High Risk
2141,José Carlos Bahena,29,388.6,2,532,0.26,Sinaloa,Economic,High Risk
2142,Irma Carolina Menéndez Pabón,68,225.81,17,656,0.52,Aguascalientes,Economic,Medium Risk
2143,Fidel Rodolfo Zúñiga,42,209.28,5,548,0.13,Quintana Roo,Economic,High Risk
2144,Lucía Becerra Véliz,59,175.16,21,525,0.35,Hidalgo,Economic,High Risk
2145,Ana María Linda Figueroa Mateo,35,259.94,2,605,0.42,Nuevo León,Economic,High Risk
2146,Dr. Roberto Cepeda,48,189.23,11,658,0.57,Zacatecas,Economic,Medium Risk
2147,Martín Toro Ordóñez,32,202.44,6,588,0.41,Sonora,Economic,High Risk
2148,Miguel Ángel Luis Manuel Olvera Guardado,29,337.27,2,646,0.36,México,Economic,High Risk
2149,Dr. Adalberto Reynoso,61,220.03,11,652,0.38,Puebla,Economic,Medium Risk
2150,Ana Luisa Anabel Marín,36,364.18,7,539,0.24,Nayarit,Economic,High Risk
2151,Miguel Ángel Amador Rosario Lovato,53,250.79,3,659,0.12,Hidalgo,Economic,Medium Risk
2152,Rosario Tórrez Vega,35,257.92,3,543,0.55,Hidalgo,Economic,High Risk
2153,Beatriz Perla Herrera,26,592.94,4,592,0.59,Chiapas,Economic,High Risk
2154,Rufino Ramón,60,390.23,13,634,0.35,Hidalgo,Economic,High Risk
2155,Israel Moreno,49,276.67,25,568,0.48,Chihuahua,Economic,High Risk
2156,Aurelio Cruz,35,145.36,8,527,0.4,Baja California,Economic,High Risk
2157,Ángel Fernando Reynoso Gallardo,62,123.43,40,506,0.25,Colima,Economic,High Risk
2158,Indira Virginia Holguín Vergara,37,295.85,7,504,0.18,Hidalgo,Economic,High Risk
2159,Rosa Eva Méndez Fernández,67,296.51,7,645,0.4,Yucatán,Economic,High Risk
2160,Jaime Cortez Palomino,36,129.46,7,663,0.2,Querétaro,Economic,Medium Risk
2161,Blanca Itzel Anaya,26,132.42,1,620,0.33,Querétaro,Economic,High Risk
2162,Laura Anel Ocampo Madrid,50,349.5,20,542,0.26,Guanajuato,Economic,High Risk
2163,Esparta Verduzco León,62,148.41,16,579,0.15,Puebla,Economic,High Risk
2164,Estela Andrea Salinas,47,246.35,14,544,0.5,Nayarit,Economic,High Risk
2165,Lic. Hermelinda Villarreal,27,367.04,7,527,0.17,Guanajuato,Economic,High Risk
2166,Teresa Pilar Pulido,67,255.07,5,517,0.55,Durango,Economic,High Risk
2167,Javier Cortez,65,187.17,17,674,0.33,Yucatán,Economic,Medium Risk
2168,Yeni Angélica Miranda,24,281.76,0,535,0.35,Sinaloa,Economic,High Risk
2169,Rosalia Esther Soliz Ayala,60,176.5,22,660,0.21,Michoacán de Ocampo,Economic,Medium Risk
2170,Srita. Nadia Roque,45,,24,550,0.5,Tamaulipas,Economic,High Risk
2171,Teodoro José Luis Estrada Domínguez,30,282.91,4,587,0.48,Tlaxcala,Economic,High Risk
2172,Renato Ricardo Montoya,37,525.99,19,585,0.2,Nayarit,Economic,High Risk
2173,Aldonza Alta  Gracia Cabrera,59,191.82,31,617,0.37,Querétaro,Economic,High Risk
2174,Claudia Julia Llamas Mascareñas,67,170.56,4,556,0.47,San Luis Potosí,Economic,High Risk
2175,José Luis Ulloa,53,343.13,1,599,0.58,Sinaloa,Economic,High Risk
2176,Andrea Úrsula Barrios Hidalgo,28,149.21,7,612,0.49,Campeche,Economic,High Risk
2177,Dr. César Toledo,49,324.15,11,591,0.56,Quintana Roo,Economic,High Risk
2178,Claudio Esquivel Figueroa,21,,1,653,0.51,México,Economic,Medium Risk
2179,Srita. Celia Valdés,27,311.25,1,533,0.36,Baja California Sur,Economic,High Risk
2180,Gabriela Montes Espino,28,296.04,0,629,0.48,Guanajuato,Economic,High Risk
2181,Vanesa Ulibarri,28,315.51,0,645,0.58,Sinaloa,Economic,High Risk
2182,Rolando Pineda,67,165.61,36,637,0.52,Distrito Federal,Economic,High Risk
2183,Ramón Lorenzo Villalpando Olvera,63,254.84,17,644,0.58,Guanajuato,Economic,High Risk
2184,Patricia Figueroa,51,350.81,6,617,0.22,Nuevo León,Economic,High Risk
2185,Rubén Concepción Vázquez,46,140.85,22,631,0.59,Campeche,Economic,High Risk
2186,Srita. Marisol Reséndez,58,173.91,5,525,0.58,Campeche,Economic,High Risk
2187,Itzel Mariana Monroy,44,175.24,1,594,0.56,Campeche,Economic,High Risk
2188,María Eugenia Luz Villegas,42,191.77,12,667,0.41,Sonora,Economic,Medium Risk
2189,Porfirio Jorge Herrera Gonzales,57,249.05,15,631,0.32,Nayarit,Economic,High Risk
2190,Elvira Solano,33,275.54,5,630,0.38,Sinaloa,Economic,High Risk
2191,Enrique Jacobo Ureña,50,251.37,2,651,0.57,Campeche,Economic,Medium Risk
2192,Mitzy Dulce Gamez,62,,13,637,0.33,Coahuila de Zaragoza,Economic,High Risk
2193,Elias Jorge Aranda Marrero,55,282.49,17,519,0.11,Colima,Economic,High Risk
2194,Srita. Cristina Mercado,53,204.69,7,543,0.24,Quintana Roo,Economic,High Risk
2195,Sr. Alvaro Manzanares,69,153.14,17,518,0.3,Tamaulipas,Economic,High Risk
2196,Rufino Francisco Gaona,67,151.35,43,671,0.57,Distrito Federal,Economic,Medium Risk
2197,Julio Gerónimo Marroquín,48,304.91,17,666,0.23,Campeche,Economic,Medium Risk
2198,Germán Gregorio Amaya,27,170.34,3,513,0.42,Sinaloa,Economic,High Risk
2199,Ing. Salvador Limón,60,388.32,26,666,0.17,Campeche,Economic,Medium Risk
2200,Ana Citlali Villanueva,29,368.79,5,554,0.3,Sonora,Economic,High Risk
2201,Soledad Zapata,28,188.8,5,671,0.31,Puebla,Economic,Medium Risk
2202,Nayeli Olivas Leal,35,182.96,5,555,0.27,Tabasco,Economic,High Risk
2203,Emilio Eugenio Galindo Quintero,68,77.02,18,675,0.14,Colima,Economic,Medium Risk
2204,Conchita Padilla Soto,57,223.65,29,534,0.34,Guerrero,Economic,High Risk
2205,Ivonne Cisneros,26,204.94,3,652,0.32,Aguascalientes,Economic,Medium Risk
2206,Sr. Carlos Camarillo,49,192.91,3,608,0.38,Coahuila de Zaragoza,Economic,High Risk
2207,Lic. Jacinto Saldivar,40,217.5,8,561,0.29,Hidalgo,Economic,High Risk
2208,Hugo Evelio Guevara Cervantes,44,164.52,15,634,0.58,Quintana Roo,Economic,High Risk
2209,Sr. Ignacio Solorio,49,161.44,13,633,0.53,Tamaulipas,Economic,High Risk
2210,Felipe Lucas Padrón Matos,40,155.76,2,546,0.5,Sonora,Economic,High Risk
2211,Augusto Eduardo Melgar,22,273.18,0,678,0.17,Campeche,Economic,Medium Risk
2212,Evelio Jimínez Olmos,70,315.2,37,666,0.31,Jalisco,Economic,Medium Risk
2213,Hermelinda María Cristina Prado Carreón,26,271.0,1,635,0.29,Tamaulipas,Economic,High Risk
2214,Esperanza Caridad Feliciano,40,131.88,0,582,0.23,Oaxaca,Economic,High Risk
2215,Sra. Micaela Razo,50,102.58,21,611,0.39,Puebla,Economic,High Risk
2216,Caridad Matías,26,264.76,1,574,0.37,San Luis Potosí,Economic,High Risk
2217,Lilia Fabiola Alfaro,53,403.07,16,657,0.43,Durango,Economic,Medium Risk
2218,Mateo Rodolfo Sisneros Burgos,40,300.19,19,585,0.22,Baja California,Economic,High Risk
2219,Marco Antonio Toro Benítez,45,138.63,24,576,0.59,Quintana Roo,Economic,High Risk
2220,Aurora Ilse Alcala Fernández,52,115.7,7,543,0.26,Chihuahua,Economic,High Risk
2221,Perla Georgina Posada,44,79.35,8,525,0.3,Durango,Economic,High Risk
2222,Ing. Gabino Huerta,60,267.07,10,633,0.15,Durango,Economic,High Risk
2223,Gabriel León,67,158.72,28,661,0.3,Durango,Economic,Medium Risk
2224,Roberto Rentería,60,183.79,1,680,0.26,Baja California Sur,Economic,Medium Risk
2225,Srita. Adela Mata,32,,3,583,0.41,Yucatán,Economic,High Risk
2226,Ing. Samuel Barela,58,297.11,36,570,0.49,Tabasco,Economic,High Risk
2227,Pablo Arturo Rivas Montoya,28,102.86,1,572,0.18,Durango,Economic,High Risk
2228,Wilfrido Muñiz,42,225.88,2,661,0.22,Zacatecas,Economic,Medium Risk
2229,Zacarías Silvano Meraz,58,281.62,29,652,0.2,Colima,Economic,Medium Risk
2230,Beatriz Miranda Urías,47,268.13,24,657,0.39,Campeche,Economic,Medium Risk
2231,Adalberto Rodrigo Sarabia,66,232.62,40,625,0.48,Oaxaca,Economic,High Risk
2232,Salvador Bernardo Tamez Pantoja,42,351.02,13,561,0.48,Oaxaca,Economic,High Risk
2233,Pedro Fernando Ramírez Balderas,39,187.74,18,501,0.55,Guerrero,Economic,High Risk
2234,Omar Luis Miguel Valdivia Velásquez,51,132.05,21,564,0.51,Nuevo León,Economic,High Risk
2235,Federico Avilés Acuña,29,103.06,2,538,0.57,Sonora,Economic,High Risk
2236,Dra. Amalia Cano,37,413.3,1,613,0.37,Jalisco,Economic,High Risk
2237,Mateo Enríquez,70,246.69,44,630,0.3,Tamaulipas,Economic,High Risk
2238,Alejandro Juan Huerta,63,303.29,40,581,0.46,Guerrero,Economic,High Risk
2239,Clara Eva Urbina Fuentes,66,287.78,25,536,0.28,Coahuila de Zaragoza,Economic,High Risk
2240,Asunción Suárez,31,191.85,4,508,0.59,México,Economic,High Risk
2241,Dra. Patricia Curiel,26,577.26,2,603,0.58,Colima,Economic,High Risk
2242,María José Cristina Almanza,63,153.06,35,665,0.23,Tabasco,Economic,Medium Risk
2243,Serafín Medrano,45,400.81,5,626,0.29,Baja California Sur,Economic,High Risk
2244,Elvia Karina Núñez,23,497.5,2,674,0.17,Chiapas,Economic,Medium Risk
2245,Patricia Bernal,51,255.37,22,645,0.49,Guanajuato,Economic,High Risk
2246,Yeni Soledad Mascareñas Alva,30,215.64,3,631,0.27,Puebla,Economic,High Risk
2247,Conchita Méndez Carvajal,62,221.55,35,632,0.27,Nuevo León,Economic,High Risk
2248,Virginia Montemayor,69,248.99,27,600,0.25,Quintana Roo,Economic,High Risk
2249,Jorge Luis Soria,31,173.61,7,675,0.5,Veracruz de Ignacio de la Llave,Economic,Medium Risk
2250,Aldo Zambrano Romero,56,269.63,22,573,0.48,Michoacán de Ocampo,Economic,High Risk
2251,Angélica Valadez Garrido,66,242.41,20,675,0.17,Yucatán,Economic,Medium Risk
2252,Sr. Rodrigo Vega,68,177.85,15,654,0.51,Nayarit,Economic,Medium Risk
2253,Lic. Jacobo Madrigal,48,116.84,22,525,0.35,Durango,Economic,High Risk
2254,Octavio Quintero,67,201.93,7,669,0.47,Hidalgo,Economic,Medium Risk
2255,Julio César Toro,21,170.3,0,668,0.21,Hidalgo,Economic,Medium Risk
2256,Ing. Luis Zúñiga,53,244.7,20,620,0.29,Oaxaca,Economic,High Risk
2257,Nancy Pilar Rangel,52,187.57,5,541,0.58,Sonora,Economic,High Risk
2258,Miguel Cristobal Romero,60,125.31,31,598,0.54,San Luis Potosí,Economic,High Risk
2259,Carlota Caldera,46,165.06,21,536,0.33,Colima,Economic,High Risk
2260,Sr. Fernando Guillen,50,196.93,16,539,0.12,Distrito Federal,Economic,High Risk
2261,Fernando José Manuél Pedroza Aguirre,32,212.24,3,554,0.33,Sonora,Economic,High Risk
2262,Rosario Paola Guerrero Negrete,70,222.88,39,609,0.1,Michoacán de Ocampo,Economic,High Risk
2263,Jacobo Bernabé Castellanos,63,223.44,30,671,0.42,Coahuila de Zaragoza,Economic,Medium Risk
2264,Gloria Karina Tirado,65,228.1,24,607,0.25,Nuevo León,Economic,High Risk
2265,Clara Rosa Rodríguez Preciado,26,205.31,1,513,0.49,Guanajuato,Economic,High Risk
2266,Araceli Jimínez,41,128.2,12,524,0.26,Sinaloa,Economic,High Risk
2267,Mauro Rendón Adame,23,439.53,0,663,0.21,México,Economic,Medium Risk
2268,Sr. Pablo de la Rosa,52,148.06,15,600,0.16,Tabasco,Economic,High Risk
2269,Bianca Wendolin Casillas Montañez,55,161.98,16,644,0.45,Querétaro,Economic,High Risk
2270,Lucas Garrido,34,154.59,2,592,0.44,Guanajuato,Economic,High Risk
2271,Dr. Mateo Ceballos,23,637.71,0,613,0.55,Morelos,Economic,High Risk
2272,Frida Ocampo,53,434.01,24,652,0.56,Colima,Economic,Medium Risk
2273,Rafaél Maldonado,42,256.58,1,625,0.26,Tlaxcala,Economic,High Risk
2274,Agustín Guajardo Meléndez,25,385.35,7,512,0.27,Baja California Sur,Economic,High Risk
2275,Liliana Soledad Jáquez,68,376.3,0,635,0.19,Tabasco,Economic,High Risk
2276,Sr. Esteban Hernádez,35,305.69,5,669,0.2,Colima,Economic,Medium Risk
2277,Sara Juana Orellana Burgos,62,252.09,35,610,0.38,Veracruz de Ignacio de la Llave,Economic,High Risk
2278,Lic. Dolores Urbina,50,214.63,11,636,0.49,Guanajuato,Economic,High Risk
2279,Miriam Estela Avilés Ledesma,64,206.37,11,628,0.18,Puebla,Economic,High Risk
2280,Srita. Perla Noriega,53,286.76,15,546,0.54,Sonora,Economic,High Risk
2281,Dr. Mateo Cadena,69,248.76,34,504,0.22,Tlaxcala,Economic,High Risk
2282,Arcelia Dalia Ceja,35,121.91,2,546,0.34,Yucatán,Economic,High Risk
2283,Ana Luisa Antonia Prieto,48,151.12,6,636,0.41,San Luis Potosí,Economic,High Risk
2284,Claudia Roldán Zarate,70,141.49,39,644,0.16,Baja California,Economic,High Risk
2285,Eugenio Octavio Concepción Maya,54,491.29,5,653,0.27,Jalisco,Economic,Medium Risk
2286,Mitzy Garibay,31,351.12,0,502,0.35,México,Economic,High Risk
2287,Roberto Clemente Hidalgo,22,125.46,0,671,0.19,Sonora,Economic,Medium Risk
2288,Sr. Patricio Otero,42,201.76,5,660,0.14,Oaxaca,Economic,Medium Risk
2289,Lorenzo Vicente Brito,55,190.72,4,557,0.52,Sinaloa,Economic,High Risk
2290,Ing. Ivonne Ortiz,69,207.71,41,511,0.53,Zacatecas,Economic,High Risk
2291,Ivonne Natalia Ybarra Tijerina,49,187.59,4,575,0.24,Sinaloa,Economic,High Risk
2292,Jaime Otero Serrato,37,189.62,1,593,0.27,Chiapas,Economic,High Risk
2293,María Eugenia Jaramillo Villagómez,67,173.8,28,591,0.51,Puebla,Economic,High Risk
2294,Mariano Márquez León,24,463.53,0,500,0.38,Hidalgo,Economic,High Risk
2295,Emiliano Navarro Solís,65,,28,503,0.2,Chiapas,Economic,High Risk
2296,Carlota Ariadna Ponce Madera,29,177.21,6,598,0.32,Baja California Sur,Economic,High Risk
2297,Celia Marisela Rico Sotelo,67,163.12,10,550,0.46,Guanajuato,Economic,High Risk
2298,Jesús Bravo Montoya,67,297.93,35,563,0.56,Zacatecas,Economic,High Risk
2299,Lic. Noemí Concepción,39,246.57,16,506,0.32,Sinaloa,Economic,High Risk
2300,Martha Tejada,66,306.57,8,554,0.56,Querétaro,Economic,High Risk
2301,Karina Covarrubias,26,91.19,6,612,0.3,Sinaloa,Economic,High Risk
2302,Mercedes Esquivel Corona,49,77.06,18,585,0.14,México,Economic,High Risk
2303,Noemí Rincón,39,224.63,2,527,0.22,Hidalgo,Economic,High Risk
2304,Dr. Wilfrido Cazares,48,285.03,20,506,0.17,Nuevo León,Economic,High Risk
2305,Alberto Ricardo Alcaraz,49,159.69,8,619,0.25,Guerrero,Economic,High Risk
2306,Aldo Pantoja Serna,68,220.06,5,613,0.58,Hidalgo,Economic,High Risk
2307,Lic. Jorge Santiago,40,252.22,10,574,0.16,Tamaulipas,Economic,High Risk
2308,José Carlos Martínez,65,271.26,17,599,0.51,Aguascalientes,Economic,High Risk
2309,Sr. David Alonso,28,328.01,3,597,0.29,Hidalgo,Economic,High Risk
2310,Citlali María Cristina Caballero Tello,40,84.77,10,665,0.36,Distrito Federal,Economic,Medium Risk
2311,Gloria Malave,54,269.38,15,552,0.38,Chiapas,Economic,High Risk
2312,Sra. Pamela Gamboa,63,352.3,16,529,0.34,Yucatán,Economic,High Risk
2313,Alicia Alonzo,27,377.19,0,609,0.34,Morelos,Economic,High Risk
2314,Rodrigo Ballesteros,27,132.13,2,651,0.51,Guanajuato,Economic,Medium Risk
2315,Asunción Vázquez,43,421.36,1,523,0.53,Oaxaca,Economic,High Risk
2316,Armando Orellana,29,100.63,0,607,0.53,Sonora,Economic,High Risk
2317,Dr. Camilo Cotto,21,306.38,0,592,0.1,Guerrero,Economic,High Risk
2318,Gilberto Medrano Alfaro,60,333.31,5,611,0.14,Guerrero,Economic,High Risk
2319,Dr. Zeferino Montez,21,213.22,0,661,0.49,Baja California,Economic,Medium Risk
2320,Jorge Guillermo Reyes,28,347.61,0,537,0.14,Veracruz de Ignacio de la Llave,Economic,High Risk
2321,Silvia Irma Aparicio,39,537.28,16,680,0.22,Nuevo León,Economic,Medium Risk
2322,Cristina Jaime,32,98.48,5,565,0.4,Sonora,Economic,High Risk
2323,Guillermo Andrés Matías Alcala,24,179.19,1,521,0.11,Campeche,Economic,High Risk
2324,Dolores Loya Mora,32,93.95,7,588,0.25,Tlaxcala,Economic,High Risk
2325,Noelia Esther Suárez,23,397.56,0,557,0.38,Oaxaca,Economic,High Risk
2326,Irene Lucía Alcaraz Cisneros,54,,17,627,0.47,Jalisco,Economic,High Risk
2327,Pamela Sofía Dávila,21,167.92,0,678,0.41,Durango,Economic,Medium Risk
2328,Juan Carlos César Reséndez Navarrete,60,140.47,5,652,0.36,Aguascalientes,Economic,Medium Risk
2329,Marcos Granado,48,408.41,13,609,0.5,Sonora,Economic,High Risk
2330,Dra. Olga Castro,64,218.85,40,572,0.11,Baja California,Economic,High Risk
2331,Georgina Abrego,64,287.77,2,557,0.26,Nayarit,Economic,High Risk
2332,Juan Carlos Trujillo Valverde,49,388.36,24,647,0.17,Hidalgo,Economic,High Risk
2333,Carlos Venegas Barajas,52,174.5,7,609,0.56,Puebla,Economic,High Risk
2334,Natividad Alma Hernandes,29,432.36,1,616,0.4,Sinaloa,Economic,High Risk
2335,Beatriz Alicia Pelayo Bermúdez,30,293.01,3,500,0.52,Chihuahua,Economic,High Risk
2336,Silvano Alcala,40,242.53,1,555,0.24,Puebla,Economic,High Risk
2337,Alejandro Esparza,47,163.97,27,668,0.46,Zacatecas,Economic,Medium Risk
2338,Samuel Espartaco Fuentes Soliz,51,148.35,20,572,0.35,Colima,Economic,High Risk
2339,Sr. Oswaldo Roybal,21,185.82,0,606,0.16,Veracruz de Ignacio de la Llave,Economic,High Risk
2340,Lic. Alejandra Brito,61,298.64,30,622,0.44,Tabasco,Economic,High Risk
2341,Lic. Leonor Tejeda,68,148.04,8,578,0.23,Sonora,Economic,High Risk
2342,Diego José María Estévez Quesada,56,200.45,7,543,0.22,Sinaloa,Economic,High Risk
2343,Miguel Ángel Bahena,56,389.09,15,633,0.42,Coahuila de Zaragoza,Economic,High Risk
2344,Rubén Zambrano de la Rosa,33,464.22,13,672,0.19,Chiapas,Economic,Medium Risk
2345,Abraham Rojas Aguilar,37,517.83,0,671,0.29,Guanajuato,Economic,Medium Risk
2346,Nelly Quiñónez Moya,62,272.33,8,584,0.52,México,Economic,High Risk
2347,Gabriel Moya,38,156.44,16,633,0.38,México,Economic,High Risk
2348,Esther Ruby Jaimes,54,302.59,4,517,0.25,Quintana Roo,Economic,High Risk
2349,Francisco Alfredo Tirado,41,159.26,17,600,0.3,Yucatán,Economic,High Risk
2350,Tomás Anguiano,53,453.47,18,631,0.54,Nuevo León,Economic,High Risk
2351,Sr. Camilo Villareal,53,208.01,11,648,0.55,Baja California Sur,Economic,High Risk
2352,Rafaél Hugo Baeza Mena,62,174.79,26,672,0.15,México,Economic,Medium Risk
2353,Sr. Pascual Alba,56,219.97,30,527,0.5,San Luis Potosí,Economic,High Risk
2354,Elisa Fonseca Vera,40,153.7,13,520,0.15,Nayarit,Economic,High Risk
2355,Jacobo Cotto Ozuna,48,87.05,28,532,0.21,Hidalgo,Economic,High Risk
2356,Dr. Marco Antonio Zúñiga,35,128.55,9,613,0.17,Tabasco,Economic,High Risk
2357,Homero Flavio Valles,21,293.53,0,665,0.27,Puebla,Economic,Medium Risk
2358,Sessa Trujillo,46,470.02,11,516,0.21,Quintana Roo,Economic,High Risk
2359,Alejandro Sarabia,30,221.32,9,572,0.18,Tamaulipas,Economic,High Risk
2360,Srita. María del Carmen Salgado,27,,1,510,0.38,Nayarit,Economic,High Risk
2361,Florencia Reina Patiño Miramontes,59,103.13,14,638,0.33,Nuevo León,Economic,High Risk
2362,Patricio Isaac Olivera Piña,37,297.36,8,624,0.53,Coahuila de Zaragoza,Economic,High Risk
2363,Luz Bravo,33,342.47,0,604,0.46,Sinaloa,Economic,High Risk
2364,Reina Gabriela Ávalos,58,161.13,32,674,0.23,San Luis Potosí,Economic,Medium Risk
2365,Humberto Bahena Marroquín,47,155.89,24,592,0.22,San Luis Potosí,Economic,High Risk
2366,Eloisa Quintanilla Cedillo,44,564.24,10,553,0.49,Aguascalientes,Economic,High Risk
2367,Berta Fabiola Farías Zambrano,63,307.86,23,570,0.6,Sonora,Economic,High Risk
2368,Dulce María Soliz,31,213.08,6,605,0.45,Campeche,Economic,High Risk
2369,Lic. Eric Casillas,40,189.25,8,650,0.48,Puebla,Economic,Medium Risk
2370,Ivonne Guevara Collado,54,189.06,26,626,0.38,Baja California,Economic,High Risk
2371,Horacio Sergio Morales Segura,62,320.15,18,646,0.49,Baja California,Economic,High Risk
2372,Agustín Ramiro Castillo Ramón,31,208.79,5,614,0.2,Durango,Economic,High Risk
2373,Vicente José Eduardo Esparza Montaño,37,241.08,4,625,0.44,Veracruz de Ignacio de la Llave,Economic,High Risk
2374,Laura Camila Esquibel Murillo,55,343.12,11,546,0.41,Sinaloa,Economic,High Risk
2375,Laura Liliana Gastélum,64,218.3,38,675,0.5,Nuevo León,Economic,Medium Risk
2376,Hermelinda Paulina Iglesias Ávalos,45,117.04,6,561,0.18,Tabasco,Economic,High Risk
2377,Yolanda Briseño,35,393.18,5,664,0.23,Veracruz de Ignacio de la Llave,Economic,Medium Risk
2378,Sr. Arturo Almonte,57,285.99,0,500,0.39,Morelos,Economic,High Risk
2379,Sra. Martha Guajardo,45,300.2,0,548,0.36,Chiapas,Economic,High Risk
2380,Cornelio Óliver Galarza Godínez,54,358.75,13,655,0.59,Morelos,Economic,Medium Risk
2381,Sonia Meraz Romo,66,168.07,39,606,0.25,Michoacán de Ocampo,Economic,High Risk
2382,María Madrigal Zedillo,30,342.49,2,651,0.11,Baja California Sur,Economic,Medium Risk
2383,Dr. Jacinto Meraz,33,127.3,9,666,0.28,Hidalgo,Economic,Medium Risk
2384,Bianca Mena Mercado,21,90.83,0,551,0.51,Guerrero,Economic,High Risk
2385,Alonso Augusto Castañeda Montalvo,36,100.88,7,638,0.12,Baja California Sur,Economic,High Risk
2386,Israel Felix Curiel Carvajal,36,137.19,0,591,0.49,Baja California Sur,Economic,High Risk
2387,Adalberto José Manuél Lomeli Leal,38,228.98,1,616,0.1,Sinaloa,Economic,High Risk
2388,Norma Socorro Centeno Mascareñas,55,438.47,28,601,0.38,Sinaloa,Economic,High Risk
2389,Abel Renato Perea Rangel,45,126.68,15,590,0.25,Coahuila de Zaragoza,Economic,High Risk
2390,José Luis Bruno Pichardo Saldaña,25,171.75,1,617,0.51,Michoacán de Ocampo,Economic,High Risk
2391,Sr. Jorge Luis Moya,23,106.62,0,562,0.31,Nayarit,Economic,High Risk
2392,Ing. Patricia Olivas,30,,8,602,0.15,Oaxaca,Economic,High Risk
2393,Gilberto Rolando Escamilla,43,230.54,19,608,0.28,Distrito Federal,Economic,High Risk
2394,Marisol Anabel Godoy Sisneros,38,152.51,5,505,0.16,Morelos,Economic,High Risk
2395,Óscar Ceballos,65,143.66,28,668,0.33,Distrito Federal,Economic,Medium Risk
2396,Esteban Felipe Blanco,68,336.28,16,616,0.57,Guanajuato,Economic,High Risk
2397,Cristian Prado Meléndez,35,234.8,12,522,0.43,Tlaxcala,Economic,High Risk
2398,Micaela Rincón,41,168.63,16,615,0.35,San Luis Potosí,Economic,High Risk
2399,Mayte Ana Luisa Ureña,51,267.58,7,678,0.19,Campeche,Economic,Medium Risk
2400,Sr. Patricio Otero,37,223.24,2,512,0.32,Quintana Roo,Economic,High Risk
2401,Sra. Noemí Osorio,30,349.84,3,628,0.56,Baja California,Economic,High Risk
2402,Vicente Abraham Gracia Sevilla,31,167.02,1,663,0.4,Guerrero,Economic,Medium Risk
2403,Sr. Gabino Mercado,57,244.94,38,622,0.52,Guanajuato,Economic,High Risk
2404,Victoria Karina Elizondo Laboy,67,166.7,5,634,0.58,Sonora,Economic,High Risk
2405,Benjamín Cornelio Malave,26,193.57,0,501,0.49,Baja California,Economic,High Risk
2406,Esparta Martha Negrón Quiroz,31,424.23,10,595,0.27,Jalisco,Economic,High Risk
2407,Sr. Jos Arenas,21,239.14,0,573,0.24,Michoacán de Ocampo,Economic,High Risk
2408,Hilda Elisa Valladares Ayala,34,97.43,9,610,0.29,Coahuila de Zaragoza,Economic,High Risk
2409,Julia María Elena Segura Santana,46,231.1,1,530,0.5,Oaxaca,Economic,High Risk
2410,Ing. Rosario Briseño,26,324.59,3,631,0.37,Durango,Economic,High Risk
2411,Norma Hermelinda Perea,41,248.07,8,658,0.29,Querétaro,Economic,Medium Risk
2412,Beatriz Nieves Martínez,32,159.24,4,613,0.33,Chihuahua,Economic,High Risk
2413,Marisol Mercedes Matos Carrera,29,174.9,2,528,0.29,San Luis Potosí,Economic,High Risk
2414,Indira Nayeli Aponte Gamez,32,274.6,5,639,0.13,Tlaxcala,Economic,High Risk
2415,Leonor Karla Paredes,30,318.17,1,553,0.25,Chiapas,Economic,High Risk
2416,José Luis Miguel Bustamante,59,212.62,17,668,0.49,Distrito Federal,Economic,Medium Risk
2417,Tania Ana Valdés,37,136.04,12,556,0.21,Colima,Economic,High Risk
2418,Ing. Micaela Barrientos,65,293.01,25,619,0.3,Tabasco,Economic,High Risk
2419,Dr. Cristian Rael,67,151.05,19,613,0.51,Chihuahua,Economic,High Risk
2420,Carlos Echeverría,34,138.74,9,613,0.12,Nuevo León,Economic,High Risk
2421,Antonio Ramón Salas,48,120.76,22,625,0.13,Baja California,Economic,High Risk
2422,Víctor Cadena,66,408.8,12,622,0.19,Sinaloa,Economic,High Risk
2423,Agustín Perea Farías,41,92.81,17,552,0.43,Sinaloa,Economic,High Risk
2424,Esperanza Abril Galarza,25,214.38,1,660,0.28,México,Economic,Medium Risk
2425,Francisco Javier David Maya Navarrete,47,369.74,7,657,0.57,Campeche,Economic,Medium Risk
2426,María Urbina,24,145.16,4,610,0.2,San Luis Potosí,Economic,High Risk
2427,Natalia de la Crúz,23,179.67,0,664,0.59,Jalisco,Economic,Medium Risk
2428,Bernabé Nevárez Bañuelos,38,307.36,0,675,0.19,Guanajuato,Economic,Medium Risk
2429,Gustavo Olivárez Samaniego,40,165.51,6,625,0.35,Jalisco,Economic,High Risk
2430,Sr. Silvano Palomo,49,110.52,23,676,0.46,Colima,Economic,Medium Risk
2431,Lic. Mayte Guevara,38,212.32,6,514,0.55,Quintana Roo,Economic,High Risk
2432,Dr. Pedro Gálvez,50,278.49,0,530,0.47,Aguascalientes,Economic,High Risk
2433,Genaro Benjamín Suárez,22,251.82,1,639,0.57,Colima,Economic,High Risk
2434,Marisol Sepúlveda Camarillo,41,202.37,15,624,0.51,Nayarit,Economic,High Risk
2435,Gonzalo Silvano Gómez Benavídez,31,245.55,2,609,0.35,Veracruz de Ignacio de la Llave,Economic,High Risk
2436,Luis Manuel Manuel Valdés,51,226.58,12,503,0.33,Aguascalientes,Economic,High Risk
2437,Catalina Bueno,24,104.72,0,592,0.26,Jalisco,Economic,High Risk
2438,Ing. Beatriz Palomino,35,128.07,8,598,0.5,Tabasco,Economic,High Risk
2439,Adán Alberto Luna Franco,26,261.25,1,580,0.59,Chihuahua,Economic,High Risk
2440,Ing. Esteban Ocasio,35,252.27,8,644,0.16,Aguascalientes,Economic,High Risk
2441,Mateo Ulibarri,58,128.29,7,671,0.19,Sinaloa,Economic,Medium Risk
2442,Ing. Adán Guardado,63,174.78,21,668,0.33,Veracruz de Ignacio de la Llave,Economic,Medium Risk
2443,Frida Durán Acevedo,61,305.16,17,509,0.59,Veracruz de Ignacio de la Llave,Economic,High Risk
2444,Ángela Sotelo,23,549.45,0,609,0.44,Veracruz de Ignacio de la Llave,Economic,High Risk
2445,Oswaldo Alberto Fuentes Cuellar,52,138.7,13,617,0.36,Tlaxcala,Economic,High Risk
2446,Eloisa Vela,31,186.52,0,567,0.41,Puebla,Economic,High Risk
2447,Hilda María del Carmen Quintanilla Mendoza,36,94.57,6,629,0.32,Durango,Economic,High Risk
2448,Julia Contreras,39,,15,575,0.49,Hidalgo,Economic,High Risk
2449,Alta  Gracia Dulce Calvillo Reséndez,67,317.5,43,501,0.11,Aguascalientes,Economic,High Risk
2450,Andrés Torres Casas,60,162.04,1,546,0.19,Chihuahua,Economic,High Risk
2451,Nelly Mariana Zarate de la Garza,50,,16,502,0.16,Veracruz de Ignacio de la Llave,Economic,High Risk
2452,Camilo Leiva Estévez,55,194.64,12,564,0.16,Puebla,Economic,High Risk
2453,Gerónimo Leonel Soliz Herrera,38,470.2,11,602,0.41,Guerrero,Economic,High Risk
2454,Sonia Chavarría,38,151.43,15,577,0.27,Puebla,Economic,High Risk
2455,Minerva Meléndez,59,155.24,38,585,0.42,Baja California Sur,Economic,High Risk
2456,Aldo Casanova Naranjo,56,191.07,19,662,0.59,Zacatecas,Economic,Medium Risk
2457,Renato Valdez,52,172.15,4,672,0.51,Querétaro,Economic,Medium Risk
2458,Dra. Yeni Quintero,24,546.84,1,519,0.22,Distrito Federal,Economic,High Risk
2459,Ignacio Antonio Blanco,37,281.72,0,563,0.15,Zacatecas,Economic,High Risk
2460,Dr. Daniel Herrera,55,229.03,15,678,0.16,México,Economic,Medium Risk
2461,José Espinoza,62,152.51,16,646,0.47,Querétaro,Economic,High Risk
2462,Sra. Elvira Mondragón,63,162.05,32,564,0.44,Nayarit,Economic,High Risk
2463,Mateo Zúñiga Alvarado,43,112.03,1,513,0.52,Durango,Economic,High Risk
2464,Sr. Luis Baca,40,127.9,3,624,0.43,Morelos,Economic,High Risk
2465,Aurora Viera Henríquez,24,110.32,1,558,0.13,Nayarit,Economic,High Risk
2466,Isaac Holguín,23,143.73,0,515,0.4,Puebla,Economic,High Risk
2467,Caridad Miriam de la Rosa Tovar,21,318.12,1,602,0.13,Oaxaca,Economic,High Risk
2468,Sra. Anabel Maldonado,50,236.69,9,662,0.22,Campeche,Economic,Medium Risk
2469,Srita. Elisa Cardenas,46,154.2,11,676,0.24,Campeche,Economic,Medium Risk
2470,Andrea Gastélum Cortez,29,253.31,2,643,0.16,Morelos,Economic,High Risk
2471,Arcelia Victoria Vela Carrero,67,183.55,4,645,0.6,Aguascalientes,Economic,High Risk
2472,Ing. Noemí Madrigal,50,206.58,12,546,0.35,Zacatecas,Economic,High Risk
2473,Benito Fernando Merino Serrato,31,446.68,11,630,0.38,México,Economic,High Risk
2474,Sr. Vicente García,40,123.69,2,595,0.13,Distrito Federal,Economic,High Risk
2475,Pascual Mariano Meléndez Hernandes,66,343.08,42,668,0.46,Michoacán de Ocampo,Economic,Medium Risk
2476,Guillermina Abigail Valle,53,163.25,27,595,0.12,Baja California,Economic,High Risk
2477,Esteban Riojas,27,370.58,0,509,0.2,Durango,Economic,High Risk
2478,Adalberto Alfaro Pabón,65,125.46,4,679,0.55,Nayarit,Economic,Medium Risk
2479,Jaqueline Elena Villarreal,34,199.77,11,675,0.17,Chihuahua,Economic,Medium Risk
2480,Pamela Ávila Serrato,62,163.82,17,603,0.48,Quintana Roo,Economic,High Risk
2481,Paulina Borrego Berríos,33,312.85,7,522,0.13,Sinaloa,Economic,High Risk
2482,Salvador del Río Cintrón,49,222.56,4,618,0.24,Querétaro,Economic,High Risk
2483,Rosario Nelly Medrano Ozuna,38,149.44,3,565,0.43,Nayarit,Economic,High Risk
2484,Lic. Lucas Bonilla,29,340.7,5,553,0.13,Tlaxcala,Economic,High Risk
2485,Isaac Padrón Santiago,60,293.68,10,524,0.17,Michoacán de Ocampo,Economic,High Risk
2486,Natividad Mariana Zamora,36,181.29,4,635,0.53,Nayarit,Economic,High Risk
2487,Cornelio Collazo Lugo,22,440.33,0,539,0.37,Guerrero,Economic,High Risk
2488,Reina Narváez,69,252.95,25,551,0.55,México,Economic,High Risk
2489,Ing. Gregorio Carbajal,29,270.24,2,636,0.26,Sinaloa,Economic,High Risk
2490,José Guillermo Vela Orta,42,188.84,7,653,0.54,Durango,Economic,Medium Risk
2491,Aurelio Candelaria,67,213.15,14,578,0.48,Veracruz de Ignacio de la Llave,Economic,High Risk
2492,Luis Miguel Hidalgo Mejía,50,147.06,0,671,0.43,Distrito Federal,Economic,Medium Risk
2493,Lorenzo Javier Córdova,69,591.03,44,556,0.11,Baja California,Economic,High Risk
2494,Rocío Virginia Longoria Frías,33,727.28,1,578,0.59,Oaxaca,Economic,High Risk
2495,Wilfrido Verduzco Ozuna,61,222.1,22,570,0.6,Durango,Economic,High Risk
2496,Rosalia Rojo Loya,44,220.46,18,542,0.35,Chihuahua,Economic,High Risk
2497,Abigail Covarrubias,29,239.12,1,546,0.2,Veracruz de Ignacio de la Llave,Economic,High Risk
2498,Débora Díaz Serrano,39,258.62,2,510,0.23,Baja California,Economic,High Risk
2499,Estela Claudia Leyva,27,234.46,4,574,0.13,Oaxaca,Economic,High Risk
2500,Araceli Medina,66,110.16,6,670,0.29,Durango,Economic,Medium Risk
2501,Raquel Barrera Camacho,66,371.22,8,564,0.52,Nuevo León,Economic,High Risk
2502,Lilia Emilia Rascón Ceja,62,413.77,4,564,0.43,Nayarit,Economic,High Risk
2503,Abelardo Humberto Gallegos,29,228.6,4,639,0.44,Hidalgo,Economic,High Risk
2504,Luisa Ana Luisa Henríquez,43,421.54,11,576,0.4,Durango,Economic,High Risk
2505,Antonio Caballero Sisneros,62,194.46,7,638,0.53,Chihuahua,Economic,High Risk
2506,Gabino Jerónimo Toro,35,392.88,0,541,0.49,Chiapas,Economic,High Risk
2507,Alfonso Flavio Puente Mesa,21,129.8,0,679,0.27,Distrito Federal,Economic,Medium Risk
2508,Alta  Gracia Débora Rodríquez,27,206.81,6,581,0.3,Oaxaca,Economic,High Risk
2509,Reynaldo Ulloa,21,195.83,0,617,0.29,Colima,Economic,High Risk
2510,Lourdes Karla Durán,36,327.12,13,532,0.24,Yucatán,Economic,High Risk
2511,Carlota Vargas,31,160.38,7,634,0.25,Sonora,Economic,High Risk
2512,Iván Caraballo Salcido,23,107.93,0,500,0.29,Jalisco,Economic,High Risk
2513,Itzel Abigail Concepción,46,191.45,6,638,0.16,Jalisco,Economic,High Risk
2514,Mauro Valdés,45,314.69,11,642,0.24,Veracruz de Ignacio de la Llave,Economic,High Risk
2515,Santiago Mojica,37,291.39,14,563,0.1,Campeche,Economic,High Risk
2516,Srita. Elvira Sepúlveda,21,130.38,0,610,0.46,Guanajuato,Economic,High Risk
2517,Ing. Mario Colón,32,514.19,9,538,0.53,Tlaxcala,Economic,High Risk
2518,Ivonne Susana Brito,24,204.89,2,646,0.44,Sonora,Economic,High Risk
2519,Juana Úrsula Tórrez,64,110.47,35,554,0.58,México,Economic,High Risk
2520,Germán Cristian Padrón Rodríguez,52,203.62,26,645,0.51,Nuevo León,Economic,High Risk
2521,Clara Amanda Caraballo,24,223.8,0,617,0.13,Jalisco,Economic,High Risk
2522,Dr. Isaac del Río,46,225.12,18,624,0.31,Quintana Roo,Economic,High Risk
2523,Miguel Ángel Rubén Carranza Portillo,45,136.47,19,551,0.28,Baja California,Economic,High Risk
2524,Pilar Mitzy Cordero,66,201.21,35,517,0.36,Baja California,Economic,High Risk
2525,Perla Pamela Ortega,44,199.73,2,561,0.46,Coahuila de Zaragoza,Economic,High Risk
2526,Jacobo Sepúlveda,59,202.82,9,628,0.43,Morelos,Economic,High Risk
2527,Guadalupe Cavazos,69,184.69,15,540,0.47,Tamaulipas,Economic,High Risk
2528,Dr. Juan Carlos Montoya,29,182.78,7,565,0.31,México,Economic,High Risk
2529,Diego Narváez,24,87.52,2,677,0.28,Oaxaca,Economic,Medium Risk
2530,Ariadna Sonia Baca,27,215.86,4,608,0.14,Oaxaca,Economic,High Risk
2531,Úrsula María José Mercado,21,338.33,0,599,0.18,Jalisco,Economic,High Risk
2532,Aurora Soledad Escalante,30,240.44,1,583,0.19,Tamaulipas,Economic,High Risk
2533,Ignacio José Flores,38,293.06,12,578,0.27,Chihuahua,Economic,High Risk
2534,Berta Luevano,65,303.52,31,676,0.17,Guanajuato,Economic,Medium Risk
2535,Liliana de la Garza,70,145.9,31,522,0.2,Distrito Federal,Economic,High Risk
2536,Esparta Briseño,35,383.1,14,652,0.58,Puebla,Economic,Medium Risk
2537,Francisco Adán Miramontes Barragán,60,307.35,21,601,0.13,Michoacán de Ocampo,Economic,High Risk
2538,Israel Ignacio Cazares Lucio,64,226.27,20,629,0.36,Campeche,Economic,High Risk
2539,Indira Solís,61,173.24,32,533,0.59,Yucatán,Economic,High Risk
2540,Isabela Hilda Guardado Barrios,53,354.86,18,610,0.32,Puebla,Economic,High Risk
2541,Eva Emilia Osorio,56,236.17,6,677,0.51,Sonora,Economic,Medium Risk
2542,Indira Teresa Velásquez,30,135.86,6,597,0.24,Morelos,Economic,High Risk
2543,Ivonne Rosario Castellanos Fernández,46,211.42,4,510,0.57,Colima,Economic,High Risk
2544,Inés Natividad López Pulido,68,203.75,35,673,0.58,Tabasco,Economic,Medium Risk
2545,Minerva Verónica Orta Vargas,44,176.94,9,664,0.17,Guerrero,Economic,Medium Risk
2546,Ruby Gloria Pulido,43,134.01,5,500,0.57,Hidalgo,Economic,High Risk
2547,Samuel Guillermo Espinoza Alcaraz,46,204.55,14,561,0.38,Campeche,Economic,High Risk
2548,Leonardo Camacho Zambrano,30,192.97,12,571,0.37,Guanajuato,Economic,High Risk
2549,Aldonza Saldivar,69,238.83,16,540,0.22,México,Economic,High Risk
2550,Evelio Contreras Saldivar,30,240.32,8,640,0.1,Nayarit,Economic,High Risk
2551,Lic. Hermelinda Jáquez,62,251.39,1,658,0.49,Quintana Roo,Economic,Medium Risk
2552,Zoé Esperanza Zepeda Collado,32,183.43,10,623,0.31,Oaxaca,Economic,High Risk
2553,Salvador Marrero,24,367.31,5,587,0.46,Durango,Economic,High Risk
2554,Óscar de la Torre Villegas,46,84.9,1,624,0.51,Baja California,Economic,High Risk
2555,Bernardo Mateo Coronado,62,180.76,5,530,0.57,Baja California,Economic,High Risk
2556,Antonio Joaquín Cabán,34,186.22,7,513,0.52,Nuevo León,Economic,High Risk
2557,Isabel Saucedo,32,329.49,7,639,0.32,Yucatán,Economic,High Risk
2558,Araceli Borrego,68,383.22,45,506,0.54,Hidalgo,Economic,High Risk
2559,Lic. Cristian Cruz,46,212.44,10,638,0.32,Querétaro,Economic,High Risk
2560,Tomás Fierro Vásquez,63,153.31,8,627,0.53,Jalisco,Economic,High Risk
2561,Gregorio de Anda Gamboa,40,78.0,17,561,0.33,Campeche,Economic,High Risk
2562,Alfonso Gilberto Ríos,48,169.59,23,549,0.51,Chihuahua,Economic,High Risk
2563,María Luisa Padilla,65,247.26,15,571,0.34,Oaxaca,Economic,High Risk
2564,Hermelinda Linda Tijerina Sandoval,44,165.91,8,582,0.37,Guerrero,Economic,High Risk
2565,Dalia Rentería Sánchez,23,162.44,5,586,0.38,Baja California,Economic,High Risk
2566,Lourdes Arredondo,46,310.26,22,582,0.37,Quintana Roo,Economic,High Risk
2567,Ing. Úrsula Urbina,68,265.64,19,578,0.35,Chiapas,Economic,High Risk
2568,Vicente Valverde,53,133.7,22,567,0.55,Yucatán,Economic,High Risk
2569,Sra. Tania Munguía,32,865.16,9,632,0.24,Querétaro,Economic,High Risk
2570,Paulina Dalia Osorio,60,186.56,6,515,0.45,Guanajuato,Economic,High Risk
2571,María Teresa Valdivia Velasco,54,542.74,14,648,0.58,Querétaro,Economic,High Risk
2572,Ing. Lorenzo Ballesteros,45,340.84,9,521,0.22,San Luis Potosí,Economic,High Risk
2573,Andrea Aragón,48,781.17,21,516,0.51,Puebla,Economic,High Risk
2574,Luis Jonás Reséndez,36,364.75,12,606,0.52,Tabasco,Economic,High Risk
2575,Arturo Orellana,60,307.09,31,678,0.51,Chihuahua,Economic,Medium Risk
2576,Hugo José Manuél Calvillo Barrios,40,427.11,15,666,0.44,Baja California,Economic,Medium Risk
2577,Gerónimo Jacinto Tórrez Galindo,67,111.73,6,673,0.54,Morelos,Economic,Medium Risk
2578,Luis Manuel Gustavo Portillo Barajas,64,149.79,5,662,0.12,Sonora,Economic,Medium Risk
2579,Sr. Oswaldo Alcántar,70,477.88,6,653,0.17,Durango,Economic,Medium Risk
2580,Rubén León,67,308.4,31,520,0.58,Jalisco,Economic,High Risk
2581,Sra. María Elena Archuleta,42,114.69,14,579,0.41,Guerrero,Economic,High Risk
2582,Marcela Carmen Contreras Reyes,41,236.32,10,596,0.38,San Luis Potosí,Economic,High Risk
2583,Paulina Diana Armas,59,195.68,19,624,0.3,Baja California Sur,Economic,High Risk
2584,Rodolfo Abraham Mota,41,278.79,7,661,0.18,Durango,Economic,Medium Risk
2585,Samuel Luis Miguel Cisneros Carrasco,52,173.69,19,654,0.3,Zacatecas,Economic,Medium Risk
2586,Rosario Minerva Tijerina Ledesma,46,295.89,4,621,0.41,Oaxaca,Economic,High Risk
2587,Octavio Espartaco Zaragoza Tovar,22,244.15,0,627,0.22,Sonora,Economic,High Risk
2588,Nelly Esparza Rendón,50,371.61,8,657,0.22,Guerrero,Economic,Medium Risk
2589,Cornelio Leyva,42,192.24,17,673,0.16,Aguascalientes,Economic,Medium Risk
2590,Modesto Ramiro Sevilla,45,274.21,16,612,0.3,Tamaulipas,Economic,High Risk
2591,Clara Abril Caballero Marroquín,25,427.22,7,549,0.23,Jalisco,Economic,High Risk
2592,Ana María Roldán,51,321.88,4,649,0.36,Aguascalientes,Economic,High Risk
2593,Jorge Luis Leonardo Garrido Pulido,27,430.32,5,671,0.1,Baja California Sur,Economic,Medium Risk
2594,Ana María Matos,39,211.4,14,630,0.5,Aguascalientes,Economic,High Risk
2595,David Joaquín Serrano,34,193.47,8,662,0.59,Campeche,Economic,Medium Risk
2596,Gabino Berríos Anaya,50,181.4,20,650,0.48,San Luis Potosí,Economic,Medium Risk
2597,Esmeralda Carrión,53,273.97,7,538,0.57,Michoacán de Ocampo,Economic,High Risk
2598,Dra. Asunción Collazo,60,114.22,21,638,0.24,Quintana Roo,Economic,High Risk
2599,Rocío Hermelinda Pineda Valdivia,40,118.48,10,524,0.52,Baja California,Economic,High Risk
2600,Germán Fidel Matos,34,189.07,1,606,0.46,Veracruz de Ignacio de la Llave,Economic,High Risk
2601,Antonia Sánchez,22,311.55,0,586,0.2,Durango,Economic,High Risk
2602,Aldonza Helena Pedraza Godínez,30,144.89,3,600,0.59,Guanajuato,Economic,High Risk
2603,Miguel Gregorio Quesada,34,216.65,8,521,0.11,Oaxaca,Economic,High Risk
2604,Ricardo Navarrete,35,277.8,0,547,0.12,San Luis Potosí,Economic,High Risk
2605,Reynaldo Vaca,56,197.98,10,648,0.36,Guerrero,Economic,High Risk
2606,Emilio Flavio Heredia,30,516.07,0,659,0.44,Tlaxcala,Economic,Medium Risk
2607,Claudia Martha Valles Lugo,44,416.84,11,538,0.37,Querétaro,Economic,High Risk
2608,Ing. Andrés Vigil,51,254.69,10,521,0.5,Nuevo León,Economic,High Risk
2609,Marisol Nieves,60,122.18,21,579,0.46,Yucatán,Economic,High Risk
2610,Araceli Laura Fierro Merino,33,257.71,11,657,0.13,Chiapas,Economic,Medium Risk
2611,Emilio Óliver Terrazas,45,276.38,2,645,0.29,Chiapas,Economic,High Risk
2612,Ernesto Salcedo Orellana,51,213.36,30,519,0.22,Nuevo León,Economic,High Risk
2613,Sra. Nancy Gallardo,47,151.37,21,674,0.43,Quintana Roo,Economic,Medium Risk
2614,Dr. Rubén Quiroz,46,351.32,25,543,0.39,Guerrero,Economic,High Risk
2615,Santiago Óliver Portillo,39,173.65,16,537,0.13,Chiapas,Economic,High Risk
2616,Estela Micaela Ocasio Guevara,66,319.21,25,508,0.44,Jalisco,Economic,High Risk
2617,Yuridia Cavazos,51,164.66,6,676,0.12,Coahuila de Zaragoza,Economic,Medium Risk
2618,Nadia Natividad Garay Camacho,39,231.15,1,544,0.24,Tabasco,Economic,High Risk
2619,Dr. Gustavo Suárez,54,202.5,13,660,0.14,Nayarit,Economic,Medium Risk
2620,Georgina Frida Ballesteros,47,408.19,0,637,0.24,Michoacán de Ocampo,Economic,High Risk
2621,Zeferino Garay Olivárez,52,314.88,12,679,0.1,Quintana Roo,Economic,Medium Risk
2622,Amador Negrete Arriaga,27,281.37,3,673,0.12,Baja California Sur,Economic,Medium Risk
2623,Dolores Urías,24,209.99,0,523,0.34,Baja California,Economic,High Risk
2624,Sra. Silvia Cortés,51,194.06,30,547,0.32,Guanajuato,Economic,High Risk
2625,Lic. Ignacio Heredia,55,254.16,3,501,0.22,Baja California Sur,Economic,High Risk
2626,Lic. Salvador Garibay,26,226.85,1,667,0.56,Tabasco,Economic,Medium Risk
2627,Ivonne Adriana Saiz Farías,26,442.61,6,523,0.31,Campeche,Economic,High Risk
2628,Vicente Adalberto Correa,58,227.8,0,548,0.5,Jalisco,Economic,High Risk
2629,Mónica Carolina Brito Varela,25,309.14,0,513,0.59,Sonora,Economic,High Risk
2630,Víctor Luis Manuel Maya Enríquez,21,147.33,0,618,0.43,Hidalgo,Economic,High Risk
2631,Magdalena Rivera Sosa,56,265.21,18,636,0.54,Sinaloa,Economic,High Risk
2632,Eloisa Torres Camacho,68,251.88,18,509,0.34,Jalisco,Economic,High Risk
2633,Adalberto Anaya Solorzano,26,94.35,4,606,0.15,México,Economic,High Risk
2634,Armando Ojeda,60,248.01,2,600,0.34,Coahuila de Zaragoza,Economic,High Risk
2635,Srita. Cristina Benavídez,46,310.49,0,641,0.58,Tamaulipas,Economic,High Risk
2636,Lic. Mateo Valverde,25,184.69,5,589,0.36,Veracruz de Ignacio de la Llave,Economic,High Risk
2637,Ing. Amelia Acuña,62,84.53,39,530,0.51,Guanajuato,Economic,High Risk
2638,Susana Berta Toledo,37,91.96,10,527,0.13,México,Economic,High Risk
2639,Guillermina Beatriz Arellano,21,197.95,2,631,0.41,Baja California Sur,Economic,High Risk
2640,Dolores Marcela Velásquez,42,136.64,17,519,0.52,Guerrero,Economic,High Risk
2641,Oswaldo Claudio Vélez,64,278.63,39,639,0.3,Guanajuato,Economic,High Risk
2642,Ing. Antonio Trejo,44,209.81,11,508,0.27,Morelos,Economic,High Risk
2643,Gregorio Óscar de Anda,51,232.67,21,590,0.43,Hidalgo,Economic,High Risk
2644,Lic. Bernardo Roque,38,284.71,19,567,0.19,Tamaulipas,Economic,High Risk
2645,Santiago Urrutia,27,95.4,3,545,0.34,Michoacán de Ocampo,Economic,High Risk
2646,Natalia Barrientos,39,259.62,7,600,0.4,México,Economic,High Risk
2647,Mercedes Elsa Espino,61,309.52,29,520,0.32,Sinaloa,Economic,High Risk
2648,Adela Rosario Abreu Montenegro,55,,9,672,0.23,Sonora,Economic,Medium Risk
2649,Ing. Julio César Malave,39,79.52,2,677,0.14,Chiapas,Economic,Medium Risk
2650,Eugenio Esteban Santana,23,557.35,1,639,0.13,Distrito Federal,Economic,High Risk
2651,Ing. Margarita Tirado,29,322.82,6,506,0.12,Veracruz de Ignacio de la Llave,Economic,High Risk
2652,Alta  Gracia Sonia Segovia Badillo,68,311.54,28,527,0.56,Oaxaca,Economic,High Risk
2653,Pablo Soria,67,159.3,6,671,0.42,Chihuahua,Economic,Medium Risk
2654,Felipe Medina Haro,68,243.04,8,668,0.17,Nuevo León,Economic,Medium Risk
2655,Javier José Luis Hernandes,55,199.67,7,527,0.37,Durango,Economic,High Risk
2656,Fabiola Valadez Bañuelos,43,259.36,19,603,0.21,Tabasco,Economic,High Risk
2657,Tomás Montemayor Rojas,61,139.57,0,540,0.15,Tabasco,Economic,High Risk
2658,Sr. Maximiliano Rubio,48,138.25,5,622,0.24,Chiapas,Economic,High Risk
2659,Sergio Aldo Márquez Espinoza,46,433.58,20,543,0.53,Hidalgo,Economic,High Risk
2660,Sonia Delgado,42,342.79,3,650,0.5,Querétaro,Economic,Medium Risk
2661,Ing. Ana Mojica,59,164.38,31,625,0.44,Hidalgo,Economic,High Risk
2662,Gabriela Tórrez Samaniego,38,113.12,0,524,0.23,Durango,Economic,High Risk
2663,Jorge Rodrígez Pichardo,64,567.68,29,506,0.36,Aguascalientes,Economic,High Risk
2664,Ruby Serrato Corona,27,397.14,9,663,0.2,Baja California,Economic,Medium Risk
2665,Agustín Serafín Concepción,67,148.12,4,633,0.3,San Luis Potosí,Economic,High Risk
2666,Rosa Samaniego Corrales,47,299.7,21,650,0.17,Oaxaca,Economic,Medium Risk
2667,Fabiola Raquel Cadena Merino,37,390.54,11,557,0.46,Distrito Federal,Economic,High Risk
2668,Miguel Ángel Bernardo Cardona,58,250.81,3,536,0.4,Tlaxcala,Economic,High Risk
2669,José Emilio Fidel Gil,33,384.93,1,561,0.52,México,Economic,High Risk
2670,Josefina Josefina Franco,25,185.84,6,670,0.3,Sonora,Economic,Medium Risk
2671,Rosalia Barrientos,57,477.33,23,657,0.17,Querétaro,Economic,Medium Risk
2672,Cristal Paulina Bravo,55,497.59,1,531,0.57,Distrito Federal,Economic,High Risk
2673,Miriam Limón,55,383.0,14,608,0.24,Chiapas,Economic,High Risk
2674,Amalia Ortega Rodríguez,45,381.64,24,577,0.14,Sonora,Economic,High Risk
2675,Zeferino Cadena Suárez,59,66.77,33,571,0.28,Colima,Economic,High Risk
2676,Oswaldo Rangel,26,137.14,0,669,0.48,Veracruz de Ignacio de la Llave,Economic,Medium Risk
2677,Barbara Rosa Lugo,62,340.96,28,514,0.24,Jalisco,Economic,High Risk
2678,Adalberto Piña,50,148.24,16,569,0.55,México,Economic,High Risk
2679,Gerardo Arce,28,185.34,3,634,0.18,Distrito Federal,Economic,High Risk
2680,Francisco Javier Merino,69,257.04,30,619,0.5,Veracruz de Ignacio de la Llave,Economic,High Risk
2681,Marisela Ceja Ulloa,49,137.02,3,637,0.17,Yucatán,Economic,High Risk
2682,Jesús Roybal Mata,58,409.37,13,603,0.45,Michoacán de Ocampo,Economic,High Risk
2683,Nancy Mitzy Menchaca Barraza,54,109.34,23,505,0.25,Baja California,Economic,High Risk
2684,Leonor Gómez,59,153.93,25,554,0.59,México,Economic,High Risk
2685,Socorro de la Crúz,53,169.25,33,542,0.44,Quintana Roo,Economic,High Risk
2686,Juana Martínez Guzmán,63,336.03,25,535,0.23,Colima,Economic,High Risk
2687,Evelio Ignacio Longoria Garza,45,266.44,17,528,0.57,Guanajuato,Economic,High Risk
2688,Eugenio Luis Camarillo Ballesteros,35,291.18,10,625,0.37,Guanajuato,Economic,High Risk
2689,Lic. Eloy Rentería,36,230.16,2,597,0.4,Yucatán,Economic,High Risk
2690,Esteban Reynoso,69,522.61,33,667,0.53,Oaxaca,Economic,Medium Risk
2691,Cristal Ofelia Holguín Pichardo,41,181.5,6,526,0.24,Tamaulipas,Economic,High Risk
2692,Ernesto Cadena Fuentes,55,259.05,30,504,0.54,Distrito Federal,Economic,High Risk
2693,Ing. María Teresa Gracia,40,153.43,5,514,0.54,Zacatecas,Economic,High Risk
2694,Camila María Cristina Alba Razo,38,262.04,14,526,0.51,Sonora,Economic,High Risk
2695,Sr. Óliver Preciado,63,222.41,20,613,0.33,Hidalgo,Economic,High Risk
2696,Maximiliano José Luis Almanza Ayala,26,360.95,0,500,0.38,Distrito Federal,Economic,High Risk
2697,Anabel Godoy Ulloa,47,302.9,3,566,0.12,Zacatecas,Economic,High Risk
2698,Srita. Nelly Serrano,30,218.92,6,553,0.56,Nuevo León,Economic,High Risk
2699,Rosario del Río Covarrubias,64,88.36,14,646,0.57,Tlaxcala,Economic,High Risk
2700,Iván Isaac Mata,59,162.26,35,603,0.15,Nayarit,Economic,High Risk
2701,Victoria Ana Luisa Crespo Caraballo,39,174.03,2,533,0.53,Distrito Federal,Economic,High Risk
2702,Oswaldo Armando Guardado Duarte,44,401.12,15,654,0.17,Jalisco,Economic,Medium Risk
2703,Ing. Isaac Balderas,41,278.0,5,526,0.59,Durango,Economic,High Risk
2704,Elena de Jesús,50,200.81,15,632,0.46,Morelos,Economic,High Risk
2705,Fernando Roldán,24,119.71,5,605,0.22,Chiapas,Economic,High Risk
2706,Sr. César Girón,59,291.77,15,608,0.22,Zacatecas,Economic,High Risk
2707,Adriana Ana Luisa Orozco Jaime,57,145.09,0,546,0.55,Veracruz de Ignacio de la Llave,Economic,High Risk
2708,Sr. Abelardo Cadena,44,236.64,19,656,0.45,Nuevo León,Economic,Medium Risk
2709,Emiliano Quesada Márquez,52,337.96,8,644,0.53,Quintana Roo,Economic,High Risk
2710,Ing. Delia Cotto,52,225.04,7,619,0.32,Yucatán,Economic,High Risk
2711,Hernán Gonzalo Hurtado,34,280.21,9,539,0.31,Jalisco,Economic,High Risk
2712,Marcos Grijalva,62,173.36,4,644,0.17,San Luis Potosí,Economic,High Risk
2713,Ing. Estela Ramón,58,419.23,14,589,0.14,Quintana Roo,Economic,High Risk
2714,Sra. Alejandra Figueroa,69,128.68,19,518,0.3,Tamaulipas,Economic,High Risk
2715,Celia Paredes,64,244.65,3,634,0.59,México,Economic,High Risk
2716,Ing. Claudio Ybarra,42,230.58,10,540,0.22,Durango,Economic,High Risk
2717,Rafaél Ramiro Mendoza Griego,68,224.76,7,668,0.36,Campeche,Economic,Medium Risk
2718,Tania Elisa Franco Tapia,32,206.55,5,654,0.19,San Luis Potosí,Economic,Medium Risk
2719,Susana Vega,69,115.07,9,676,0.59,Guerrero,Economic,Medium Risk
2720,Camilo Alonso Lerma,35,295.22,11,606,0.45,Guanajuato,Economic,High Risk
2721,Genaro Ocampo de la Crúz,34,212.02,10,615,0.24,Colima,Economic,High Risk
2722,Citlali de la O Rivas,55,236.58,34,648,0.13,Sinaloa,Economic,High Risk
2723,Joaquín Solís,49,628.86,0,532,0.11,Tabasco,Economic,High Risk
2724,Srita. Luz Quiñones,32,116.18,1,561,0.35,Guerrero,Economic,High Risk
2725,Porfirio Aurelio Corrales,26,199.74,4,551,0.42,Distrito Federal,Economic,High Risk
2726,Dr. Adalberto Candelaria,29,309.21,2,534,0.35,Quintana Roo,Economic,High Risk
2727,Claudia Galarza Ureña,64,306.48,37,620,0.58,Campeche,Economic,High Risk
2728,Sr. Zacarías Carreón,34,224.79,10,576,0.23,Quintana Roo,Economic,High Risk
2729,Genaro Ernesto Longoria,68,255.54,8,584,0.19,Tamaulipas,Economic,High Risk
2730,Ing. Ernesto Sotelo,41,207.82,7,557,0.38,Nayarit,Economic,High Risk
2731,Ing. José Eduardo Fonseca,51,180.52,14,540,0.25,Yucatán,Economic,High Risk
2732,Luis Miguel Pablo Negrete Maestas,42,187.4,22,556,0.52,Tlaxcala,Economic,High Risk
2733,Estefanía Mota Vélez,41,279.19,11,679,0.55,Jalisco,Economic,Medium Risk
2734,Héctor Juan Leiva,54,231.13,24,548,0.29,México,Economic,High Risk
2735,Ignacio Raya Pacheco,35,192.39,1,615,0.37,Yucatán,Economic,High Risk
2736,Elisa Irene Villalobos,56,290.83,33,541,0.46,Sinaloa,Economic,High Risk
2737,Lic. Gabino Torres,36,228.07,5,561,0.24,Oaxaca,Economic,High Risk
2738,Claudio Vicente Cabán Bustos,38,363.91,6,615,0.44,Durango,Economic,High Risk
2739,Eric Galván,58,328.05,23,591,0.56,Morelos,Economic,High Risk
2740,Serafín Caldera,37,221.3,16,649,0.47,México,Economic,High Risk
2741,Ing. Concepción Castillo,52,153.13,18,605,0.48,Hidalgo,Economic,High Risk
2742,Wendolin Caldera Quiñónez,68,167.25,33,655,0.6,Hidalgo,Economic,Medium Risk
2743,Judith Pamela Cordero,21,179.37,0,606,0.35,Tlaxcala,Economic,High Risk
2744,Eduardo Valles Herrera,49,577.29,28,637,0.21,Baja California,Economic,High Risk
2745,Ernesto Raúl Anguiano Concepción,33,322.85,10,536,0.11,Sinaloa,Economic,High Risk
2746,Rosario Gurule Alejandro,69,80.45,8,653,0.32,Aguascalientes,Economic,Medium Risk
2747,Ing. Víctor Ceballos,57,378.59,15,565,0.35,Jalisco,Economic,High Risk
2748,Luis Miguel Sáenz,41,109.26,14,645,0.49,Nayarit,Economic,High Risk
2749,Srita. Violeta Burgos,54,345.34,7,623,0.39,Sinaloa,Economic,High Risk
2750,Ilse Velasco Terrazas,61,461.82,9,508,0.45,Aguascalientes,Economic,High Risk
2751,Nayeli Eva Ferrer Jaimes,58,328.35,12,504,0.44,México,Economic,High Risk
2752,José Manuél Gollum Ramón,66,214.55,9,511,0.55,Aguascalientes,Economic,High Risk
2753,Rufino Galván,23,258.05,0,539,0.25,Sonora,Economic,High Risk
2754,Rolando Omar Bañuelos Arreola,24,230.46,0,596,0.11,Baja California,Economic,High Risk
2755,María Elena Garrido Cavazos,61,341.33,21,581,0.17,Tamaulipas,Economic,High Risk
2756,Sr. Augusto Robles,30,211.79,4,517,0.32,Chiapas,Economic,High Risk
2757,José Carlos Noriega Laureano,65,120.02,41,636,0.28,Chiapas,Economic,High Risk
2758,Pilar Zarate Polanco,60,174.17,18,650,0.49,Baja California,Economic,Medium Risk
2759,Tania Posada Hernández,57,192.81,33,523,0.11,Veracruz de Ignacio de la Llave,Economic,High Risk
2760,Barbara Anabel Peña,61,280.36,35,501,0.51,Jalisco,Economic,High Risk
2761,Lic. Pascual Beltrán,25,307.87,6,640,0.37,Colima,Economic,High Risk
2762,Silvano Renato Ceballos,37,267.65,0,519,0.54,San Luis Potosí,Economic,High Risk
2763,José María Guajardo Saucedo,46,152.0,0,648,0.42,Coahuila de Zaragoza,Economic,High Risk
2764,Vanesa Minerva Godoy,53,134.55,8,593,0.41,Nuevo León,Economic,High Risk
2765,Dulce María Rocío Maldonado Collazo,37,118.4,7,521,0.59,Veracruz de Ignacio de la Llave,Economic,High Risk
2766,Juana Rentería Gamboa,47,140.91,28,598,0.25,Nuevo León,Economic,High Risk
2767,Lic. Adela Velasco,38,112.2,8,539,0.36,Zacatecas,Economic,High Risk
2768,Emiliano Juan Carlos Leiva Gálvez,37,138.48,13,565,0.23,Tlaxcala,Economic,High Risk
2769,Karla Karina Loya Ortega,45,335.71,8,540,0.4,Zacatecas,Economic,High Risk
2770,Martín Romero,64,239.0,10,661,0.53,Durango,Economic,Medium Risk
2771,Elena Rocha,25,87.02,2,639,0.45,Morelos,Economic,High Risk
2772,Ing. Ramiro Arroyo,63,343.91,35,564,0.25,Zacatecas,Economic,High Risk
2773,Pascual Hugo Concepción,41,220.33,11,617,0.19,Yucatán,Economic,High Risk
2774,Salma Rendón,56,445.97,6,546,0.57,Sinaloa,Economic,High Risk
2775,Ing. Delia Varela,51,257.39,0,614,0.57,Baja California Sur,Economic,High Risk
2776,Karla María Elena Romero Monroy,44,130.78,6,555,0.49,Tamaulipas,Economic,High Risk
2777,Arcelia Nancy Prieto,60,438.52,39,548,0.54,Yucatán,Economic,High Risk
2778,Dr. Benjamín Mercado,69,143.8,40,633,0.41,Nayarit,Economic,High Risk
2779,Zoé Yuridia Alonzo Aguirre,60,166.52,19,541,0.13,San Luis Potosí,Economic,High Risk
2780,Rocío Pacheco Serna,62,257.52,35,584,0.18,México,Economic,High Risk
2781,Pamela Ángela Avilés Velasco,54,451.59,30,552,0.53,Tabasco,Economic,High Risk
2782,Alma Candelaria,22,153.68,2,646,0.38,Morelos,Economic,High Risk
2783,Dolores Valadez,33,276.55,3,613,0.34,Chihuahua,Economic,High Risk
2784,Srita. María Acevedo,34,246.37,10,554,0.19,Michoacán de Ocampo,Economic,High Risk
2785,Srita. Ariadna Sarabia,49,131.8,2,618,0.58,Durango,Economic,High Risk
2786,Ruby Jaqueline Fuentes,30,213.35,4,569,0.49,Jalisco,Economic,High Risk
2787,Dra. Rocío León,70,463.1,38,543,0.23,Tlaxcala,Economic,High Risk
2788,Nelly Nayeli Alvarado,42,296.19,17,591,0.28,Guerrero,Economic,High Risk
2789,Marco Antonio Alonzo Garica,62,408.97,21,632,0.18,México,Economic,High Risk
2790,Genaro Quesada Rubio,26,298.34,4,646,0.14,Tamaulipas,Economic,High Risk
2791,Camila Luevano,59,390.81,18,565,0.31,Michoacán de Ocampo,Economic,High Risk
2792,Tomás Clemente Rocha,61,197.14,14,591,0.27,Chihuahua,Economic,High Risk
2793,Pedro Zeferino Olivárez,32,190.88,10,625,0.17,Distrito Federal,Economic,High Risk
2794,Isabela Mitzy Arreola Luna,65,188.58,33,604,0.46,México,Economic,High Risk
2795,Joaquín Amador Quezada,53,353.92,26,545,0.21,Quintana Roo,Economic,High Risk
2796,Ing. Miriam Barreto,29,176.32,2,596,0.33,Veracruz de Ignacio de la Llave,Economic,High Risk
2797,Bianca Jaimes,64,255.96,12,584,0.46,Coahuila de Zaragoza,Economic,High Risk
2798,Srita. Eva de la Fuente,36,301.0,4,679,0.22,Baja California,Economic,Medium Risk
2799,Agustín Padilla Leyva,23,348.2,2,668,0.11,Veracruz de Ignacio de la Llave,Economic,Medium Risk
2800,María Teresa Diana Villarreal Campos,50,396.58,3,635,0.18,Zacatecas,Economic,High Risk
2801,Sr. Ernesto Robledo,58,318.92,39,502,0.22,Quintana Roo,Economic,High Risk
2802,Cristobal Montañez Rico,66,173.21,21,515,0.33,Coahuila de Zaragoza,Economic,High Risk
2803,Roberto Ruiz,49,303.69,24,558,0.54,Colima,Economic,High Risk
2804,Rosario Ilse Acuña,48,111.89,25,504,0.19,Colima,Economic,High Risk
2805,Elsa Josefina Palomo,46,340.03,15,605,0.34,Tlaxcala,Economic,High Risk
2806,Julio Zayas Niño,37,381.5,18,584,0.43,Veracruz de Ignacio de la Llave,Economic,High Risk
2807,Dr. Emiliano Arreola,55,196.67,30,550,0.53,Sinaloa,Economic,High Risk
2808,Arcelia Serrato,56,136.3,21,553,0.51,Baja California Sur,Economic,High Risk
2809,Margarita Villa Palacios,53,182.4,24,540,0.12,Guanajuato,Economic,High Risk
2810,Benjamín Oquendo Armas,54,271.77,18,597,0.57,Zacatecas,Economic,High Risk
2811,Liliana Carla Cisneros,55,246.2,1,676,0.38,Aguascalientes,Economic,Medium Risk
2812,Natividad Hurtado,46,178.43,14,528,0.48,Querétaro,Economic,High Risk
2813,Tomás Leonel Espinoza Quiñónez,36,370.01,11,516,0.18,Coahuila de Zaragoza,Economic,High Risk
2814,Felipe Fernández,21,42.3,1,513,0.26,Sinaloa,Economic,High Risk
2815,Lic. Manuel Blanco,40,124.59,17,638,0.53,Tamaulipas,Economic,High Risk
2816,Noelia Esparza Díaz,42,438.32,16,624,0.31,Morelos,Economic,High Risk
2817,Genaro Gustavo Romo,53,664.16,21,571,0.6,Aguascalientes,Economic,High Risk
2818,Rolando Bruno Aragón Peralta,43,448.26,14,534,0.19,Guerrero,Economic,High Risk
2819,Magdalena Covarrubias,42,119.63,6,635,0.37,Sonora,Economic,High Risk
2820,Mariano Mateo Mojica Alarcón,30,367.92,3,608,0.44,Tamaulipas,Economic,High Risk
2821,Abraham Cervántez,38,293.02,2,658,0.54,Chiapas,Economic,Medium Risk
2822,Susana Báez Toledo,50,405.02,19,581,0.34,Nuevo León,Economic,High Risk
2823,Bianca Centeno,58,202.74,29,655,0.6,Quintana Roo,Economic,Medium Risk
2824,Inés Gloria Sierra,43,256.42,7,598,0.51,Puebla,Economic,High Risk
2825,Dr. Alvaro Cotto,70,185.94,12,634,0.16,Chihuahua,Economic,High Risk
2826,Adán Ballesteros,31,290.41,1,615,0.24,Durango,Economic,High Risk
2827,Frida Olivera,57,261.21,23,505,0.39,Guanajuato,Economic,High Risk
2828,Mateo Toro Echeverría,41,312.53,15,672,0.48,Chiapas,Economic,Medium Risk
2829,Sra. Ana María Valenzuela,47,272.25,15,533,0.45,Puebla,Economic,High Risk
2830,Linda Conchita Ríos Ureña,67,76.16,9,535,0.31,Nayarit,Economic,High Risk
2831,César Matos Aponte,70,247.16,4,669,0.12,Michoacán de Ocampo,Economic,Medium Risk
2832,Bruno Armando Abrego Arenas,29,438.2,3,501,0.6,Tamaulipas,Economic,High Risk
2833,Roberto Bonilla Marín,54,204.69,5,545,0.55,Tlaxcala,Economic,High Risk
2834,Wilfrido Ávalos Reyes,31,318.79,12,629,0.54,Sinaloa,Economic,High Risk
2835,Esteban Gregorio Cervántez,57,338.04,15,509,0.51,Tamaulipas,Economic,High Risk
2836,Susana Aida Hernádez,63,139.61,25,624,0.16,Distrito Federal,Economic,High Risk
2837,Jonás Elias Cabán Dávila,50,213.08,17,517,0.16,Baja California,Economic,High Risk
2838,Lic. Natividad Lemus,50,133.3,4,670,0.14,Morelos,Economic,Medium Risk
2839,Luz Espinoza,57,113.49,6,570,0.54,Tlaxcala,Economic,High Risk
2840,María Teresa Puente Monroy,65,138.59,28,634,0.22,Querétaro,Economic,High Risk
2841,Ing. Susana Vergara,35,184.59,16,580,0.11,Coahuila de Zaragoza,Economic,High Risk
2842,Claudia Laureano,33,189.18,8,529,0.56,Chihuahua,Economic,High Risk
2843,Flavio Meléndez Zedillo,53,104.94,11,615,0.36,Quintana Roo,Economic,High Risk
2844,Srita. Isabela Alemán,35,203.07,11,661,0.58,Tamaulipas,Economic,Medium Risk
2845,Raúl Cristian Miranda,43,433.67,16,516,0.28,Colima,Economic,High Risk
2846,Fabiola Navarro,37,74.91,4,541,0.5,Oaxaca,Economic,High Risk
2847,Soledad Dulce Vera,67,231.57,9,607,0.21,Sonora,Economic,High Risk
2848,Ing. Fidel Reyes,40,217.03,17,593,0.49,Aguascalientes,Economic,High Risk
2849,Francisco Javier Federico Tello Soliz,60,169.75,33,542,0.34,Baja California,Economic,High Risk
2850,Mariana Calderón,23,206.15,3,530,0.23,Veracruz de Ignacio de la Llave,Economic,High Risk
2851,Luis Salvador Carrero,59,178.93,15,613,0.38,Veracruz de Ignacio de la Llave,Economic,High Risk
2852,Nayeli Hinojosa,56,162.0,1,637,0.14,Guerrero,Economic,High Risk
2853,Sessa Colón,54,273.95,25,556,0.54,Yucatán,Economic,High Risk
2854,Dra. Elsa Cepeda,26,454.95,4,579,0.34,Tlaxcala,Economic,High Risk
2855,Lic. Verónica Villarreal,56,84.98,17,644,0.6,Sinaloa,Economic,High Risk
2856,Pamela Gurule,55,217.85,31,585,0.31,Coahuila de Zaragoza,Economic,High Risk
2857,Bianca Norma Almanza,23,301.79,0,549,0.26,Tabasco,Economic,High Risk
2858,Dra. Patricia Ríos,70,86.29,16,551,0.41,San Luis Potosí,Economic,High Risk
2859,Nicolás Orta Yáñez,36,836.48,0,595,0.55,Durango,Economic,High Risk
2860,Espartaco Fierro Solorzano,37,255.19,1,530,0.33,Baja California Sur,Economic,High Risk
2861,Ing. Camila Marrero,56,194.44,23,600,0.44,Tabasco,Economic,High Risk
2862,Ing. Víctor Peralta,32,206.49,0,516,0.42,San Luis Potosí,Economic,High Risk
2863,Homero Villaseñor Barrios,65,162.49,43,651,0.13,Sinaloa,Economic,Medium Risk
2864,Barbara Matos Benavides,38,154.05,9,517,0.5,Distrito Federal,Economic,High Risk
2865,Isabela Holguín Aguilar,31,102.44,0,526,0.41,San Luis Potosí,Economic,High Risk
2866,Adriana Rascón,34,185.68,12,607,0.25,Sinaloa,Economic,High Risk
2867,Sergio Núñez Barrios,58,400.85,29,618,0.13,Jalisco,Economic,High Risk
2868,Lic. Yeni Merino,51,287.74,1,522,0.16,Distrito Federal,Economic,High Risk
2869,Tomás José Emilio Domínguez,60,127.79,26,586,0.22,Campeche,Economic,High Risk
2870,Felix de la O Chavarría,67,377.88,5,637,0.24,Baja California Sur,Economic,High Risk
2871,Srita. Gabriela Nájera,58,237.67,20,509,0.34,Distrito Federal,Economic,High Risk
2872,Javier Vicente Rosas,50,273.88,0,648,0.42,Guerrero,Economic,High Risk
2873,María Elena Noelia Mena Pedroza,45,135.85,8,673,0.46,Querétaro,Economic,Medium Risk
2874,Mauricio Aurelio Botello Nevárez,57,99.43,12,658,0.27,Zacatecas,Economic,Medium Risk
2875,María José Elena Treviño,40,210.76,0,508,0.46,Chiapas,Economic,High Risk
2876,Gustavo Jacobo Sisneros,48,244.25,21,529,0.32,Chiapas,Economic,High Risk
2877,Ramiro José Eduardo Lucio,59,382.74,31,595,0.4,Morelos,Economic,High Risk
2878,Estefanía Vaca,50,302.16,25,669,0.49,Durango,Economic,Medium Risk
2879,Dra. Inés Canales,51,328.44,19,658,0.42,Yucatán,Economic,Medium Risk
2880,Srita. Ana Luisa Escobar,30,365.25,6,510,0.58,Baja California,Economic,High Risk
2881,Dra. Salma Rincón,52,318.08,9,650,0.33,Querétaro,Economic,Medium Risk
2882,Serafín Miguel Ángel Santana Alarcón,54,417.71,32,679,0.12,Sonora,Economic,Medium Risk
2883,Víctor Cintrón Valverde,42,172.26,10,606,0.3,Tabasco,Economic,High Risk
2884,Jos Israel Caballero,43,141.0,20,505,0.58,Chihuahua,Economic,High Risk
2885,Srita. Carla Tafoya,49,442.37,12,605,0.48,Guerrero,Economic,High Risk
2886,Carolina Padrón Carbajal,31,286.07,7,507,0.27,Coahuila de Zaragoza,Economic,High Risk
2887,Silvia Longoria,65,241.8,17,662,0.45,Morelos,Economic,Medium Risk
2888,Clemente Hernán Sierra Segura,51,292.35,20,530,0.57,Tlaxcala,Economic,High Risk
2889,Gabriela Olivo,48,203.23,15,534,0.12,Baja California,Economic,High Risk
2890,Débora Alejandra Meza Botello,52,190.65,3,514,0.48,Oaxaca,Economic,High Risk
2891,Caridad Navarro,43,207.33,23,637,0.44,Distrito Federal,Economic,High Risk
2892,Felipe Julio Valentín Ferrer,63,321.63,19,512,0.11,Zacatecas,Economic,High Risk
2893,Ing. Ana Luisa Saldivar,24,183.38,2,538,0.25,Distrito Federal,Economic,High Risk
2894,Juana Borrego,23,427.56,0,595,0.52,Sinaloa,Economic,High Risk
2895,Perla Valadez Saldaña,42,301.62,21,599,0.34,Campeche,Economic,High Risk
2896,Oswaldo Maldonado,65,271.01,14,529,0.45,Morelos,Economic,High Risk
2897,Andrés Leyva Armenta,61,306.63,12,533,0.29,Campeche,Economic,High Risk
2898,Armando Pablo Sauceda Apodaca,65,243.9,17,530,0.44,Coahuila de Zaragoza,Economic,High Risk
2899,José Luis Humberto Balderas Montaño,43,148.15,13,640,0.25,Durango,Economic,High Risk
2900,Sergio Ángel Posada,32,111.96,11,661,0.27,Yucatán,Economic,Medium Risk
2901,Sr. Luis Miguel Cortez,65,420.34,19,544,0.39,Tlaxcala,Economic,High Risk
2902,María Elena Ana María Rincón Jáquez,25,216.49,1,518,0.18,Durango,Economic,High Risk
2903,Sra. Abril Ornelas,65,365.04,17,592,0.31,Michoacán de Ocampo,Economic,High Risk
2904,Ing. Rubén Regalado,23,197.22,0,668,0.42,San Luis Potosí,Economic,Medium Risk
2905,María Teresa Sessa Rivera Treviño,47,242.66,19,514,0.12,Chiapas,Economic,High Risk
2906,Olivia Nieto,63,305.19,9,611,0.21,Michoacán de Ocampo,Economic,High Risk
2907,Julio David Rosas Oquendo,22,135.98,2,616,0.4,Chihuahua,Economic,High Risk
2908,Francisco Javier Raúl Uribe Guevara,66,335.83,0,660,0.12,Nuevo León,Economic,Medium Risk
2909,Lic. Elena Gastélum,41,200.55,14,509,0.27,Baja California Sur,Economic,High Risk
2910,Ramón Gabino Caldera Merino,38,349.25,11,666,0.34,Chiapas,Economic,Medium Risk
2911,Jesús Espinoza Barrera,63,130.88,33,629,0.33,Chihuahua,Economic,High Risk
2912,Cynthia Barrera Aponte,24,147.72,0,589,0.36,Chihuahua,Economic,High Risk
2913,Maximiliano Diego Ramos Sandoval,47,206.42,12,656,0.11,Colima,Economic,Medium Risk
2914,Violeta Bermúdez,37,218.63,5,557,0.52,Zacatecas,Economic,High Risk
2915,Ricardo Rubio Verduzco,53,444.24,11,652,0.36,Yucatán,Economic,Medium Risk
2916,Wendolin Montes Olivas,58,316.71,18,575,0.25,Campeche,Economic,High Risk
2917,Dr. Darío Montalvo,45,263.43,20,615,0.33,Coahuila de Zaragoza,Economic,High Risk
2918,Evelio Cristobal Jimínez de la Torre,31,61.31,8,505,0.17,Sonora,Economic,High Risk
2919,Gabriel Marcos Velasco Gallegos,57,476.84,5,599,0.24,Campeche,Economic,High Risk
2920,Ing. Ángela Romero,65,202.85,26,524,0.24,Michoacán de Ocampo,Economic,High Risk
2921,Arcelia Amanda Hidalgo,55,414.18,14,574,0.17,Michoacán de Ocampo,Economic,High Risk
2922,Ramiro Escobar,31,187.94,0,549,0.11,Sinaloa,Economic,High Risk
2923,Lic. Aurelio Menchaca,41,271.78,5,544,0.13,Campeche,Economic,High Risk
2924,Guadalupe Catalina Urbina,30,282.47,5,568,0.29,Yucatán,Economic,High Risk
2925,Gilberto Emiliano Báez Canales,39,366.73,11,670,0.37,Hidalgo,Economic,Medium Risk
2926,Magdalena María del Carmen Rosado,60,104.5,19,666,0.23,Tlaxcala,Economic,Medium Risk
2927,Noelia María José Ureña,25,200.0,0,608,0.2,Querétaro,Economic,High Risk
2928,Ing. Dolores Llamas,66,412.07,26,590,0.29,Coahuila de Zaragoza,Economic,High Risk
2929,Carlos Gaitán,58,129.24,33,520,0.55,Yucatán,Economic,High Risk
2930,Helena Elvira Rivas Mojica,31,,7,660,0.54,Guanajuato,Economic,Medium Risk
2931,Angélica Navarrete Aguilera,64,230.17,25,657,0.58,Nayarit,Economic,Medium Risk
2932,Georgina Ofelia Mares,51,171.63,22,658,0.37,Distrito Federal,Economic,Medium Risk
2933,Ernesto Ángel Flores,58,216.49,19,649,0.31,Zacatecas,Economic,High Risk
2934,Ing. Tania Quintana,48,323.03,19,611,0.42,Sonora,Economic,High Risk
2935,Flavio Guerra Santiago,32,155.95,6,532,0.37,Durango,Economic,High Risk
2936,Dra. Georgina Franco,22,430.54,0,678,0.47,Veracruz de Ignacio de la Llave,Economic,Medium Risk
2937,Samuel Israel Arreola,60,325.63,7,606,0.22,Veracruz de Ignacio de la Llave,Economic,High Risk
2938,Javier Alfonso Durán,42,300.21,15,613,0.36,Veracruz de Ignacio de la Llave,Economic,High Risk
2939,Salvador César Santillán,42,122.41,11,676,0.57,Hidalgo,Economic,Medium Risk
2940,Gabriela Valladares,68,127.51,10,514,0.37,Tamaulipas,Economic,High Risk
2941,Sara Yeni Cadena Collazo,45,99.05,6,644,0.39,Yucatán,Economic,High Risk
2942,Florencia Sáenz Bravo,46,143.01,9,643,0.45,México,Economic,High Risk
2943,Eloisa Elena Muñiz Farías,34,147.65,3,666,0.18,Nuevo León,Economic,Medium Risk
2944,Conchita Berta Hernádez,67,147.68,2,594,0.54,Baja California Sur,Economic,High Risk
2945,Luis Miguel Miguel Contreras Dueñas,42,273.66,10,644,0.27,Veracruz de Ignacio de la Llave,Economic,High Risk
2946,Eugenio Cruz Lira,69,179.36,18,531,0.44,Jalisco,Economic,High Risk
2947,Gonzalo Guillermo Ortiz,37,141.23,1,622,0.16,Guerrero,Economic,High Risk
2948,Minerva Parra,25,183.12,4,614,0.43,Baja California,Economic,High Risk
2949,Concepción Medina Fierro,27,323.25,1,542,0.24,Durango,Economic,High Risk
2950,Rosario Judith Alcala Guerrero,44,271.27,8,676,0.21,Guanajuato,Economic,Medium Risk
2951,Sra. Francisca Lira,53,150.35,14,521,0.24,San Luis Potosí,Economic,High Risk
2952,Mariano Pablo Vela Cedillo,50,167.22,11,669,0.22,Tlaxcala,Economic,Medium Risk
2953,Ing. Hugo Tamayo,66,537.25,15,562,0.47,Durango,Economic,High Risk
2954,Isabela Iglesias,28,113.12,0,604,0.28,México,Economic,High Risk
2955,Salvador Castellanos,51,162.83,18,541,0.41,Hidalgo,Economic,High Risk
2956,Ing. Josefina Lovato,42,190.02,4,623,0.32,Nayarit,Economic,High Risk
2957,Lilia Victoria Flórez Niño,29,176.79,2,619,0.25,Oaxaca,Economic,High Risk
2958,Eugenio Griego Corona,28,364.92,2,679,0.38,Coahuila de Zaragoza,Economic,Medium Risk
2959,Estela Diana Olivárez Rodrígez,44,271.98,0,627,0.59,Baja California,Economic,High Risk
2960,Mitzy Partida,53,343.01,12,617,0.42,Zacatecas,Economic,High Risk
2961,Srita. Marisela Ceballos,28,186.1,4,607,0.56,Distrito Federal,Economic,High Risk
2962,Genaro Ángel Cazares Campos,64,184.03,37,602,0.19,Puebla,Economic,High Risk
2963,Elsa Leyva,26,200.95,6,527,0.55,Sinaloa,Economic,High Risk
2964,Sessa Sessa Nieves,65,261.24,26,549,0.11,Michoacán de Ocampo,Economic,High Risk
2965,Jerónimo Javier Toro,51,164.52,24,528,0.18,Nayarit,Economic,High Risk
2966,Rafaél Roque Niño,28,202.13,4,553,0.1,Tabasco,Economic,High Risk
2967,Eva Regalado,32,323.53,1,592,0.3,Hidalgo,Economic,High Risk
2968,Carolina Rebeca Estrada Meraz,62,154.78,28,580,0.43,Guerrero,Economic,High Risk
2969,Srita. Yuridia Griego,50,177.87,18,578,0.36,Chiapas,Economic,High Risk
2970,Srita. Judith Saldaña,36,294.43,17,581,0.23,Baja California Sur,Economic,High Risk
2971,Débora Armas,35,216.17,1,671,0.55,México,Economic,Medium Risk
2972,Olga Virginia Mota,40,213.89,4,625,0.5,Aguascalientes,Economic,High Risk
2973,Alicia Pulido Villa,49,172.65,21,542,0.14,San Luis Potosí,Economic,High Risk
2974,Lic. Carolina Caldera,64,280.02,14,590,0.47,Querétaro,Economic,High Risk
2975,Sra. Helena Sánchez,34,234.91,1,667,0.21,Chihuahua,Economic,Medium Risk
2976,Bernardo Dávila,55,356.89,13,616,0.49,Coahuila de Zaragoza,Economic,High Risk
2977,Indira Gamboa,21,233.16,0,624,0.18,Sonora,Economic,High Risk
2978,Virginia Gálvez,35,115.58,2,578,0.38,Morelos,Economic,High Risk
2979,Francisca Abril Monroy Jurado,66,281.64,41,589,0.46,Sonora,Economic,High Risk
2980,Francisco Orellana,36,110.87,0,580,0.45,Chihuahua,Economic,High Risk
2981,Arturo Tirado Jaramillo,60,248.38,18,623,0.3,Guanajuato,Economic,High Risk
2982,Dr. Mauro Carvajal,50,558.76,26,611,0.51,Chihuahua,Economic,High Risk
2983,Dra. Clara del Valle,70,310.04,25,547,0.19,Tamaulipas,Economic,High Risk
2984,Amalia Corona,45,520.24,16,510,0.23,Veracruz de Ignacio de la Llave,Economic,High Risk
2985,Florencia Abigail Moreno,30,158.39,4,593,0.11,Campeche,Economic,High Risk
2986,Eduardo Miramontes Olivares,39,167.76,19,509,0.51,Nuevo León,Economic,High Risk
2987,Rolando Delgado,54,138.96,5,530,0.26,Aguascalientes,Economic,High Risk
2988,Timoteo Miguel Ángel Briseño,44,229.61,8,652,0.15,Morelos,Economic,Medium Risk
2989,Karina Catalina Gil Grijalva,49,355.37,2,540,0.29,Morelos,Economic,High Risk
2990,Lic. Alma Raya,31,250.0,3,613,0.38,Guanajuato,Economic,High Risk
2991,Victoria Ruby Niño,42,232.23,2,519,0.52,Aguascalientes,Economic,High Risk
2992,Josefina Marisela Alvarado,67,327.74,9,583,0.56,Zacatecas,Economic,High Risk
2993,Sandra Jiménez Gutiérrez,55,,5,557,0.28,Coahuila de Zaragoza,Economic,High Risk
2994,Marcos Barragán Arteaga,53,180.93,27,666,0.44,Nuevo León,Economic,Medium Risk
2995,Marcela Valdés Cortés,66,114.31,9,626,0.21,Aguascalientes,Economic,High Risk
2996,Porfirio Alejandro Carvajal,43,447.99,18,643,0.33,Chihuahua,Economic,High Risk
2997,Fidel Osorio Casas,64,491.44,23,526,0.22,Puebla,Economic,High Risk
2998,Lic. Ana María Camacho,36,300.91,9,524,0.43,Jalisco,Economic,High Risk
2999,Barbara Gurule Valverde,59,192.66,5,560,0.15,Tamaulipas,Economic,High Risk
3000,Luz Estefanía Ávalos,42,249.14,16,624,0.57,Campeche,Economic,High Risk
3001,David Martín Sauceda Mesa,46,198.06,10,616,0.1,Coahuila de Zaragoza,Economic,High Risk
3002,Abigail Canales Guzmán,70,99.6,46,666,0.51,Tlaxcala,Economic,Medium Risk
3003,Zeferino Olvera Urrutia,40,170.54,6,606,0.12,Colima,Economic,High Risk
3004,Lic. Elias Córdova,41,191.86,9,655,0.21,Guerrero,Economic,Medium Risk
3005,Sra. Cristal Morales,35,499.65,7,541,0.46,Querétaro,Economic,High Risk
3006,Paulina Isabel Paz,33,144.31,8,520,0.51,Puebla,Economic,High Risk
3007,Sra. Rosa Villarreal,53,135.42,14,634,0.25,Morelos,Economic,High Risk
3008,Dra. Dulce Aguirre,31,133.03,1,530,0.46,Guerrero,Economic,High Risk
3009,Mercedes Alma Robledo,35,209.8,0,514,0.25,Campeche,Economic,High Risk
3010,Dra. Irene Reséndez,66,317.14,19,561,0.11,Hidalgo,Economic,High Risk
3011,Abigail Cordero,64,240.65,2,622,0.56,Hidalgo,Economic,High Risk
3012,Eugenia Lourdes Benavídez,59,194.24,33,564,0.56,Campeche,Economic,High Risk
3013,Hugo Ávila,49,422.23,3,649,0.22,Hidalgo,Economic,High Risk
3014,Lic. Ana Luisa Rodrígez,29,246.42,0,614,0.48,Durango,Economic,High Risk
3015,Alvaro Tomás Flórez,49,237.36,4,554,0.41,Chihuahua,Economic,High Risk
3016,Fidel Arce,57,226.85,3,648,0.57,Durango,Economic,High Risk
3017,Adriana Mónica Ocampo Griego,66,186.31,29,618,0.31,Baja California,Economic,High Risk
3018,Clemente Amador Farías,29,240.61,1,570,0.58,Coahuila de Zaragoza,Economic,High Risk
3019,Diana Cecilia Alva,31,282.27,12,545,0.48,Chiapas,Economic,High Risk
3020,Adalberto David Yáñez Mateo,65,144.61,25,510,0.26,Jalisco,Economic,High Risk
3021,Esmeralda Altamirano Varela,46,276.89,26,544,0.39,Sonora,Economic,High Risk
3022,Sra. Abril Ortiz,66,178.13,30,602,0.54,Guerrero,Economic,High Risk
3023,Aurelio Aurelio Arredondo Palacios,43,141.92,3,508,0.18,Baja California Sur,Economic,High Risk
3024,Virginia Guadalupe Posada,56,,28,605,0.33,México,Economic,High Risk
3025,Armando Paredes,65,185.71,22,535,0.58,Sonora,Economic,High Risk
3026,Sergio Timoteo Luna,49,142.07,7,628,0.49,Guerrero,Economic,High Risk
3027,Liliana Estela Valle,49,193.42,10,546,0.54,Jalisco,Economic,High Risk
3028,Verónica Bernal,29,337.0,2,585,0.49,Quintana Roo,Economic,High Risk
3029,Israel Pulido,69,323.83,46,520,0.5,Sonora,Economic,High Risk
3030,Esparta Carlota Ramón Cornejo,30,183.02,5,552,0.5,Sinaloa,Economic,High Risk
3031,Alfredo Sáenz Téllez,43,745.83,19,641,0.18,Chiapas,Economic,High Risk
3032,José Roberto Alfaro,53,161.81,12,672,0.53,Guanajuato,Economic,Medium Risk
3033,Diana Casares,68,262.63,4,544,0.47,Querétaro,Economic,High Risk
3034,Luis Miguel Jesús Loya Fierro,21,187.71,0,528,0.18,Colima,Economic,High Risk
3035,Esparta Piña,40,300.95,10,646,0.44,Querétaro,Economic,High Risk
3036,Srita. Carla Villanueva,49,258.83,10,599,0.4,San Luis Potosí,Economic,High Risk
3037,Cornelio Gilberto Rincón Espinosa,32,158.07,2,582,0.19,Guerrero,Economic,High Risk
3038,Sr. Leonel Frías,37,101.88,1,637,0.49,Sinaloa,Economic,High Risk
3039,Emiliano Apodaca,67,265.58,43,523,0.29,Coahuila de Zaragoza,Economic,High Risk
3040,Porfirio Gustavo Gastélum Zamudio,54,236.71,29,549,0.45,Baja California Sur,Economic,High Risk
3041,Nayeli María Abrego Ojeda,52,147.29,13,567,0.16,Tamaulipas,Economic,High Risk
3042,Dra. Débora Nevárez,68,265.89,20,605,0.38,Nuevo León,Economic,High Risk
3043,Dr. Jaime Rincón,34,115.75,7,634,0.55,Chiapas,Economic,High Risk
3044,Judith Estela de la Fuente Venegas,55,139.09,16,628,0.25,Durango,Economic,High Risk
3045,Indira Camila Granado Espinoza,53,259.84,9,567,0.46,Tamaulipas,Economic,High Risk
3046,Salma Irma Marrero Arenas,69,217.91,41,652,0.55,Baja California,Economic,Medium Risk
3047,Sr. Jos de Jesús,55,454.84,17,553,0.31,Guanajuato,Economic,High Risk
3048,Andrés Vega Barrera,32,264.17,4,602,0.42,Colima,Economic,High Risk
3049,Ana Ledesma Otero,54,,9,547,0.57,Distrito Federal,Economic,High Risk
3050,Eloy Uriel Jasso Saldaña,38,108.36,15,574,0.41,Zacatecas,Economic,High Risk
3051,Lic. Maximiliano Dueñas,27,265.99,0,633,0.37,Colima,Economic,High Risk
3052,Augusto Verdugo,52,186.39,23,663,0.23,Veracruz de Ignacio de la Llave,Economic,Medium Risk
3053,Vicente Acuña,26,332.92,5,557,0.56,Veracruz de Ignacio de la Llave,Economic,High Risk
3054,Natividad Terrazas,38,184.58,3,577,0.32,Sinaloa,Economic,High Risk
3055,Miguel Óscar Duarte Guardado,49,169.85,27,565,0.19,Nayarit,Economic,High Risk
3056,Sr. Luis Miguel Abrego,24,499.82,6,618,0.17,Aguascalientes,Economic,High Risk
3057,Juan Eugenio Granados,70,286.65,27,536,0.11,Zacatecas,Economic,High Risk
3058,Ignacio Porfirio Esquibel,30,164.07,0,557,0.15,Distrito Federal,Economic,High Risk
3059,Noelia Cristal Esparza,29,158.26,0,558,0.55,Nayarit,Economic,High Risk
3060,Sergio Medrano,62,351.97,35,537,0.33,San Luis Potosí,Economic,High Risk
3061,Dr. Horacio Chavarría,69,170.25,25,560,0.28,Hidalgo,Economic,High Risk
3062,Sra. Amelia Guardado,63,252.56,25,679,0.11,Puebla,Economic,Medium Risk
3063,Margarita Abril Valencia Ortiz,38,299.65,17,661,0.55,Hidalgo,Economic,Medium Risk
3064,Alonso Ricardo Ureña,70,432.89,12,559,0.54,Tamaulipas,Economic,High Risk
3065,Gabriela Estela Lemus Hurtado,35,380.87,3,608,0.5,San Luis Potosí,Economic,High Risk
3066,Clara Esperanza Zúñiga Badillo,46,353.29,22,601,0.22,Nuevo León,Economic,High Risk
3067,Ángela Ortega Magaña,55,303.13,32,502,0.49,Coahuila de Zaragoza,Economic,High Risk
3068,Andrés Cintrón,38,,17,600,0.45,Jalisco,Economic,High Risk
3069,Joaquín Marcos Fajardo,30,178.33,11,675,0.59,Baja California,Economic,Medium Risk
3070,Lic. Guillermo de la Crúz,35,315.82,6,591,0.35,Baja California,Economic,High Risk
3071,Lic. Alfonso Jasso,24,254.97,0,615,0.33,Baja California,Economic,High Risk
3072,Sr. Silvano Rangel,25,268.94,0,595,0.35,Quintana Roo,Economic,High Risk
3073,Dr. Jesús León,59,245.46,31,509,0.58,Quintana Roo,Economic,High Risk
3074,Omar Gregorio Alvarado Puga,39,199.69,9,632,0.56,Guerrero,Economic,High Risk
3075,Emiliano Rubio,23,298.44,0,676,0.59,Baja California,Economic,Medium Risk
3076,Jacobo Ramón Rosas,56,211.48,32,505,0.51,San Luis Potosí,Economic,High Risk
3077,Karla Ayala Feliciano,50,336.6,5,531,0.2,Quintana Roo,Economic,High Risk
3078,Rosalia Ayala,46,136.09,5,522,0.39,Chiapas,Economic,High Risk
3079,Juan Adame,57,142.99,9,616,0.4,Yucatán,Economic,High Risk
3080,Natividad Irma Muro,63,102.95,39,637,0.24,Tlaxcala,Economic,High Risk
3081,Sr. Rodolfo Villegas,41,278.66,15,678,0.24,Aguascalientes,Economic,Medium Risk
3082,Rufino Mateo Matías Suárez,26,99.51,5,559,0.14,Baja California Sur,Economic,High Risk
3083,Estefanía Ariadna Linares Zamora,51,150.99,27,547,0.29,Aguascalientes,Economic,High Risk
3084,Uriel Cabán,59,185.67,34,654,0.34,Guerrero,Economic,Medium Risk
3085,Adela Villarreal Ochoa,54,288.92,28,635,0.23,Guanajuato,Economic,High Risk
3086,Lic. Luz Casares,33,242.29,7,540,0.23,Chiapas,Economic,High Risk
3087,Dalia Vanegas,69,220.42,13,540,0.54,Durango,Economic,High Risk
3088,Iván Federico Tejada,46,257.36,3,509,0.41,Tamaulipas,Economic,High Risk
3089,Sergio Jáquez Robles,65,162.43,35,665,0.25,Campeche,Economic,Medium Risk
3090,Abel Alarcón Padilla,41,415.67,3,615,0.38,Guanajuato,Economic,High Risk
3091,José María de Anda Serna,55,151.24,19,546,0.19,Nayarit,Economic,High Risk
3092,José Manuél Antonio Gollum,23,176.03,0,679,0.48,Baja California,Economic,Medium Risk
3093,Rodolfo José Emilio Muñoz de la Crúz,56,154.81,25,645,0.53,Guanajuato,Economic,High Risk
3094,Natalia Santiago,70,468.24,42,650,0.36,Veracruz de Ignacio de la Llave,Economic,Medium Risk
3095,Jorge Luis Zamudio,24,220.29,1,605,0.1,Campeche,Economic,High Risk
3096,Alberto Barreto Haro,63,,35,511,0.52,Coahuila de Zaragoza,Economic,High Risk
3097,Victoria Esparta Franco,63,518.75,11,661,0.42,Morelos,Economic,Medium Risk
3098,Dr. Rodrigo Rodríguez,39,166.32,1,571,0.12,Oaxaca,Economic,High Risk
3099,Humberto Rufino Colunga Palomino,59,148.26,16,639,0.52,Sinaloa,Economic,High Risk
3100,Lic. Ernesto Tejeda,60,252.64,5,584,0.46,Oaxaca,Economic,High Risk
3101,Bernabé Montemayor,31,303.56,1,579,0.11,Durango,Economic,High Risk
3102,Mariano Ernesto Pantoja Bustamante,60,180.03,24,557,0.39,Hidalgo,Economic,High Risk
3103,Mauro Flores,55,239.59,26,601,0.32,Sinaloa,Economic,High Risk
3104,Vanesa Cornejo,23,206.56,1,568,0.12,Baja California,Economic,High Risk
3105,Cornelio Bravo,41,286.85,4,519,0.59,Guanajuato,Economic,High Risk
3106,Karina Partida,60,251.22,18,603,0.55,Chihuahua,Economic,High Risk
3107,José Carlos Elias Herrera Prieto,40,297.14,12,619,0.11,Campeche,Economic,High Risk
3108,Aurelio Armando Malave Mesa,48,387.23,9,677,0.27,Yucatán,Economic,Medium Risk
3109,Ing. Virginia Carrión,52,435.03,25,506,0.42,Puebla,Economic,High Risk
3110,Jos David Vergara,37,290.94,8,663,0.17,Querétaro,Economic,Medium Risk
3111,Gustavo Cotto,41,126.02,15,536,0.4,Campeche,Economic,High Risk
3112,Socorro Marisol Casanova Munguía,45,412.22,2,532,0.41,Coahuila de Zaragoza,Economic,High Risk
3113,María Cristina Tamez Cervantes,38,231.5,13,629,0.14,Jalisco,Economic,High Risk
3114,Diego Rodrígez Armas,52,129.4,9,550,0.16,Coahuila de Zaragoza,Economic,High Risk
3115,Andrés Parra,44,432.77,9,581,0.35,Puebla,Economic,High Risk
3116,Gerardo Domínguez,63,179.46,8,600,0.38,Veracruz de Ignacio de la Llave,Economic,High Risk
3117,Silvano Juan Carlos Hidalgo,37,567.28,5,616,0.39,Distrito Federal,Economic,High Risk
3118,Srita. Claudia Gaona,47,97.03,6,513,0.48,Colima,Economic,High Risk
3119,Soledad Rosario Alvarado,30,169.76,3,641,0.28,Baja California,Economic,High Risk
3120,Humberto Arias Olmos,51,210.35,27,515,0.52,Durango,Economic,High Risk
3121,Dra. Judith Quiñónez,34,107.03,0,601,0.32,Puebla,Economic,High Risk
3122,Pablo Javier Zarate Sotelo,25,183.31,4,575,0.28,México,Economic,High Risk
3123,Carlota Girón,43,139.67,19,597,0.32,Aguascalientes,Economic,High Risk
3124,María Eugenia Peralta Montemayor,30,299.55,5,513,0.24,San Luis Potosí,Economic,High Risk
3125,Mauricio Mateo Rendón,69,457.21,5,568,0.37,Tlaxcala,Economic,High Risk
3126,Karla Micaela Arriaga,22,144.14,1,574,0.5,Colima,Economic,High Risk
3127,Bernabé Eloy Núñez Borrego,28,184.06,3,513,0.31,Jalisco,Economic,High Risk
3128,Renato Jonás Esquibel Orosco,31,485.23,6,561,0.58,Sinaloa,Economic,High Risk
3129,Alejandro Felix Cortés Montez,34,200.62,2,542,0.37,Morelos,Economic,High Risk
3130,Soledad Rosales Rodríquez,31,103.39,10,643,0.42,Nuevo León,Economic,High Risk
3131,Dr. Camilo Yáñez,29,181.28,2,533,0.19,Colima,Economic,High Risk
3132,Sr. Augusto Hinojosa,43,,21,594,0.34,Coahuila de Zaragoza,Economic,High Risk
3133,Perla Ivonne Montoya,38,173.83,6,630,0.55,Tlaxcala,Economic,High Risk
3134,Espartaco Cortez,39,213.38,16,571,0.53,Guerrero,Economic,High Risk
3135,Marcos Alberto Ruelas,37,113.42,15,670,0.21,Baja California,Economic,Medium Risk
3136,Srita. Perla Batista,29,474.44,1,537,0.13,Guanajuato,Economic,High Risk
3137,Andrés Valadez,67,167.25,18,636,0.33,Tabasco,Economic,High Risk
3138,Lic. Gabriel Munguía,50,261.55,9,518,0.21,Jalisco,Economic,High Risk
3139,Sonia Sofía Malave,49,158.31,25,551,0.3,Tlaxcala,Economic,High Risk
3140,Dolores Guillen Loya,64,148.06,32,619,0.56,Hidalgo,Economic,High Risk
3141,Norma Rael Cintrón,67,149.97,34,521,0.36,Nuevo León,Economic,High Risk
3142,Armando Mariano Vaca Partida,46,192.38,24,568,0.12,Tabasco,Economic,High Risk
3143,Patricia Ana María Blanco Arce,21,119.38,0,599,0.55,Nayarit,Economic,High Risk
3144,Sra. Perla Jaime,54,246.08,26,646,0.26,Tamaulipas,Economic,High Risk
3145,Luis Wilfrido Alva,69,297.18,41,646,0.42,Tlaxcala,Economic,High Risk
3146,Marisol María Fonseca,35,180.2,1,584,0.26,Baja California Sur,Economic,High Risk
3147,Rodrigo Alejandro Vega,44,182.69,17,540,0.51,Chiapas,Economic,High Risk
3148,Irene Aurora Loya,24,222.89,0,571,0.23,Guerrero,Economic,High Risk
3149,Irma Sánchez,36,225.15,7,610,0.52,Guerrero,Economic,High Risk
3150,Maximiliano Marín Mata,23,142.66,0,643,0.33,Sonora,Economic,High Risk
3151,Daniela Haro Castañeda,30,197.47,1,654,0.57,Tamaulipas,Economic,Medium Risk
3152,Yolanda Andrea Villarreal,66,107.97,21,628,0.17,Chiapas,Economic,High Risk
3153,Ing. Indira Rivas,64,148.4,29,674,0.5,Tlaxcala,Economic,Medium Risk
3154,Javier Arevalo,41,90.15,12,611,0.19,Veracruz de Ignacio de la Llave,Economic,High Risk
3155,Alejandro Pantoja,44,224.57,18,532,0.47,Yucatán,Economic,High Risk
3156,Ricardo Pizarro Mondragón,64,218.69,1,540,0.14,Tamaulipas,Economic,High Risk
3157,Hugo Abelardo Ramos,36,164.69,11,504,0.34,San Luis Potosí,Economic,High Risk
3158,Helena María Cristina Trejo Ulibarri,65,130.19,25,577,0.32,Morelos,Economic,High Risk
3159,Carla del Río Hernádez,36,196.13,1,603,0.52,Querétaro,Economic,High Risk
3160,Ramiro Cornelio Rosario,40,184.82,5,680,0.25,Chihuahua,Economic,Medium Risk
3161,Dra. Miriam Velasco,33,236.15,0,649,0.34,Querétaro,Economic,High Risk
3162,Nayeli Débora Abrego Bermúdez,57,206.14,16,568,0.44,San Luis Potosí,Economic,High Risk
3163,Srita. María Cristina Hernández,69,199.78,33,630,0.53,Guanajuato,Economic,High Risk
3164,Citlali Cristina Casárez Valladares,42,444.88,13,531,0.25,Campeche,Economic,High Risk
3165,Amelia Madrigal Vaca,33,339.02,1,655,0.52,Nuevo León,Economic,Medium Risk
3166,Ing. Julio César Roque,46,187.58,3,656,0.43,Baja California Sur,Economic,Medium Risk
3167,Samuel Matías Roque,64,282.69,0,522,0.29,Aguascalientes,Economic,High Risk
3168,Ing. Eugenio Gurule,43,244.94,7,616,0.5,Querétaro,Economic,High Risk
3169,Salma Nayeli Ontiveros,64,214.8,21,650,0.5,Campeche,Economic,Medium Risk
3170,Pilar Feliciano,24,199.59,1,624,0.56,Chiapas,Economic,High Risk
3171,Ing. Diego Velásquez,63,182.97,18,662,0.16,Jalisco,Economic,Medium Risk
3172,Leonardo Samuel Avilés,68,159.2,0,632,0.57,Chihuahua,Economic,High Risk
3173,Nicolás Salvador Zaragoza Samaniego,41,94.61,14,665,0.23,Colima,Economic,Medium Risk
3174,Abel Wilfrido Pacheco Avilés,64,180.67,35,555,0.36,Zacatecas,Economic,High Risk
3175,Srita. Eva Rolón,25,179.86,1,642,0.48,Veracruz de Ignacio de la Llave,Economic,High Risk
3176,Verónica Emilia Ávalos,58,651.3,10,614,0.18,Chiapas,Economic,High Risk
3177,Dalia Ana Peralta,70,140.56,13,667,0.49,Quintana Roo,Economic,Medium Risk
3178,Isaac Camilo Archuleta Ybarra,43,426.39,18,560,0.29,San Luis Potosí,Economic,High Risk
3179,Jerónimo Aparicio Figueroa,26,184.39,4,539,0.15,Querétaro,Economic,High Risk
3180,Elias Segovia,31,275.37,4,598,0.28,Nuevo León,Economic,High Risk
3181,Hernán José Eduardo Coronado Alemán,60,230.14,0,596,0.3,Sinaloa,Economic,High Risk
3182,Wilfrido José Carlos Valencia Saldaña,41,293.88,0,563,0.24,Baja California Sur,Economic,High Risk
3183,Fabiola Josefina Castañeda,31,278.32,1,640,0.53,México,Economic,High Risk
3184,Emilia Zayas Arteaga,26,264.12,1,677,0.33,Zacatecas,Economic,Medium Risk
3185,Dolores Bianca Paz Cortez,67,197.79,44,665,0.34,Distrito Federal,Economic,Medium Risk
3186,Timoteo Zúñiga,29,118.37,0,522,0.13,Zacatecas,Economic,High Risk
3187,Susana Josefina Rivera,37,129.98,10,606,0.4,Baja California,Economic,High Risk
3188,Sra. Caridad Aguirre,31,185.33,9,619,0.48,Guanajuato,Economic,High Risk
3189,Gabriel Peres,53,375.8,5,668,0.49,Oaxaca,Economic,Medium Risk
3190,Ing. Silvia Valadez,39,122.44,13,631,0.13,Tamaulipas,Economic,High Risk
3191,Jos Rodolfo Alba,23,354.14,0,636,0.51,Chiapas,Economic,High Risk
3192,Vicente César Cintrón,35,352.81,10,548,0.58,Tabasco,Economic,High Risk
3193,Graciela Morales Lugo,26,253.63,3,666,0.28,Tlaxcala,Economic,Medium Risk
3194,Julia Barraza,60,195.75,19,678,0.47,Colima,Economic,Medium Risk
3195,Inés Gálvez,36,168.38,0,552,0.12,Hidalgo,Economic,High Risk
3196,Pilar Fabiola Farías,30,116.28,6,531,0.54,Guanajuato,Economic,High Risk
3197,Ana Luisa Julia Velázquez Romero,21,184.58,0,540,0.59,Tamaulipas,Economic,High Risk
3198,Mateo Murillo Salazar,57,369.87,4,589,0.39,Chiapas,Economic,High Risk
3199,Srita. Dolores Gaitán,47,192.58,8,617,0.39,Guerrero,Economic,High Risk
3200,Daniel Evelio Gamboa Linares,23,119.76,0,573,0.26,Chiapas,Economic,High Risk
3201,Rufino Jorge Luis Gracia,40,269.03,6,559,0.54,Distrito Federal,Economic,High Risk
3202,Juan Carlos Morales,45,322.32,19,574,0.27,Quintana Roo,Economic,High Risk
3203,José Eduardo Alcaraz,37,229.18,1,554,0.33,Baja California Sur,Economic,High Risk
3204,Sr. Diego Cepeda,36,76.38,5,544,0.35,Coahuila de Zaragoza,Economic,High Risk
3205,Oswaldo Federico Altamirano Arteaga,61,395.17,43,537,0.22,Baja California,Economic,High Risk
3206,Augusto José María Ramón Holguín,69,266.26,22,581,0.41,Querétaro,Economic,High Risk
3207,Luis Miguel Madrigal,55,185.36,33,548,0.37,Baja California Sur,Economic,High Risk
3208,Salma Gómez Miranda,43,342.35,12,589,0.11,Chiapas,Economic,High Risk
3209,Benjamín Gurule Guzmán,63,161.57,5,538,0.24,Michoacán de Ocampo,Economic,High Risk
3210,Ofelia Medina Chapa,51,101.11,18,514,0.42,Tamaulipas,Economic,High Risk
3211,Sara Ariadna Bueno Estévez,39,216.6,10,657,0.2,Coahuila de Zaragoza,Economic,Medium Risk
3212,Joaquín Ernesto Olivo Negrete,66,151.55,4,655,0.59,Campeche,Economic,Medium Risk
3213,Cecilia Pamela Zarate,33,186.65,4,561,0.12,Coahuila de Zaragoza,Economic,High Risk
3214,Rafaél Ramón Pérez,56,253.27,14,603,0.39,Jalisco,Economic,High Risk
3215,Óscar Armas,54,253.13,27,601,0.46,México,Economic,High Risk
3216,Eric Fajardo Casanova,44,463.34,17,522,0.49,Aguascalientes,Economic,High Risk
3217,Ricardo Duarte,36,157.12,6,508,0.22,Campeche,Economic,High Risk
3218,Daniel Jorge Soto,43,275.28,18,546,0.32,Quintana Roo,Economic,High Risk
3219,José Eduardo Gastélum Benítez,44,129.48,8,625,0.37,Distrito Federal,Economic,High Risk
3220,Timoteo Lucas Cabán Patiño,32,168.74,7,535,0.48,Quintana Roo,Economic,High Risk
3221,Dr. Alfonso Soria,52,399.07,33,522,0.26,Puebla,Economic,High Risk
3222,José Emilio Rivas,35,135.6,3,648,0.17,Baja California,Economic,High Risk
3223,Alejandra Mondragón Mondragón,25,502.52,2,646,0.41,Coahuila de Zaragoza,Economic,High Risk
3224,Dr. Eugenio Solorio,31,245.46,11,537,0.6,Sonora,Economic,High Risk
3225,Ramón Alejandro Maldonado,69,313.45,44,642,0.45,Sonora,Economic,High Risk
3226,Srita. Dolores Villa,22,113.9,0,577,0.28,Tabasco,Economic,High Risk
3227,Marisol Marisol Zepeda Cordero,44,295.09,9,627,0.17,Baja California,Economic,High Risk
3228,Ing. Teodoro Avilés,45,242.7,13,550,0.18,Tlaxcala,Economic,High Risk
3229,Leticia Galindo Jurado,25,212.57,2,593,0.5,Guanajuato,Economic,High Risk
3230,Nayeli Vaca Godoy,29,143.31,3,557,0.43,Baja California,Economic,High Risk
3231,Eugenia Almanza Avilés,24,634.15,0,607,0.11,Morelos,Economic,High Risk
3232,Alonso Barragán Badillo,59,232.54,12,616,0.26,Tabasco,Economic,High Risk
3233,Ing. Alfredo Madera,37,176.08,2,603,0.31,Chihuahua,Economic,High Risk
3234,Eloy Gamboa,54,272.5,16,613,0.57,Baja California,Economic,High Risk
3235,Cristian Orta Martínez,65,311.59,17,668,0.15,Colima,Economic,Medium Risk
3236,Silvano Jimínez,51,221.45,25,566,0.36,San Luis Potosí,Economic,High Risk
3237,Horacio Jesús Carrión,56,136.87,30,647,0.25,Michoacán de Ocampo,Economic,High Risk
3238,Dr. Rafaél Aguayo,30,219.13,2,576,0.5,Quintana Roo,Economic,High Risk
3239,Bruno Rodrigo Bermúdez,64,234.87,26,608,0.31,Distrito Federal,Economic,High Risk
3240,Adriana Hilda Mireles,55,205.22,11,510,0.6,Sonora,Economic,High Risk
3241,Víctor Adán Alcaraz Bahena,43,213.92,5,678,0.39,Guanajuato,Economic,Medium Risk
3242,Marisol Ruby Escobar,35,136.03,9,578,0.29,Michoacán de Ocampo,Economic,High Risk
3243,Julio Bustos Valle,24,216.44,0,585,0.54,Oaxaca,Economic,High Risk
3244,Leonel Ortiz Arreola,30,428.39,2,612,0.15,Oaxaca,Economic,High Risk
3245,Srita. María Luisa Peña,60,341.58,3,577,0.6,Jalisco,Economic,High Risk
3246,Fidel Reynaldo Navarro,37,190.29,5,588,0.21,Distrito Federal,Economic,High Risk
3247,Ing. Salvador Roque,52,279.17,8,534,0.56,Colima,Economic,High Risk
3248,Sr. Augusto Solís,61,151.51,14,605,0.47,Zacatecas,Economic,High Risk
3249,Joaquín Juan Castro,65,367.13,3,575,0.35,Tabasco,Economic,High Risk
3250,Lorena Sara Muñoz Santacruz,39,152.97,4,507,0.14,Baja California,Economic,High Risk
3251,Tomás Alonso Concepción,56,193.39,9,605,0.36,Zacatecas,Economic,High Risk
3252,Roberto Samuel Serrato,49,282.52,15,632,0.59,Baja California Sur,Economic,High Risk
3253,Zoé Celia Molina Mena,23,390.5,0,571,0.48,Durango,Economic,High Risk
3254,Sr. Aurelio Cisneros,52,178.05,1,572,0.36,Chihuahua,Economic,High Risk
3255,Asunción Rocío Armenta,68,140.39,27,592,0.18,Nuevo León,Economic,High Risk
3256,Leonel Lebrón,63,285.02,23,677,0.42,Durango,Economic,Medium Risk
3257,Ramón Patricio Trujillo Vela,29,170.92,2,535,0.19,Oaxaca,Economic,High Risk
3258,Marco Antonio Bernabé Domínguez Tirado,31,297.56,3,562,0.12,Aguascalientes,Economic,High Risk
3259,Sr. Rodolfo Gil,40,205.16,12,669,0.13,San Luis Potosí,Economic,Medium Risk
3260,Gabino Merino Ramón,68,322.1,40,569,0.22,Querétaro,Economic,High Risk
3261,Sra. Yuridia Pedroza,32,213.75,8,511,0.32,Hidalgo,Economic,High Risk
3262,Catalina Estela Mireles,60,399.19,12,544,0.39,Guanajuato,Economic,High Risk
3263,Eloy Fernando Santiago,36,151.45,9,607,0.16,Colima,Economic,High Risk
3264,Olivia Tapia,27,127.55,1,586,0.57,México,Economic,High Risk
3265,Jesús Báez,65,125.58,11,644,0.48,Sinaloa,Economic,High Risk
3266,Israel Montemayor Escobar,44,142.89,2,633,0.4,Puebla,Economic,High Risk
3267,Catalina Robles Valles,43,461.41,21,522,0.34,Sonora,Economic,High Risk
3268,Gerónimo Rolando Abrego Cavazos,48,219.47,2,579,0.11,Durango,Economic,High Risk
3269,Wilfrido Venegas,23,332.05,1,503,0.13,Coahuila de Zaragoza,Economic,High Risk
3270,María Teresa Diana Domínguez,30,158.37,1,588,0.15,Oaxaca,Economic,High Risk
3271,Omar Vázquez Urrutia,62,327.26,8,529,0.12,Aguascalientes,Economic,High Risk
3272,Asunción Leticia Esquivel Calvillo,63,242.88,8,672,0.5,San Luis Potosí,Economic,Medium Risk
3273,Julio Gamboa Hinojosa,28,496.74,4,555,0.15,Tamaulipas,Economic,High Risk
3274,Luis René Durán,23,214.34,3,663,0.21,Tamaulipas,Economic,Medium Risk
3275,Adriana Teresa Jaramillo Barrera,38,99.57,15,520,0.27,Jalisco,Economic,High Risk
3276,Óliver Zapata Segovia,37,274.74,5,537,0.48,Tlaxcala,Economic,High Risk
3277,Rodolfo Fernando Jurado de la Torre,50,188.59,18,656,0.12,Colima,Economic,Medium Risk
3278,Alejandro Razo,44,233.32,11,592,0.29,Tamaulipas,Economic,High Risk
3279,Clemente Santiago Quezada Jaimes,21,245.63,0,555,0.51,Tlaxcala,Economic,High Risk
3280,Víctor Omar Archuleta,56,333.77,26,525,0.54,Quintana Roo,Economic,High Risk
3281,Sessa Karla Casas Ramírez,36,304.29,9,521,0.53,Aguascalientes,Economic,High Risk
3282,Bruno Cornelio Serna Munguía,68,233.72,29,549,0.15,México,Economic,High Risk
3283,Cornelio José Centeno Mares,64,230.36,22,652,0.22,Zacatecas,Economic,Medium Risk
3284,Ivonne Linda Acosta,65,101.66,37,619,0.33,Puebla,Economic,High Risk
3285,Modesto Rodarte Varela,70,106.26,4,621,0.36,Zacatecas,Economic,High Risk
3286,José Carlos Palomino Velasco,35,178.95,15,527,0.43,Sonora,Economic,High Risk
3287,Gabriela Indira Contreras,52,196.64,18,511,0.46,Querétaro,Economic,High Risk
3288,Rodrigo Adán Ulibarri Longoria,30,148.69,2,553,0.47,Jalisco,Economic,High Risk
3289,Dr. Wilfrido Fierro,68,251.12,24,506,0.31,Nayarit,Economic,High Risk
3290,Susana Arcelia Aponte Sisneros,51,223.68,19,554,0.29,Michoacán de Ocampo,Economic,High Risk
3291,Elsa Karla Ozuna Villegas,34,217.9,9,552,0.5,Querétaro,Economic,High Risk
3292,Porfirio Luis Arroyo,50,,16,650,0.14,San Luis Potosí,Economic,Medium Risk
3293,Carolina Pamela Haro,54,170.44,19,531,0.57,Tlaxcala,Economic,High Risk
3294,Roberto Leiva Orta,61,244.87,27,551,0.55,Jalisco,Economic,High Risk
3295,Ana Luisa Gil,36,228.27,5,523,0.55,Guerrero,Economic,High Risk
3296,Carolina Ilse Fonseca Garza,63,317.95,25,571,0.23,Jalisco,Economic,High Risk
3297,Sergio Ruiz Ballesteros,33,114.81,12,673,0.54,Baja California,Economic,Medium Risk
3298,Reynaldo Zamudio,26,225.78,3,524,0.5,Zacatecas,Economic,High Risk
3299,Jonás Joaquín Palacios Carrión,28,255.29,3,616,0.14,Michoacán de Ocampo,Economic,High Risk
3300,Timoteo Negrón,42,196.0,8,559,0.4,Tlaxcala,Economic,High Risk
3301,Rocío Meza,51,138.49,11,593,0.49,Morelos,Economic,High Risk
3302,Óliver Arteaga,61,169.94,8,594,0.15,San Luis Potosí,Economic,High Risk
3303,Silvano Uriel Hernandes,58,151.01,10,652,0.18,Sonora,Economic,Medium Risk
3304,Pablo Emilio Perea,70,96.88,44,640,0.48,Baja California Sur,Economic,High Risk
3305,Dr. Aurelio Menéndez,52,122.7,6,613,0.56,Quintana Roo,Economic,High Risk
3306,Pablo Arevalo Ayala,54,180.9,4,502,0.46,Tabasco,Economic,High Risk
3307,Gabino Raúl Ureña,49,973.75,12,590,0.37,San Luis Potosí,Economic,High Risk
3308,Lic. Natividad Báez,23,195.22,0,510,0.16,México,Economic,High Risk
3309,Sr. Porfirio Valenzuela,65,211.9,18,546,0.54,Morelos,Economic,High Risk
3310,Victoria Julia Romo,57,260.63,32,530,0.28,Oaxaca,Economic,High Risk
3311,Modesto Madera,31,298.09,5,618,0.54,Sonora,Economic,High Risk
3312,Dr. Guillermo Rodríquez,53,227.33,33,551,0.56,Hidalgo,Economic,High Risk
3313,Dra. Yuridia Barraza,44,194.22,2,517,0.53,Jalisco,Economic,High Risk
3314,Dra. Estela Ceballos,38,150.27,13,563,0.12,Colima,Economic,High Risk
3315,Camila Linda Pacheco,62,313.75,3,664,0.59,Aguascalientes,Economic,Medium Risk
3316,Lilia Leal Toro,22,374.43,0,530,0.2,Nayarit,Economic,High Risk
3317,Iván Vigil Vallejo,24,206.17,2,573,0.35,Tamaulipas,Economic,High Risk
3318,Marisela Teresa Carrero,57,337.58,16,655,0.58,Tamaulipas,Economic,Medium Risk
3319,Dr. Octavio Niño,64,388.17,1,536,0.34,Oaxaca,Economic,High Risk
3320,José María Segovia Rodríguez,34,229.41,9,542,0.54,Chihuahua,Economic,High Risk
3321,María Luisa Eloisa Soria Delgadillo,25,329.33,5,501,0.21,Hidalgo,Economic,High Risk
3322,Ángel Castro Espino,39,115.02,17,601,0.12,Chiapas,Economic,High Risk
3323,Carlos Pablo Gamez,49,164.25,23,522,0.17,Chihuahua,Economic,High Risk
3324,Martín Fajardo,66,162.66,3,607,0.21,Tlaxcala,Economic,High Risk
3325,Agustín José Manuél Herrera Garrido,53,332.11,15,674,0.55,Michoacán de Ocampo,Economic,Medium Risk
3326,Dra. Alejandra Rascón,32,322.35,2,558,0.25,Oaxaca,Economic,High Risk
3327,Ing. Santiago Valdivia,70,91.13,9,651,0.13,Coahuila de Zaragoza,Economic,Medium Risk
3328,Dr. Joaquín Cruz,58,167.46,25,606,0.52,Nuevo León,Economic,High Risk
3329,Antonio Clemente Vélez,48,121.47,23,503,0.44,Querétaro,Economic,High Risk
3330,Ángela Téllez,62,478.51,5,516,0.36,Yucatán,Economic,High Risk
3331,Ana Lucía Verduzco,52,286.65,27,598,0.1,Guerrero,Economic,High Risk
3332,Angélica Martínez Mejía,46,825.38,0,662,0.43,Sinaloa,Economic,Medium Risk
3333,María Torres,61,90.15,11,584,0.42,Nuevo León,Economic,High Risk
3334,María Luisa Rocha,58,283.14,24,542,0.59,Sonora,Economic,High Risk
3335,Lic. Sara Concepción,67,224.57,4,663,0.19,Veracruz de Ignacio de la Llave,Economic,Medium Risk
3336,Isaac Quiroz Gastélum,45,119.82,2,656,0.44,Chihuahua,Economic,Medium Risk
3337,Alejandra Guevara Barela,43,166.98,12,576,0.31,Tamaulipas,Economic,High Risk
3338,Patricia Victoria Montañez Puga,49,90.1,1,554,0.55,Hidalgo,Economic,High Risk
3339,Alonso Armendáriz Pineda,36,385.79,8,641,0.15,Tabasco,Economic,High Risk
3340,Mario Varela,40,76.6,12,597,0.36,Puebla,Economic,High Risk
3341,Caridad Teresa Olivares González,69,534.59,43,537,0.33,Oaxaca,Economic,High Risk
3342,Héctor Amador Palacios Quintero,58,257.17,11,523,0.22,Guanajuato,Economic,High Risk
3343,Judith Irene Espinosa Curiel,43,113.53,9,656,0.32,Sinaloa,Economic,Medium Risk
3344,Lic. Óscar Cortés,55,331.19,20,625,0.47,Durango,Economic,High Risk
3345,Karla Palacios Benavídez,40,208.34,18,624,0.41,Colima,Economic,High Risk
3346,Cecilia Jimínez,21,222.22,1,555,0.56,Querétaro,Economic,High Risk
3347,Cynthia de León Verduzco,47,245.96,19,666,0.36,Nayarit,Economic,Medium Risk
3348,Natividad Ozuna Guevara,30,218.24,11,506,0.53,Tamaulipas,Economic,High Risk
3349,Citlali Saucedo,47,324.64,20,650,0.57,Querétaro,Economic,Medium Risk
3350,Berta Salcido,63,387.26,34,553,0.57,Durango,Economic,High Risk
3351,Gabino Estrada Palacios,63,419.44,39,609,0.24,Tamaulipas,Economic,High Risk
3352,Gloria Concepción Gollum Mesa,27,86.87,3,564,0.53,Tamaulipas,Economic,High Risk
3353,Fidel Javier Zambrano Hernádez,31,185.81,6,508,0.36,Nuevo León,Economic,High Risk
3354,Lic. Yolanda Cabán,47,267.38,20,648,0.45,Oaxaca,Economic,High Risk
3355,Guadalupe Polanco,62,352.19,34,555,0.57,Chiapas,Economic,High Risk
3356,Jaqueline Luna,28,199.85,1,605,0.58,Coahuila de Zaragoza,Economic,High Risk
3357,Mitzy Peres,32,192.53,5,675,0.4,Jalisco,Economic,Medium Risk
3358,Dalia Miriam Altamirano,45,243.29,23,618,0.48,Sonora,Economic,High Risk
3359,Fernando Benavídez,23,209.56,0,650,0.45,Hidalgo,Economic,Medium Risk
3360,Elisa Quiñónez,45,184.03,15,555,0.58,Distrito Federal,Economic,High Risk
3361,Bianca María Elena Rodarte Tapia,34,233.0,2,672,0.22,Guanajuato,Economic,Medium Risk
3362,Ana Esperanza Barreto,60,229.14,11,566,0.11,Chiapas,Economic,High Risk
3363,Omar Pablo Vega,37,266.47,1,546,0.21,Distrito Federal,Economic,High Risk
3364,Dr. Tomás Casanova,63,95.43,42,657,0.58,Sonora,Economic,Medium Risk
3365,Lucas Modesto Cortez,22,234.83,1,674,0.45,Tabasco,Economic,Medium Risk
3366,Ruby Franco,28,534.17,7,648,0.41,Tlaxcala,Economic,High Risk
3367,Rolando Ramiro García,66,147.54,35,589,0.44,Colima,Economic,High Risk
3368,Ricardo Cristobal del Valle Solís,35,703.97,7,596,0.5,Guerrero,Economic,High Risk
3369,Sara Mendoza,64,238.9,1,672,0.18,Oaxaca,Economic,Medium Risk
3370,Dr. Alfonso Escobedo,64,479.61,32,665,0.17,Zacatecas,Economic,Medium Risk
3371,Jonás Octavio Granados Salcido,44,108.15,16,642,0.59,Guanajuato,Economic,High Risk
3372,Horacio Jacobo Villalobos,42,84.48,8,579,0.4,Oaxaca,Economic,High Risk
3373,Pascual Abrego,37,229.27,5,507,0.37,Morelos,Economic,High Risk
3374,Julia Castellanos Briones,33,175.5,8,562,0.34,Coahuila de Zaragoza,Economic,High Risk
3375,María José Irma Leyva Sotelo,37,125.31,15,535,0.54,Sonora,Economic,High Risk
3376,Wendolin Alta  Gracia Roldán,56,464.27,3,633,0.28,Zacatecas,Economic,High Risk
3377,Santiago Roberto Castellanos,62,193.64,22,584,0.43,Distrito Federal,Economic,High Risk
3378,Aldo Renato Apodaca Olivo,46,314.47,9,565,0.45,Oaxaca,Economic,High Risk
3379,Carmen Garza Soto,57,175.44,29,561,0.52,Yucatán,Economic,High Risk
3380,Daniel Velázquez,51,254.2,19,586,0.5,Tabasco,Economic,High Risk
3381,Adela Andrea Zayas,37,216.05,7,558,0.5,Veracruz de Ignacio de la Llave,Economic,High Risk
3382,Julio César Malave,32,201.97,0,630,0.38,México,Economic,High Risk
3383,Guillermo Nava Elizondo,49,160.56,17,603,0.13,Guanajuato,Economic,High Risk
3384,Jacinto Ceballos Villalpando,40,147.77,13,663,0.32,Veracruz de Ignacio de la Llave,Economic,Medium Risk
3385,José María Mota Cardenas,22,156.8,0,556,0.37,Colima,Economic,High Risk
3386,Irma Julia Villalpando Escamilla,32,185.28,0,627,0.55,Nayarit,Economic,High Risk
3387,Nicolás Gustavo Esquivel,27,170.45,0,674,0.56,Baja California,Economic,Medium Risk
3388,Teresa Santacruz Romo,22,316.69,0,678,0.58,Sonora,Economic,Medium Risk
3389,Ana María Rosario Manzanares,60,190.89,29,626,0.56,Jalisco,Economic,High Risk
3390,Florencia Santiago,40,120.11,1,592,0.19,Jalisco,Economic,High Risk
3391,María Luisa Conchita Hernádez,28,285.64,9,667,0.13,Nayarit,Economic,Medium Risk
3392,Lourdes Olivares,46,167.46,3,640,0.16,Nayarit,Economic,High Risk
3393,Zeferino Luis Rodarte Rivera,26,292.4,0,558,0.27,Puebla,Economic,High Risk
3394,Javier Jesús Barrios Ceja,31,146.06,7,540,0.56,Puebla,Economic,High Risk
3395,Pamela Estefanía Mondragón,41,418.81,5,510,0.39,Sinaloa,Economic,High Risk
3396,Marisela Frida Aguilar Salgado,34,110.42,7,676,0.11,Guerrero,Economic,Medium Risk
3397,Srita. Teresa León,45,178.75,20,668,0.23,Tabasco,Economic,Medium Risk
3398,Rodolfo Leonel Moreno Arenas,70,242.89,41,628,0.58,Distrito Federal,Economic,High Risk
3399,Ing. Carolina Portillo,66,214.82,34,610,0.55,Jalisco,Economic,High Risk
3400,Bianca Jimínez Carbajal,61,346.18,6,604,0.28,Michoacán de Ocampo,Economic,High Risk
3401,Marisela Piña Marín,50,281.25,25,553,0.18,Chihuahua,Economic,High Risk
3402,Estela Alcala,24,,1,653,0.43,Jalisco,Economic,Medium Risk
3403,Tomás Venegas Campos,28,326.49,3,629,0.54,Oaxaca,Economic,High Risk
3404,Mario Cavazos Villa,43,139.91,17,552,0.4,Michoacán de Ocampo,Economic,High Risk
3405,Modesto Ángel Tello Rangel,37,437.89,13,533,0.13,Zacatecas,Economic,High Risk
3406,Lic. Noelia Gálvez,25,495.42,3,504,0.26,Oaxaca,Economic,High Risk
3407,Mateo López Lozano,37,393.66,6,535,0.34,Tlaxcala,Economic,High Risk
3408,José Luis Dueñas,65,191.1,18,545,0.21,Tlaxcala,Economic,High Risk
3409,María Tirado Rodrígez,46,294.12,26,522,0.13,Oaxaca,Economic,High Risk
3410,Carolina Montez Espino,33,,1,671,0.5,Hidalgo,Economic,Medium Risk
3411,Tomás Cuellar,21,476.59,0,623,0.18,Chiapas,Economic,High Risk
3412,Lic. Natalia Reynoso,26,107.27,1,516,0.47,Sinaloa,Economic,High Risk
3413,Julio César Terán,58,165.3,26,619,0.31,Coahuila de Zaragoza,Economic,High Risk
3414,Rufino Pedro Varela,63,165.5,1,646,0.5,Zacatecas,Economic,High Risk
3415,Sra. María Teresa Maldonado,24,100.66,0,549,0.46,Puebla,Economic,High Risk
3416,Lic. Beatriz Miramontes,59,140.64,1,582,0.13,Zacatecas,Economic,High Risk
3417,Elisa Negrete Carmona,41,737.39,15,546,0.15,Oaxaca,Economic,High Risk
3418,Eva Montañez,46,126.6,20,562,0.13,Campeche,Economic,High Risk
3419,Berta Patricia Martínez,60,193.42,20,646,0.21,Guerrero,Economic,High Risk
3420,Natalia Nancy Valladares Espinoza,56,193.53,21,583,0.27,Nuevo León,Economic,High Risk
3421,Zacarías Zavala,61,,16,616,0.28,Tabasco,Economic,High Risk
3422,Dulce Pilar Cepeda,40,194.82,11,538,0.3,Chiapas,Economic,High Risk
3423,Srita. Leonor Urbina,51,231.71,3,587,0.56,Michoacán de Ocampo,Economic,High Risk
3424,María del Carmen Castillo Solano,21,188.61,0,586,0.19,Guanajuato,Economic,High Risk
3425,Federico Leonardo Zambrano Cortés,30,304.41,0,670,0.6,Colima,Economic,Medium Risk
3426,Wilfrido Alvaro Rendón Posada,39,256.4,8,590,0.49,Tabasco,Economic,High Risk
3427,Lic. Homero Lebrón,45,264.75,24,602,0.6,Colima,Economic,High Risk
3428,Abril Concepción Méndez Aguilera,55,334.27,2,524,0.22,Yucatán,Economic,High Risk
3429,Jonás Julio César Nieto Casanova,64,194.39,29,680,0.58,Sonora,Economic,Medium Risk
3430,Alta  Gracia Segovia,46,122.69,6,604,0.29,Nayarit,Economic,High Risk
3431,Yeni Olga Herrera,29,326.47,6,514,0.1,Querétaro,Economic,High Risk
3432,Silvano Rentería Mejía,21,310.35,1,510,0.43,Baja California Sur,Economic,High Risk
3433,Esteban Flavio Palacios,44,432.42,19,522,0.51,Guanajuato,Economic,High Risk
3434,Miriam Judith Carrera,39,339.67,18,601,0.38,Jalisco,Economic,High Risk
3435,Celia Lemus Rodríguez,53,273.86,24,613,0.33,Chihuahua,Economic,High Risk
3436,Ing. Antonia Navarrete,68,256.57,18,639,0.41,Hidalgo,Economic,High Risk
3437,Tania Escobedo,28,720.11,9,645,0.49,Aguascalientes,Economic,High Risk
3438,Sra. Margarita de la Torre,70,121.94,48,528,0.31,Puebla,Economic,High Risk
3439,Sr. Claudio Carranza,35,174.64,2,635,0.57,Coahuila de Zaragoza,Economic,High Risk
3440,Bernabé Abelardo Villarreal Crespo,60,117.34,33,615,0.48,Sonora,Economic,High Risk
3441,Ing. Joaquín Chávez,40,118.29,10,636,0.11,Morelos,Economic,High Risk
3442,Amador Garay Cortez,36,94.39,8,673,0.17,San Luis Potosí,Economic,Medium Risk
3443,Beatriz Blanca Galindo,48,181.45,24,630,0.56,Nayarit,Economic,High Risk
3444,Porfirio Bétancourt Santana,38,193.8,19,531,0.45,Veracruz de Ignacio de la Llave,Economic,High Risk
3445,Dr. Mateo Concepción,22,331.55,0,644,0.25,Guanajuato,Economic,High Risk
3446,Benito Meraz,47,333.2,15,566,0.22,Guerrero,Economic,High Risk
3447,Andrés Mariano Delgado,38,130.84,2,629,0.51,Oaxaca,Economic,High Risk
3448,Celia Barrios Acevedo,56,396.17,33,556,0.15,Hidalgo,Economic,High Risk
3449,Rodolfo Girón Malave,64,190.52,11,552,0.33,Morelos,Economic,High Risk
3450,Miguel Benítez,50,395.63,6,591,0.52,Tlaxcala,Economic,High Risk
3451,Irma Dalia Murillo Torres,39,150.86,5,660,0.42,Puebla,Economic,Medium Risk
3452,Araceli Rocío Mora Benavides,29,217.14,2,589,0.46,Puebla,Economic,High Risk
3453,Antonia Mitzy Gonzales Rincón,38,149.22,17,628,0.32,Yucatán,Economic,High Risk
3454,Iván Sanabria,41,84.26,4,619,0.36,Puebla,Economic,High Risk
3455,Zacarías Ortiz,58,498.98,5,627,0.24,Morelos,Economic,High Risk
3456,Nadia Alva,41,208.42,11,605,0.4,Tamaulipas,Economic,High Risk
3457,Nayeli Romo,43,626.21,7,521,0.5,Yucatán,Economic,High Risk
3458,Bianca Nava Torres,59,483.25,7,604,0.39,Hidalgo,Economic,High Risk
3459,Mauro César Carreón Benítez,21,257.22,0,636,0.5,Guanajuato,Economic,High Risk
3460,Silvano Olivera,29,228.64,7,601,0.37,Oaxaca,Economic,High Risk
3461,Lucía Pilar Guardado Galván,24,317.52,0,538,0.12,Zacatecas,Economic,High Risk
3462,María Cristina Luisa Guerrero,68,132.53,47,633,0.49,Oaxaca,Economic,High Risk
3463,Patricio Ramón Molina,23,324.53,0,535,0.4,Jalisco,Economic,High Risk
3464,Sr. Juan Miramontes,22,246.89,0,614,0.38,Chihuahua,Economic,High Risk
3465,Julio César Gaitán Escobar,26,97.79,3,585,0.12,Veracruz de Ignacio de la Llave,Economic,High Risk
3466,Rebeca María Elena Amaya Segovia,45,82.94,23,632,0.32,Nayarit,Economic,High Risk
3467,Sra. Ivonne Viera,27,283.99,2,580,0.57,Tabasco,Economic,High Risk
3468,Marisela Arriaga Salcido,64,174.66,28,640,0.56,Chihuahua,Economic,High Risk
3469,Miguel Ángel Modesto Pichardo Lebrón,59,203.96,35,595,0.41,Chihuahua,Economic,High Risk
3470,Luisa Briseño,42,136.16,12,571,0.2,Campeche,Economic,High Risk
3471,Norma Rocío Tejeda,40,200.27,14,666,0.44,Colima,Economic,Medium Risk
3472,Adán Emilio Velázquez,22,551.42,2,628,0.12,Guerrero,Economic,High Risk
3473,Frida Berríos Ortiz,46,193.31,8,680,0.11,Sonora,Economic,Medium Risk
3474,Diego Barreto,59,125.32,19,550,0.21,Puebla,Economic,High Risk
3475,Dr. Raúl Villegas,31,65.92,5,636,0.21,Nuevo León,Economic,High Risk
3476,Laura Segura Vásquez,30,174.52,9,577,0.44,Baja California,Economic,High Risk
3477,Judith Cano Aguilar,53,443.14,18,672,0.12,Aguascalientes,Economic,Medium Risk
3478,Dr. Luis Correa,65,499.14,5,584,0.41,Hidalgo,Economic,High Risk
3479,Sr. José María Villa,26,207.49,3,579,0.53,Baja California Sur,Economic,High Risk
3480,Dulce Serrato,54,301.9,7,654,0.27,Chiapas,Economic,Medium Risk
3481,María Ana María Olvera,48,141.41,1,593,0.54,Chiapas,Economic,High Risk
3482,José Saldaña,27,172.09,7,570,0.18,Nayarit,Economic,High Risk
3483,Jorge Sergio Becerra Jaimes,54,267.9,18,638,0.31,Coahuila de Zaragoza,Economic,High Risk
3484,Ing. Francisco Javier Delgadillo,40,149.86,18,611,0.35,San Luis Potosí,Economic,High Risk
3485,Tania Velasco,33,388.34,8,537,0.57,Yucatán,Economic,High Risk
3486,Sra. Berta Puente,60,341.68,5,542,0.38,Chiapas,Economic,High Risk
3487,Guillermo Lucio,32,217.2,0,654,0.25,Jalisco,Economic,Medium Risk
3488,Ing. Luis Miguel Cervantes,41,308.54,13,527,0.56,Puebla,Economic,High Risk
3489,Gabino Ricardo Gamez,37,278.66,9,645,0.42,Baja California,Economic,High Risk
3490,Rubén Enrique Terán Meraz,23,160.21,0,574,0.21,México,Economic,High Risk
3491,Alberto Modesto Esparza,28,203.09,1,647,0.38,Puebla,Economic,High Risk
3492,José Carlos Genaro Sisneros,22,179.39,0,627,0.56,Sinaloa,Economic,High Risk
3493,Juan Ramiro Peres Almanza,23,275.15,3,533,0.33,Sinaloa,Economic,High Risk
3494,Espartaco Lira,51,279.6,22,527,0.29,Baja California,Economic,High Risk
3495,Reynaldo Berríos Sisneros,22,295.26,2,661,0.59,Chihuahua,Economic,Medium Risk
3496,Ilse Vanesa Rodarte,32,160.52,1,655,0.28,Nayarit,Economic,Medium Risk
3497,Srita. Marisela Dávila,48,102.4,7,643,0.15,Coahuila de Zaragoza,Economic,High Risk
3498,Renato Quintero,61,192.76,33,503,0.25,Chiapas,Economic,High Risk
3499,Fidel Núñez,22,262.0,3,666,0.42,Guerrero,Economic,Medium Risk
3500,José Gil,48,258.33,21,566,0.16,Zacatecas,Economic,High Risk
3501,José Eduardo Gabriel Soria Quiroz,24,104.8,2,534,0.25,Quintana Roo,Economic,High Risk
3502,Sonia Yuridia de la Fuente Pantoja,69,399.54,6,624,0.39,Nayarit,Economic,High Risk
3503,Aldonza Avilés Nava,40,198.57,10,623,0.22,Guerrero,Economic,High Risk
3504,Silvano Leal,27,341.65,7,530,0.54,Sonora,Economic,High Risk
3505,Sr. Antonio Benavídez,40,475.58,3,523,0.18,Nuevo León,Economic,High Risk
3506,José Emilio Roybal García,48,384.81,20,569,0.39,Oaxaca,Economic,High Risk
3507,Judith Hurtado,29,121.14,3,596,0.43,Jalisco,Economic,High Risk
3508,Daniel de la Crúz,59,224.25,34,655,0.21,Querétaro,Economic,Medium Risk
3509,Dr. Rodolfo Tirado,44,192.15,25,609,0.37,San Luis Potosí,Economic,High Risk
3510,Mauricio Sáenz Castillo,62,152.5,17,584,0.43,Campeche,Economic,High Risk
3511,Jacobo Evelio Manzanares Aponte,51,223.72,16,644,0.52,Morelos,Economic,High Risk
3512,Georgina Villarreal,23,305.19,3,565,0.51,Baja California Sur,Economic,High Risk
3513,Isaac Teodoro Matos,42,158.02,12,572,0.34,Baja California,Economic,High Risk
3514,Srita. Marisol Uribe,21,263.24,1,583,0.28,Yucatán,Economic,High Risk
3515,Hermelinda Fabiola Ledesma,60,414.54,26,602,0.51,Veracruz de Ignacio de la Llave,Economic,High Risk
3516,Srita. Reina Escobedo,23,267.68,4,642,0.29,Hidalgo,Economic,High Risk
3517,Sofía Montenegro,21,300.75,0,614,0.48,Guerrero,Economic,High Risk
3518,Nayeli Puente Matos,34,141.66,6,655,0.22,Distrito Federal,Economic,Medium Risk
3519,Sr. Julio César Valladares,63,139.74,27,627,0.42,Tamaulipas,Economic,High Risk
3520,Arcelia Galindo Méndez,70,179.55,16,621,0.54,Campeche,Economic,High Risk
3521,Aida Ilse Quiñones,55,342.9,5,555,0.27,Guerrero,Economic,High Risk
3522,Dr. Mauricio Paz,37,145.82,3,567,0.16,Baja California,Economic,High Risk
3523,Norma Clara Esquivel Vanegas,70,180.87,29,572,0.45,Oaxaca,Economic,High Risk
3524,Luisa Esquivel,64,233.13,37,590,0.18,Baja California Sur,Economic,High Risk
3525,Lucas José Eduardo Alcántar Calderón,55,312.68,24,532,0.59,Chiapas,Economic,High Risk
3526,Gerardo Leonel Zelaya,22,198.38,2,589,0.24,Colima,Economic,High Risk
3527,Rosalia Casanova,66,531.06,24,637,0.3,Morelos,Economic,High Risk
3528,Teodoro Barrientos Mesa,21,186.61,0,632,0.39,San Luis Potosí,Economic,High Risk
3529,René Patricio Sisneros,50,297.54,6,547,0.38,Nayarit,Economic,High Risk
3530,Juan Teodoro Vega Raya,68,279.66,35,648,0.47,Aguascalientes,Economic,High Risk
3531,Miguel Ángel Rodríquez Reséndez,63,186.44,19,585,0.3,Jalisco,Economic,High Risk
3532,Ing. César Zambrano,57,256.87,30,676,0.13,Chihuahua,Economic,Medium Risk
3533,Dr. Leonardo Valencia,57,170.83,21,678,0.33,Hidalgo,Economic,Medium Risk
3534,Srita. Anabel Amaya,57,299.12,9,540,0.35,Guanajuato,Economic,High Risk
3535,Timoteo Segura,45,222.76,10,671,0.3,Guerrero,Economic,Medium Risk
3536,Israel Cardenas Feliciano,31,297.26,3,516,0.55,México,Economic,High Risk
3537,Sergio Valverde Montañez,57,440.71,14,604,0.43,Veracruz de Ignacio de la Llave,Economic,High Risk
3538,Ing. Jaime Quiñones,31,132.33,0,571,0.55,Jalisco,Economic,High Risk
3539,Elisa Perla de la Torre Brito,45,258.9,25,596,0.32,Zacatecas,Economic,High Risk
3540,Sra. Araceli Huerta,28,255.02,5,670,0.34,Michoacán de Ocampo,Economic,Medium Risk
3541,Lic. Uriel Ulibarri,59,146.81,0,582,0.23,Tabasco,Economic,High Risk
3542,Porfirio Salvador Villalpando,33,211.07,10,656,0.22,Nayarit,Economic,Medium Risk
3543,Inés Irma Vélez Samaniego,36,118.66,6,536,0.37,Quintana Roo,Economic,High Risk
3544,Bernardo Cisneros,66,317.2,30,574,0.37,Tabasco,Economic,High Risk
3545,Dr. Espartaco Griego,58,231.09,2,626,0.42,Guanajuato,Economic,High Risk
3546,Angélica Gallegos Lemus,36,323.17,18,648,0.29,Chiapas,Economic,High Risk
3547,Alfredo Ramón Solís,67,384.9,18,542,0.38,Zacatecas,Economic,High Risk
3548,Vanesa Olivia Hernádez,59,238.26,16,653,0.43,Tamaulipas,Economic,Medium Risk
3549,Rufino Reynoso Delgado,69,634.86,17,598,0.35,San Luis Potosí,Economic,High Risk
3550,Jesús Genaro Soto Pedroza,54,228.54,11,622,0.18,Oaxaca,Economic,High Risk
3551,Carla Salma Trujillo,36,162.84,5,526,0.3,Jalisco,Economic,High Risk
3552,Frida Noelia Terrazas,43,,22,614,0.6,Sinaloa,Economic,High Risk
3553,Lic. Elias Moya,58,653.62,12,647,0.53,Hidalgo,Economic,High Risk
3554,Mateo Alfonso Zaragoza Chacón,54,454.2,22,514,0.4,Zacatecas,Economic,High Risk
3555,Débora Valentín,32,208.47,3,611,0.31,Tlaxcala,Economic,High Risk
3556,Federico Modesto Rodríguez Montez,51,157.92,1,534,0.31,Chihuahua,Economic,High Risk
3557,José Emilio Darío Quesada,27,143.83,4,623,0.43,Hidalgo,Economic,High Risk
3558,Samuel Saldaña,68,125.57,22,543,0.39,Zacatecas,Economic,High Risk
3559,Patricia Esperanza Esquivel,45,239.53,17,624,0.16,Zacatecas,Economic,High Risk
3560,Alicia Barbara Anguiano Ramón,70,312.57,37,675,0.39,México,Economic,Medium Risk
3561,Rufino Arturo Barajas,45,124.88,2,621,0.37,Chihuahua,Economic,High Risk
3562,Lic. Enrique Henríquez,66,216.72,33,522,0.34,Querétaro,Economic,High Risk
3563,José Carlos Miguel Piña,57,256.67,21,631,0.4,Durango,Economic,High Risk
3564,Yolanda Blanca Aparicio Cortez,52,158.93,16,673,0.44,Colima,Economic,Medium Risk
3565,Juana Susana Salcido,52,303.03,27,629,0.44,Distrito Federal,Economic,High Risk
3566,Oswaldo Horacio Quiroz Olivares,42,145.81,8,585,0.19,Oaxaca,Economic,High Risk
3567,Ing. Horacio Concepción,25,132.88,0,652,0.2,Veracruz de Ignacio de la Llave,Economic,Medium Risk
3568,Maximiliano Manuel Barragán,40,226.34,8,515,0.35,Puebla,Economic,High Risk
3569,Daniel Granado Arenas,52,347.12,30,537,0.48,Sonora,Economic,High Risk
3570,Jesús Daniel Solís Nieves,21,209.64,0,534,0.5,Guerrero,Economic,High Risk
3571,Ana Velásquez Arreola,22,185.82,1,514,0.42,San Luis Potosí,Economic,High Risk
3572,Dr. Rafaél Avilés,55,287.52,32,605,0.56,Yucatán,Economic,High Risk
3573,Lic. Óliver Casárez,55,333.77,35,636,0.49,Distrito Federal,Economic,High Risk
3574,Antonio Genaro Segura,51,254.15,23,526,0.47,Tamaulipas,Economic,High Risk
3575,Elisa Pizarro Pabón,64,134.78,32,533,0.53,Sinaloa,Economic,High Risk
3576,Sra. Catalina Cordero,60,152.99,21,528,0.24,Morelos,Economic,High Risk
3577,Teresa Vásquez Rosario,32,243.19,1,615,0.34,Puebla,Economic,High Risk
3578,Jonás Flavio Gálvez Ceja,24,243.95,0,605,0.54,Guerrero,Economic,High Risk
3579,Amalia Duarte,65,388.92,37,585,0.2,Chiapas,Economic,High Risk
3580,Santiago Gamez Cordero,44,191.65,11,642,0.49,Michoacán de Ocampo,Economic,High Risk
3581,José María Pedro Marrero Brito,56,107.81,12,664,0.55,Tabasco,Economic,Medium Risk
3582,Germán Chávez Ojeda,59,114.79,6,541,0.12,Chihuahua,Economic,High Risk
3583,Alvaro Muro Chavarría,39,206.51,7,598,0.41,Guerrero,Economic,High Risk
3584,Bruno Héctor Griego,62,76.78,10,560,0.14,Baja California,Economic,High Risk
3585,Luisa Segovia,59,144.36,31,522,0.19,Morelos,Economic,High Risk
3586,Alicia Isabel Negrón Báez,35,248.41,6,538,0.38,Campeche,Economic,High Risk
3587,Dr. Gregorio Parra,50,192.3,2,528,0.31,Coahuila de Zaragoza,Economic,High Risk
3588,Juan Ángel Sánchez Almanza,67,203.41,24,660,0.53,Coahuila de Zaragoza,Economic,Medium Risk
3589,Ricardo Olivera,56,412.05,20,595,0.43,Jalisco,Economic,High Risk
3590,Isabela Caballero,44,132.06,16,500,0.31,Nuevo León,Economic,High Risk
3591,Wendolin Antonia Aparicio Domínguez,35,187.67,3,537,0.44,Aguascalientes,Economic,High Risk
3592,Alfredo Niño Arriaga,48,143.87,4,562,0.52,Morelos,Economic,High Risk
3593,Silvia Martha Urrutia,28,131.63,5,582,0.53,Hidalgo,Economic,High Risk
3594,Violeta María Ramos Garrido,40,203.02,9,522,0.32,San Luis Potosí,Economic,High Risk
3595,Óscar Altamirano Lozada,21,51.08,3,596,0.25,Hidalgo,Economic,High Risk
3596,Helena Ana Luisa Lemus Sevilla,66,140.54,39,555,0.36,Quintana Roo,Economic,High Risk
3597,Olga Sarabia Rael,56,275.41,22,624,0.38,Puebla,Economic,High Risk
3598,Lucía Conchita Aponte Zambrano,32,218.48,0,540,0.3,Baja California Sur,Economic,High Risk
3599,Carla Úrsula Quezada Roque,50,124.89,15,606,0.36,Guerrero,Economic,High Risk
3600,Ángela Bonilla Acuña,39,189.53,4,538,0.33,Tamaulipas,Economic,High Risk
3601,Juan Carlos Dueñas Estrada,57,155.55,32,573,0.28,Hidalgo,Economic,High Risk
3602,Eugenia Portillo Osorio,38,303.21,6,671,0.24,Sonora,Economic,Medium Risk
3603,Alta  Gracia Natividad Santana,61,75.3,34,563,0.42,San Luis Potosí,Economic,High Risk
3604,Luis Isaac Barrera,57,266.01,20,515,0.16,Quintana Roo,Economic,High Risk
3605,Daniela Madera,25,311.03,0,619,0.25,Sinaloa,Economic,High Risk
3606,Sra. Delia Quiñones,65,262.76,18,569,0.46,Hidalgo,Economic,High Risk
3607,Elena Soledad Armas,50,218.4,23,600,0.33,Querétaro,Economic,High Risk
3608,Andrea Carla Heredia,66,,40,592,0.23,Coahuila de Zaragoza,Economic,High Risk
3609,Pascual Paz Rangel,61,110.06,15,676,0.46,Durango,Economic,Medium Risk
3610,Estefanía Alma Arguello Tejeda,36,138.88,13,657,0.17,Guanajuato,Economic,Medium Risk
3611,Agustín Santiago Mascareñas,21,278.27,0,654,0.19,Tamaulipas,Economic,Medium Risk
3612,Jesús Véliz,42,505.52,7,579,0.28,Aguascalientes,Economic,High Risk
3613,Martha Camacho,25,297.46,0,527,0.44,Aguascalientes,Economic,High Risk
3614,Marisol Montañez,34,210.13,2,597,0.52,Aguascalientes,Economic,High Risk
3615,Miguel Marrero Toledo,23,301.41,0,585,0.17,México,Economic,High Risk
3616,Srita. Rosalia Navarrete,27,301.94,2,596,0.21,Morelos,Economic,High Risk
3617,Ariadna Alonzo,45,187.88,7,676,0.59,Morelos,Economic,Medium Risk
3618,Lic. Cynthia Orellana,57,221.44,8,554,0.35,Morelos,Economic,High Risk
3619,Isaac Armando Esquibel Santacruz,37,445.16,14,635,0.42,Aguascalientes,Economic,High Risk
3620,Hermelinda Ariadna Frías,69,378.8,26,631,0.33,Tamaulipas,Economic,High Risk
3621,Dr. José Carlos Montenegro,28,139.41,1,568,0.16,Guerrero,Economic,High Risk
3622,Isabel Venegas Alvarado,31,311.08,0,664,0.11,Nuevo León,Economic,Medium Risk
3623,Dr. Javier Contreras,56,178.43,4,531,0.45,Tabasco,Economic,High Risk
3624,Sra. Marisol Villaseñor,43,213.31,10,660,0.5,Zacatecas,Economic,Medium Risk
3625,Anabel Aranda Valdivia,59,261.95,4,662,0.59,Coahuila de Zaragoza,Economic,Medium Risk
3626,María Luisa Cadena Castañeda,62,160.03,14,575,0.47,Colima,Economic,High Risk
3627,Porfirio Gaona,61,284.12,24,528,0.53,Quintana Roo,Economic,High Risk
3628,Angélica Loya,24,274.24,2,568,0.56,Durango,Economic,High Risk
3629,Marisol Colunga,58,223.37,13,633,0.5,Morelos,Economic,High Risk
3630,Itzel Carrasco,57,299.71,7,578,0.13,Querétaro,Economic,High Risk
3631,Adán Javier Villalobos Briseño,63,323.65,38,672,0.24,Tlaxcala,Economic,Medium Risk
3632,Srita. Ángela Casillas,34,260.35,1,588,0.45,Zacatecas,Economic,High Risk
3633,Reina Yeni Santana,50,275.71,23,650,0.56,Tabasco,Economic,Medium Risk
3634,Lucas Alonso,68,192.42,18,673,0.15,Zacatecas,Economic,Medium Risk
3635,Julia Fonseca,41,230.56,14,667,0.44,Guerrero,Economic,Medium Risk
3636,Sr. Reynaldo Altamirano,31,434.26,4,535,0.3,Campeche,Economic,High Risk
3637,Rodolfo Jimínez Calderón,33,99.72,3,642,0.5,San Luis Potosí,Economic,High Risk
3638,Sr. Teodoro Luevano,29,137.75,1,579,0.58,Tlaxcala,Economic,High Risk
3639,Gloria Jaqueline Cortés Benítez,36,178.09,1,508,0.48,Colima,Economic,High Risk
3640,Paola Noelia Castillo Barreto,66,292.52,23,612,0.23,Tlaxcala,Economic,High Risk
3641,Trinidad Estefanía Flores,55,250.03,12,645,0.3,San Luis Potosí,Economic,High Risk
3642,Amador José Emilio Batista Mendoza,57,239.64,2,517,0.5,Tamaulipas,Economic,High Risk
3643,Emiliano Felix Ulibarri González,41,252.65,6,622,0.14,Morelos,Economic,High Risk
3644,Aldonza Paola Lugo,62,210.47,4,578,0.15,Baja California,Economic,High Risk
3645,Dr. Reynaldo Zúñiga,36,346.94,17,508,0.58,Campeche,Economic,High Risk
3646,Teodoro Genaro Cornejo,57,143.29,8,527,0.34,Tlaxcala,Economic,High Risk
3647,Jaqueline Barela Laboy,26,211.25,0,590,0.17,Baja California Sur,Economic,High Risk
3648,Rebeca Verónica Porras,30,340.64,7,671,0.38,Michoacán de Ocampo,Economic,Medium Risk
3649,Cristobal Carvajal Gallegos,43,111.64,11,530,0.13,Zacatecas,Economic,High Risk
3650,Karla Pilar Terrazas Casillas,57,254.56,12,534,0.45,Guanajuato,Economic,High Risk
3651,Wilfrido Pacheco Díaz,23,154.76,0,501,0.36,Tamaulipas,Economic,High Risk
3652,Hermelinda Soledad Patiño Lozada,66,111.21,2,506,0.58,Oaxaca,Economic,High Risk
3653,Alvaro Juan Vega,30,167.04,1,579,0.24,Tlaxcala,Economic,High Risk
3654,Lilia Paredes Iglesias,48,283.11,18,656,0.27,Zacatecas,Economic,Medium Risk
3655,Abril Núñez,37,222.86,4,590,0.55,Quintana Roo,Economic,High Risk
3656,Natividad Marisela Prado Arteaga,56,296.43,15,579,0.28,Tlaxcala,Economic,High Risk
3657,Lic. Celia Patiño,38,275.53,16,612,0.37,Tabasco,Economic,High Risk
3658,Agustín Abel Navarrete,27,165.96,1,599,0.39,Puebla,Economic,High Risk
3659,Alicia Andrea Nájera,46,286.98,23,677,0.23,Hidalgo,Economic,Medium Risk
3660,Dra. Citlali Alfaro,39,198.93,3,654,0.15,Durango,Economic,Medium Risk
3661,Ing. Verónica Durán,22,179.9,4,555,0.36,México,Economic,High Risk
3662,Margarita Graciela Armenta,24,280.41,1,573,0.16,Colima,Economic,High Risk
3663,Karina Godoy Luevano,41,326.13,3,598,0.6,Jalisco,Economic,High Risk
3664,David López Parra,68,338.81,36,636,0.25,Baja California,Economic,High Risk
3665,Ángel Alfonso Colunga,38,174.61,5,640,0.2,Jalisco,Economic,High Risk
3666,Aldo Bahena Adame,37,605.83,10,583,0.43,Coahuila de Zaragoza,Economic,High Risk
3667,Ramiro Genaro Arce,60,140.18,17,541,0.39,San Luis Potosí,Economic,High Risk
3668,Srita. María José Solorio,64,412.24,23,611,0.17,Hidalgo,Economic,High Risk
3669,Dr. Silvano Sanches,56,123.84,22,588,0.18,Coahuila de Zaragoza,Economic,High Risk
3670,Genaro Óscar Pantoja Reyna,50,311.31,4,540,0.54,Oaxaca,Economic,High Risk
3671,Ing. Guillermina Delgado,48,452.76,22,522,0.2,Sonora,Economic,High Risk
3672,Ramón Genaro Gómez Padilla,62,220.74,6,502,0.23,Campeche,Economic,High Risk
3673,Esparta Peres,45,330.31,11,526,0.36,Sonora,Economic,High Risk
3674,Jorge Luis López,58,183.34,4,647,0.21,Nayarit,Economic,High Risk
3675,Ignacio Emiliano Munguía Cruz,31,130.86,6,593,0.44,Baja California Sur,Economic,High Risk
3676,Ana Luisa Carvajal Estrada,65,246.72,1,504,0.11,Baja California Sur,Economic,High Risk
3677,Mario Alfaro,48,94.28,10,511,0.3,Puebla,Economic,High Risk
3678,César Omar Gálvez,35,256.69,13,521,0.57,San Luis Potosí,Economic,High Risk
3679,Jos García,41,131.75,1,680,0.14,Quintana Roo,Economic,Medium Risk
3680,Luis Manuel Roque Villarreal,38,269.14,11,602,0.43,Baja California,Economic,High Risk
3681,Srita. Ruby Valenzuela,34,348.54,6,510,0.41,Nuevo León,Economic,High Risk
3682,Dr. Zeferino Gil,26,434.8,1,627,0.16,Aguascalientes,Economic,High Risk
3683,Mateo Rubén Viera,54,246.95,31,566,0.59,Nayarit,Economic,High Risk
3684,Salvador Alberto Espinal,47,102.61,18,548,0.43,Veracruz de Ignacio de la Llave,Economic,High Risk
3685,Alejandra Rosario Paz,47,,3,542,0.17,Campeche,Economic,High Risk
3686,Germán Soto,35,135.85,3,559,0.1,Sonora,Economic,High Risk
3687,Sofía Correa,42,154.33,10,608,0.39,Nuevo León,Economic,High Risk
3688,Débora Tejada,58,526.71,5,601,0.4,Baja California,Economic,High Risk
3689,Liliana Violeta Zepeda,42,338.79,16,621,0.4,Nayarit,Economic,High Risk
3690,Abigail Nayeli Barraza,67,120.72,43,597,0.43,Campeche,Economic,High Risk
3691,Mercedes Raquel Caraballo Briseño,21,311.32,0,515,0.5,Tamaulipas,Economic,High Risk
3692,Francisca Eugenia Lucero Quintero,34,105.36,6,516,0.34,Oaxaca,Economic,High Risk
3693,Teodoro Emilio Chavarría Flores,27,252.71,5,596,0.41,Oaxaca,Economic,High Risk
3694,Patricia Rebeca Limón Fierro,65,106.22,3,527,0.13,Nuevo León,Economic,High Risk
3695,Timoteo Orozco,33,220.99,4,527,0.48,Nayarit,Economic,High Risk
3696,Víctor Cepeda,50,123.22,4,661,0.55,Yucatán,Economic,Medium Risk
3697,Silvano Pascual Mares Rodríquez,57,140.67,18,576,0.21,Durango,Economic,High Risk
3698,Socorro Rodríguez Garica,65,384.68,20,607,0.33,Baja California Sur,Economic,High Risk
3699,Trinidad Rocío Carrillo Estrada,40,304.93,7,514,0.44,Yucatán,Economic,High Risk
3700,Dra. Frida Cervantes,24,187.22,0,582,0.54,Tamaulipas,Economic,High Risk
3701,Luisa Ivonne Esparza Vega,35,151.04,2,516,0.35,Sinaloa,Economic,High Risk
3702,Sra. Susana Arenas,27,159.62,3,567,0.13,Hidalgo,Economic,High Risk
3703,Ing. Jaime Estrada,45,390.3,16,567,0.22,Quintana Roo,Economic,High Risk
3704,Víctor Colunga,55,139.0,22,654,0.17,México,Economic,Medium Risk
3705,Leonel Rosas,61,202.19,37,503,0.48,Tamaulipas,Economic,High Risk
3706,Ing. Ignacio Reyes,65,,28,517,0.56,Campeche,Economic,High Risk
3707,Ing. Yuridia del Río,56,121.58,3,602,0.5,Yucatán,Economic,High Risk
3708,Francisco Javier Leonardo Garrido Ibarra,45,301.93,17,577,0.38,Morelos,Economic,High Risk
3709,Arturo Serrano Abreu,54,377.89,0,529,0.55,Colima,Economic,High Risk
3710,Isaac Fajardo Llamas,26,188.81,4,541,0.44,México,Economic,High Risk
3711,Aldo Maya Mateo,39,188.12,8,581,0.56,Colima,Economic,High Risk
3712,Lorena Irizarry,55,146.93,27,523,0.53,Veracruz de Ignacio de la Llave,Economic,High Risk
3713,Mayte Vaca,53,124.44,21,659,0.31,Chihuahua,Economic,Medium Risk
3714,Adela Vanesa Carrero Palacios,58,293.52,31,529,0.58,Aguascalientes,Economic,High Risk
3715,Roberto Pichardo Lozano,62,141.81,18,532,0.18,Michoacán de Ocampo,Economic,High Risk
3716,Serafín Trejo Samaniego,24,278.99,0,647,0.18,Chihuahua,Economic,High Risk
3717,Aurelio José Carlos Pabón,66,293.19,29,596,0.58,Veracruz de Ignacio de la Llave,Economic,High Risk
3718,Salvador Páez Rosado,59,209.5,0,593,0.3,Guanajuato,Economic,High Risk
3719,Silvia Isabela Mayorga Garay,30,222.18,4,642,0.14,Campeche,Economic,High Risk
3720,Noelia Susana Arias Regalado,47,355.66,2,660,0.32,Puebla,Economic,Medium Risk
3721,Hernán Carbajal Mercado,34,151.23,5,566,0.21,Baja California,Economic,High Risk
3722,Georgina Marisela Muro,53,262.68,2,590,0.29,Nayarit,Economic,High Risk
3723,Josefina Helena Guillen,58,243.95,33,553,0.41,Guerrero,Economic,High Risk
3724,Antonia Hernádez,42,316.86,16,561,0.49,Sonora,Economic,High Risk
3725,Rosario Minerva Marrero Escobedo,36,256.6,6,565,0.14,Zacatecas,Economic,High Risk
3726,Gabriel Cornejo Ruelas,56,199.69,7,524,0.32,Sinaloa,Economic,High Risk
3727,Itzel Aguayo,66,236.32,5,536,0.32,Puebla,Economic,High Risk
3728,Lorena Sara Olmos,60,419.6,27,530,0.14,Michoacán de Ocampo,Economic,High Risk
3729,Delia Anabel Lugo,65,223.83,28,648,0.2,Nayarit,Economic,High Risk
3730,Gilberto Alfonso Almanza,65,372.47,18,569,0.21,Oaxaca,Economic,High Risk
3731,Espartaco Corona,41,193.41,0,611,0.49,Guanajuato,Economic,High Risk
3732,Gonzalo Cristobal Peralta,52,371.69,14,538,0.29,Tamaulipas,Economic,High Risk
3733,Rosa María Cristina Saiz,44,189.9,11,588,0.28,México,Economic,High Risk
3734,Sra. Carolina Palacios,28,246.05,2,534,0.14,Jalisco,Economic,High Risk
3735,Alfredo Rangel,64,147.3,30,584,0.21,Sonora,Economic,High Risk
3736,Vicente Vásquez,25,130.1,0,674,0.46,Coahuila de Zaragoza,Economic,Medium Risk
3737,Joaquín Corral Huerta,58,177.65,13,648,0.35,Tlaxcala,Economic,High Risk
3738,Estela Correa,21,165.11,0,661,0.57,Nayarit,Economic,Medium Risk
3739,Elias Marco Antonio Ayala Lozada,46,280.28,19,638,0.25,Puebla,Economic,High Risk
3740,Ing. Rufino Villa,42,169.01,18,551,0.31,Nuevo León,Economic,High Risk
3741,Ricardo Armendáriz,27,478.08,5,587,0.33,Chiapas,Economic,High Risk
3742,Graciela Gurule,22,309.84,0,544,0.41,Guerrero,Economic,High Risk
3743,Rodolfo Rolando Herrera Almonte,24,57.44,0,511,0.52,Quintana Roo,Economic,High Risk
3744,Sr. Rolando Carrillo,52,219.67,16,527,0.22,Campeche,Economic,High Risk
3745,Wilfrido Lugo Salgado,54,178.28,22,560,0.13,Distrito Federal,Economic,High Risk
3746,Clara Dalia Orta Madera,48,201.11,13,608,0.11,Jalisco,Economic,High Risk
3747,Catalina Jáquez,23,377.16,3,659,0.37,Chihuahua,Economic,Medium Risk
3748,Susana Arcelia Gallardo,24,132.96,3,509,0.12,Guanajuato,Economic,High Risk
3749,Luz Sandra Mendoza Regalado,45,186.24,10,629,0.52,Baja California,Economic,High Risk
3750,Ing. Elisa Valencia,32,225.2,0,543,0.43,Querétaro,Economic,High Risk
3751,Sonia Francisca Segovia,41,252.09,3,647,0.29,Querétaro,Economic,High Risk
3752,Anabel Navarrete Estrada,55,207.02,21,593,0.41,Colima,Economic,High Risk
3753,Oswaldo Ledesma Navarro,63,238.4,31,501,0.48,Querétaro,Economic,High Risk
3754,Alonso Rico Saldivar,37,255.0,8,527,0.45,Tamaulipas,Economic,High Risk
3755,Eric Navarro Sauceda,42,179.56,16,609,0.52,Morelos,Economic,High Risk
3756,Bianca Flórez,54,228.02,22,549,0.4,Puebla,Economic,High Risk
3757,Cristina Salinas,34,467.02,5,581,0.19,Tabasco,Economic,High Risk
3758,Ing. Óliver Corona,27,245.65,0,638,0.21,Campeche,Economic,High Risk
3759,Ing. María José Esquivel,49,179.97,22,541,0.49,Zacatecas,Economic,High Risk
3760,Ing. Francisca Cisneros,25,,4,618,0.22,Baja California Sur,Economic,High Risk
3761,Pamela Villagómez Collazo,31,246.29,5,636,0.37,México,Economic,High Risk
3762,Gustavo Polanco,61,175.86,26,587,0.26,Tabasco,Economic,High Risk
3763,Minerva Dávila Altamirano,27,168.12,2,665,0.11,Hidalgo,Economic,Medium Risk
3764,Camilo Gálvez,58,157.12,26,579,0.23,Distrito Federal,Economic,High Risk
3765,Noemí Casillas,52,354.34,25,537,0.55,Baja California Sur,Economic,High Risk
3766,Dr. Omar Alfaro,32,187.25,5,598,0.31,Zacatecas,Economic,High Risk
3767,Dr. Emilio Casanova,40,122.43,17,610,0.36,Veracruz de Ignacio de la Llave,Economic,High Risk
3768,Amanda Ojeda,52,532.22,14,607,0.57,Yucatán,Economic,High Risk
3769,Esteban Mauricio Saldaña,26,425.44,3,553,0.17,Chihuahua,Economic,High Risk
3770,Patricia Cristina Lugo Zayas,38,160.13,18,663,0.31,Oaxaca,Economic,Medium Risk
3771,Patricio Tamayo,52,260.43,17,577,0.59,San Luis Potosí,Economic,High Risk
3772,Elsa Cristal Saavedra,37,267.74,6,522,0.19,Aguascalientes,Economic,High Risk
3773,Dr. Mariano Centeno,52,204.45,23,617,0.55,Guanajuato,Economic,High Risk
3774,Ángel Gálvez,27,319.93,2,679,0.17,Campeche,Economic,Medium Risk
3775,Sra. Teresa Linares,32,253.25,9,649,0.39,San Luis Potosí,Economic,High Risk
3776,Ramiro Julio César Corona,29,256.41,8,662,0.33,Guanajuato,Economic,Medium Risk
3777,Gerónimo Wilfrido Almonte Soliz,46,392.38,3,555,0.25,Quintana Roo,Economic,High Risk
3778,Caridad Ibarra,62,223.47,23,572,0.56,Aguascalientes,Economic,High Risk
3779,Srita. Lucía Berríos,33,467.48,7,632,0.57,Durango,Economic,High Risk
3780,José Manuél Antonio Rael,54,207.6,15,593,0.19,Tlaxcala,Economic,High Risk
3781,Conchita Valenzuela Galván,39,302.37,6,605,0.3,Oaxaca,Economic,High Risk
3782,Timoteo Colón Romero,58,261.0,22,664,0.42,Querétaro,Economic,Medium Risk
3783,Miguel Ángel Germán Segura Rivera,43,151.07,1,572,0.26,Zacatecas,Economic,High Risk
3784,Sr. Ernesto Ornelas,21,393.22,0,512,0.46,Tlaxcala,Economic,High Risk
3785,Homero Camilo Molina Almonte,42,150.75,15,544,0.26,Tabasco,Economic,High Risk
3786,Martín Padrón Tejeda,60,188.89,18,501,0.44,México,Economic,High Risk
3787,Ing. Victoria Rentería,53,160.42,24,604,0.56,Yucatán,Economic,High Risk
3788,Lic. Yuridia Limón,34,215.96,1,532,0.25,San Luis Potosí,Economic,High Risk
3789,Esmeralda Rodarte,38,288.58,15,519,0.58,Baja California,Economic,High Risk
3790,Emilia Vanesa Fierro Moreno,21,263.08,0,527,0.19,Veracruz de Ignacio de la Llave,Economic,High Risk
3791,Ing. Susana Dávila,46,157.99,2,657,0.38,Veracruz de Ignacio de la Llave,Economic,Medium Risk
3792,Lic. Pamela Navarro,58,215.91,30,538,0.17,Zacatecas,Economic,High Risk
3793,Samuel Haro Benavides,27,147.75,2,539,0.23,Coahuila de Zaragoza,Economic,High Risk
3794,Benito Ruelas,61,274.34,18,534,0.59,Morelos,Economic,High Risk
3795,Daniel Enrique Urbina,70,275.88,32,545,0.4,Distrito Federal,Economic,High Risk
3796,Oswaldo Cornelio Soliz Armendáriz,37,107.85,13,666,0.56,Guerrero,Economic,Medium Risk
3797,Abraham Díaz Maya,25,170.2,3,578,0.5,Colima,Economic,High Risk
3798,Tomás José María Rael Godínez,53,252.95,6,612,0.52,Veracruz de Ignacio de la Llave,Economic,High Risk
3799,Lic. Francisca Bernal,51,118.02,21,640,0.12,Tamaulipas,Economic,High Risk
3800,Adela Susana Romo Urrutia,70,201.45,18,586,0.51,Veracruz de Ignacio de la Llave,Economic,High Risk
3801,Minerva Quezada,51,290.67,6,616,0.55,Morelos,Economic,High Risk
3802,Zeferino Alarcón Cervántez,54,127.78,26,620,0.46,Veracruz de Ignacio de la Llave,Economic,High Risk
3803,Omar Mercado Montaño,53,187.07,15,554,0.59,Guanajuato,Economic,High Risk
3804,Pedro Arce,68,243.13,12,680,0.57,Coahuila de Zaragoza,Economic,Medium Risk
3805,Concepción Mondragón,43,174.52,9,677,0.45,Querétaro,Economic,Medium Risk
3806,Amador Eloy Romo,45,231.59,24,604,0.28,Chihuahua,Economic,High Risk
3807,Nayeli Asunción Lucio,28,167.4,2,598,0.27,Yucatán,Economic,High Risk
3808,Laura Llamas,39,225.0,11,548,0.5,Nuevo León,Economic,High Risk
3809,Linda Anel Robledo Ibarra,28,159.54,4,679,0.18,Oaxaca,Economic,Medium Risk
3810,Wendolin Montemayor Cantú,27,92.55,2,556,0.12,Baja California,Economic,High Risk
3811,Sessa Vargas Báez,35,694.62,2,630,0.16,Durango,Economic,High Risk
3812,Inés Mariana Ulibarri Ozuna,68,113.94,3,631,0.52,Tamaulipas,Economic,High Risk
3813,César Gustavo Parra Vigil,35,193.95,2,664,0.52,Campeche,Economic,Medium Risk
3814,Ana María Orozco,47,384.15,0,565,0.18,Nayarit,Economic,High Risk
3815,Alma Lourdes Prieto,27,371.45,6,669,0.47,Michoacán de Ocampo,Economic,Medium Risk
3816,Humberto Gutiérrez Beltrán,41,425.61,20,620,0.47,Veracruz de Ignacio de la Llave,Economic,High Risk
3817,Espartaco Valencia Maya,62,371.64,8,614,0.13,Querétaro,Economic,High Risk
3818,Violeta Cadena Flórez,42,399.34,17,648,0.44,Puebla,Economic,High Risk
3819,Abril Vergara,23,178.65,0,532,0.2,Oaxaca,Economic,High Risk
3820,Rebeca Judith Jáquez,39,351.6,10,677,0.26,Tabasco,Economic,Medium Risk
3821,Raúl Pedro Pedroza Peña,26,93.47,1,679,0.34,Yucatán,Economic,Medium Risk
3822,Natividad Nájera,28,373.85,6,548,0.28,Coahuila de Zaragoza,Economic,High Risk
3823,Paola Berta Franco Galindo,50,70.78,12,610,0.43,Guanajuato,Economic,High Risk
3824,Andrés Rangel Solano,38,179.77,8,601,0.36,Tabasco,Economic,High Risk
3825,Agustín Valenzuela Meza,36,280.59,8,513,0.25,Zacatecas,Economic,High Risk
3826,Sra. Marcela Torres,36,196.95,7,642,0.27,Morelos,Economic,High Risk
3827,Lic. Ignacio Ureña,39,365.2,5,537,0.3,Querétaro,Economic,High Risk
3828,José Eduardo Leonardo Villarreal,55,268.57,26,531,0.5,Guerrero,Economic,High Risk
3829,Eduardo Serrano Centeno,26,201.67,1,521,0.36,Baja California,Economic,High Risk
3830,Esparta María Páez Coronado,53,238.11,20,513,0.47,Michoacán de Ocampo,Economic,High Risk
3831,Claudio Héctor Mena Zelaya,48,126.25,21,544,0.12,Durango,Economic,High Risk
3832,Lic. Ariadna Santillán,56,196.46,2,654,0.56,Yucatán,Economic,Medium Risk
3833,Srita. Noemí Alvarado,69,132.84,5,604,0.33,Guanajuato,Economic,High Risk
3834,Elvira Linda Botello Malave,24,464.71,1,679,0.12,México,Economic,Medium Risk
3835,Homero Gálvez Valenzuela,52,223.17,8,585,0.24,Campeche,Economic,High Risk
3836,Camilo Rafaél Madrigal,52,185.35,5,626,0.14,Campeche,Economic,High Risk
3837,Mario Espartaco Palacios Cabán,43,141.05,3,659,0.48,San Luis Potosí,Economic,Medium Risk
3838,Dr. Espartaco Munguía,57,374.21,12,578,0.38,Coahuila de Zaragoza,Economic,High Risk
3839,Sr. Miguel Mireles,45,140.53,8,614,0.12,Nayarit,Economic,High Risk
3840,Horacio Jaramillo,69,253.09,32,509,0.22,Nayarit,Economic,High Risk
3841,Paulina Luisa Guillen,54,119.62,31,534,0.36,Tamaulipas,Economic,High Risk
3842,Beatriz Celia Cadena Puente,29,196.86,8,626,0.19,Morelos,Economic,High Risk
3843,Cristina Jiménez,46,308.61,1,539,0.17,Quintana Roo,Economic,High Risk
3844,Adalberto Miguel Ángel Samaniego Robles,31,250.3,8,626,0.34,Baja California Sur,Economic,High Risk
3845,Alma Calderón,48,92.84,15,626,0.56,Jalisco,Economic,High Risk
3846,Manuel Iván Leal,70,,33,590,0.28,Campeche,Economic,High Risk
3847,Yeni Ariadna Rivas,34,332.66,4,663,0.35,Michoacán de Ocampo,Economic,Medium Risk
3848,Emilio Amaya Viera,35,156.35,10,510,0.35,Durango,Economic,High Risk
3849,Claudio Felipe Hernádez Aparicio,60,259.46,24,654,0.15,Veracruz de Ignacio de la Llave,Economic,Medium Risk
3850,Lilia Muñiz,52,261.1,30,620,0.34,Aguascalientes,Economic,High Risk
3851,Mateo Domínguez Heredia,36,197.58,7,585,0.46,Nuevo León,Economic,High Risk
3852,Óliver Melgar Cabrera,26,247.25,0,603,0.41,Coahuila de Zaragoza,Economic,High Risk
3853,Joaquín Duarte,25,434.97,1,549,0.59,Zacatecas,Economic,High Risk
3854,Olivia Martha Gallardo,41,328.08,10,641,0.14,Durango,Economic,High Risk
3855,Violeta Yolanda Raya,21,182.42,0,517,0.11,México,Economic,High Risk
3856,Silvia Rentería,36,347.09,1,546,0.5,Nayarit,Economic,High Risk
3857,Laura Villalpando Olivo,37,223.23,10,517,0.21,San Luis Potosí,Economic,High Risk
3858,Víctor Benjamín Leiva,33,179.26,6,619,0.2,Jalisco,Economic,High Risk
3859,Lic. Salvador López,60,193.72,34,622,0.52,Yucatán,Economic,High Risk
3860,René Salvador Villalpando,33,110.98,6,655,0.5,Nayarit,Economic,Medium Risk
3861,Nancy Marrero,54,142.93,17,618,0.29,Quintana Roo,Economic,High Risk
3862,Cecilia Dolores Anguiano,47,174.95,15,520,0.31,Guerrero,Economic,High Risk
3863,Carolina Micaela Bravo de la Rosa,64,255.69,35,549,0.42,Campeche,Economic,High Risk
3864,Oswaldo Héctor Trujillo,66,341.82,21,667,0.43,Querétaro,Economic,Medium Risk
3865,Tomás Carrión,52,520.99,16,609,0.49,Oaxaca,Economic,High Risk
3866,Ing. Trinidad Alcala,31,227.01,1,542,0.39,Hidalgo,Economic,High Risk
3867,Ing. Micaela Alcaraz,48,354.56,14,511,0.35,Coahuila de Zaragoza,Economic,High Risk
3868,Carmen Aurora Reséndez Zedillo,49,192.71,11,512,0.28,Tabasco,Economic,High Risk
3869,Antonia Alta  Gracia Aragón Salas,36,252.47,8,644,0.2,Jalisco,Economic,High Risk
3870,Dra. Elvia Torres,35,239.76,5,659,0.25,Querétaro,Economic,Medium Risk
3871,Ing. Ilse Botello,40,294.83,0,549,0.17,Puebla,Economic,High Risk
3872,Esmeralda Natalia Magaña Salcedo,37,120.95,16,515,0.41,Sinaloa,Economic,High Risk
3873,Sr. Isaac Polanco,29,314.23,10,622,0.49,Durango,Economic,High Risk
3874,René Darío Gálvez,21,809.2,0,551,0.28,San Luis Potosí,Economic,High Risk
3875,Alta  Gracia Cynthia Mireles Angulo,38,311.04,5,518,0.13,Michoacán de Ocampo,Economic,High Risk
3876,Ariadna Robles,49,170.11,16,635,0.46,Colima,Economic,High Risk
3877,Modesto Navarrete,34,272.59,4,602,0.37,Tamaulipas,Economic,High Risk
3878,Florencia Carlota Mojica,70,78.41,1,569,0.48,Tlaxcala,Economic,High Risk
3879,Bruno Jesús Crespo Carvajal,36,716.37,11,673,0.24,Durango,Economic,Medium Risk
3880,Liliana Aurora Mireles Mejía,31,229.24,10,637,0.26,Veracruz de Ignacio de la Llave,Economic,High Risk
3881,Hermelinda Castellanos,38,121.55,1,623,0.59,México,Economic,High Risk
3882,Alfonso Porras,29,247.2,7,627,0.52,Puebla,Economic,High Risk
3883,Rufino Isaac Concepción Escalante,22,319.16,1,620,0.38,Puebla,Economic,High Risk
3884,Luisa Florencia Alva,30,103.94,2,538,0.44,Puebla,Economic,High Risk
3885,Fabiola Cynthia Garza Escobedo,28,196.02,0,665,0.56,Puebla,Economic,Medium Risk
3886,Joaquín Venegas,48,223.83,24,598,0.42,Nuevo León,Economic,High Risk
3887,Dr. Tomás Quintana,58,164.9,30,547,0.12,Jalisco,Economic,High Risk
3888,Esperanza Ruby Meraz,66,289.29,44,622,0.54,Zacatecas,Economic,High Risk
3889,Dr. Alvaro Samaniego,53,183.25,12,503,0.34,Chihuahua,Economic,High Risk
3890,Sra. Camila Almonte,38,328.99,5,646,0.46,Michoacán de Ocampo,Economic,High Risk
3891,Tomás Leonardo Jurado Rosario,21,709.41,0,590,0.31,Oaxaca,Economic,High Risk
3892,Samuel Augusto Mota Sosa,65,120.48,27,517,0.43,Oaxaca,Economic,High Risk
3893,David Jacinto Acosta Figueroa,50,969.93,8,676,0.12,Tamaulipas,Economic,Medium Risk
3894,Gabino Gilberto Alcaraz,60,224.93,39,611,0.49,Tlaxcala,Economic,High Risk
3895,Isaac Olmos Marrero,46,126.33,4,634,0.43,Hidalgo,Economic,High Risk
3896,Ing. Jaime Gálvez,27,239.45,5,669,0.51,Morelos,Economic,Medium Risk
3897,Karla Florencia Magaña Calderón,23,309.98,3,607,0.28,México,Economic,High Risk
3898,Guillermo Fierro,59,281.92,21,608,0.25,Chihuahua,Economic,High Risk
3899,María Teresa Ulibarri,59,177.37,17,515,0.19,Distrito Federal,Economic,High Risk
3900,Lic. Sara Solorzano,30,96.55,6,607,0.29,Chiapas,Economic,High Risk
3901,Modesto Federico Abrego,68,170.71,43,675,0.23,Tabasco,Economic,Medium Risk
3902,Cynthia Nancy Zedillo,59,301.52,29,549,0.39,México,Economic,High Risk
3903,Jacinto Hernán Balderas,32,256.4,8,615,0.56,Oaxaca,Economic,High Risk
3904,Gerónimo Calvillo Montoya,48,209.42,23,502,0.55,Puebla,Economic,High Risk
3905,Dra. Camila Cavazos,43,117.96,17,582,0.37,Tabasco,Economic,High Risk
3906,Manuel Saiz Terán,48,92.69,19,656,0.57,Quintana Roo,Economic,Medium Risk
3907,Gabino Leonardo Lozano,58,128.85,13,590,0.36,Oaxaca,Economic,High Risk
3908,Santiago Modesto Holguín Paredes,60,176.36,19,523,0.2,Oaxaca,Economic,High Risk
3909,Sra. Andrea Pérez,54,476.84,0,566,0.56,Yucatán,Economic,High Risk
3910,Lic. Octavio Raya,34,219.22,2,665,0.28,Guerrero,Economic,Medium Risk
3911,Ana Luisa Alma de la Fuente,52,214.65,21,678,0.36,Chihuahua,Economic,Medium Risk
3912,Olga Esquibel,70,245.71,44,595,0.37,Nayarit,Economic,High Risk
3913,Cynthia Casanova Razo,61,118.16,40,519,0.13,Zacatecas,Economic,High Risk
3914,Lic. Violeta Espino,62,128.47,24,621,0.24,Chihuahua,Economic,High Risk
3915,Celia Montaño Lugo,57,205.94,4,656,0.46,Distrito Federal,Economic,Medium Risk
3916,Rufino Ortega,46,124.21,6,503,0.35,Hidalgo,Economic,High Risk
3917,Mitzy Carvajal,56,385.67,22,665,0.53,Veracruz de Ignacio de la Llave,Economic,Medium Risk
3918,Alejandro Rafaél Munguía,43,223.57,4,587,0.38,Chihuahua,Economic,High Risk
3919,Emiliano Felipe Peres,38,163.14,10,615,0.55,Sonora,Economic,High Risk
3920,Espartaco Perales Manzanares,22,208.58,0,662,0.31,Michoacán de Ocampo,Economic,Medium Risk
3921,Mateo Emiliano Alfaro Nava,66,299.59,2,677,0.4,Chihuahua,Economic,Medium Risk
3922,Andrés Amador Armenta,31,158.68,6,584,0.41,Quintana Roo,Economic,High Risk
3923,Olga Moreno,21,162.38,0,601,0.22,Puebla,Economic,High Risk
3924,Ofelia Cristina Tejada,26,155.63,3,615,0.45,Jalisco,Economic,High Risk
3925,Andrés Yáñez Badillo,51,275.13,13,664,0.37,Chiapas,Economic,Medium Risk
3926,Gonzalo Niño,66,172.0,1,612,0.51,Zacatecas,Economic,High Risk
3927,Dr. Homero Malave,52,273.54,18,567,0.49,Tabasco,Economic,High Risk
3928,Jonás Salvador Lerma,25,445.3,5,559,0.45,Baja California,Economic,High Risk
3929,Srita. Olga Córdova,28,249.92,6,678,0.31,Tlaxcala,Economic,Medium Risk
3930,Fabiola Aguirre Cuellar,67,176.57,46,521,0.45,Chiapas,Economic,High Risk
3931,Luisa Preciado Hernández,63,199.91,16,540,0.38,Sinaloa,Economic,High Risk
3932,Soledad Diana Colunga Alejandro,50,121.03,27,600,0.54,Nayarit,Economic,High Risk
3933,Srita. Itzel Montez,65,328.59,0,544,0.37,Puebla,Economic,High Risk
3934,Elvira Nevárez,38,80.52,1,671,0.4,Tlaxcala,Economic,Medium Risk
3935,Horacio Cornelio Venegas,28,292.61,7,603,0.32,Coahuila de Zaragoza,Economic,High Risk
3936,Irene Rodríguez Serna,61,463.54,24,589,0.38,Yucatán,Economic,High Risk
3937,Gloria Rebeca de la Garza Márquez,47,87.43,7,624,0.52,Morelos,Economic,High Risk
3938,Socorro Delgado Macías,51,181.96,4,595,0.28,Chiapas,Economic,High Risk
3939,Ing. José María Mascareñas,29,,6,524,0.18,Querétaro,Economic,High Risk
3940,Gonzalo Espinoza,58,153.51,18,519,0.58,Sinaloa,Economic,High Risk
3941,Srita. Silvia Terrazas,28,,5,557,0.56,Chihuahua,Economic,High Risk
3942,María Cristina Olivia Sepúlveda,65,545.9,27,635,0.43,Veracruz de Ignacio de la Llave,Economic,High Risk
3943,Salvador Franco,32,205.65,6,553,0.41,Morelos,Economic,High Risk
3944,Fabiola Sosa Pedroza,26,173.37,0,635,0.24,Aguascalientes,Economic,High Risk
3945,Florencia Curiel,48,189.95,3,619,0.43,San Luis Potosí,Economic,High Risk
3946,Porfirio Páez,57,255.29,30,554,0.29,Hidalgo,Economic,High Risk
3947,Pamela Claudia Laureano,49,437.06,24,599,0.56,Nayarit,Economic,High Risk
3948,Caridad Barbara Garza Corrales,45,208.9,11,533,0.48,Quintana Roo,Economic,High Risk
3949,Clara Luna Montalvo,39,282.31,1,523,0.18,Morelos,Economic,High Risk
3950,Reina María del Carmen Llamas Macías,38,200.52,6,559,0.12,Tabasco,Economic,High Risk
3951,Tomás Gustavo Ulibarri Galindo,63,237.98,5,634,0.44,Veracruz de Ignacio de la Llave,Economic,High Risk
3952,Lic. Manuel Santiago,23,424.51,0,593,0.36,Zacatecas,Economic,High Risk
3953,Rodolfo Vergara,22,270.36,0,559,0.16,Sonora,Economic,High Risk
3954,Ivonne Cabán Garza,65,160.08,35,654,0.31,Aguascalientes,Economic,Medium Risk
3955,Bernardo Juan Urrutia Laboy,61,161.97,14,632,0.17,Jalisco,Economic,High Risk
3956,Jos Gerardo Badillo Guevara,34,136.65,6,595,0.43,Oaxaca,Economic,High Risk
3957,Mauro Hernández,21,213.68,0,638,0.33,Oaxaca,Economic,High Risk
3958,Dr. Lucas Villarreal,68,330.01,3,663,0.58,Colima,Economic,Medium Risk
3959,Adela Mayte Muro Heredia,42,221.72,19,556,0.18,Nayarit,Economic,High Risk
3960,Isabela Sonia Santiago Terrazas,22,351.19,0,585,0.24,Zacatecas,Economic,High Risk
3961,Sr. Ernesto Arroyo,68,137.54,39,524,0.56,Tamaulipas,Economic,High Risk
3962,Inés Soliz,61,104.12,21,609,0.47,Morelos,Economic,High Risk
3963,Sr. Eric Pérez,46,382.63,10,565,0.16,Puebla,Economic,High Risk
3964,Laura Rocío Montañez Saavedra,43,257.05,10,567,0.47,Campeche,Economic,High Risk
3965,Enrique Gilberto Rodarte,40,282.05,12,615,0.48,Querétaro,Economic,High Risk
3966,Serafín Collado Macías,56,130.02,17,548,0.3,Hidalgo,Economic,High Risk
3967,Abelardo Madera,29,185.13,7,593,0.43,Yucatán,Economic,High Risk
3968,Lilia Galarza,70,238.55,23,527,0.4,Zacatecas,Economic,High Risk
3969,Gabriel Cazares Rubio,68,169.83,20,631,0.53,Michoacán de Ocampo,Economic,High Risk
3970,Claudio Montez Ulloa,63,296.5,17,678,0.14,Yucatán,Economic,Medium Risk
3971,Patricio Jorge Luis Sarabia,45,281.88,20,558,0.31,Zacatecas,Economic,High Risk
3972,Lic. Claudia Candelaria,34,115.93,5,567,0.31,Puebla,Economic,High Risk
3973,Mariano Prieto,21,233.61,0,618,0.1,Baja California Sur,Economic,High Risk
3974,María Luisa Maestas,35,122.84,6,588,0.48,San Luis Potosí,Economic,High Risk
3975,Mateo Alvaro Valles Galarza,51,281.28,1,567,0.43,Aguascalientes,Economic,High Risk
3976,Lic. Julio Escalante,39,205.81,6,526,0.28,Colima,Economic,High Risk
3977,Fidel Aragón,22,287.69,0,607,0.27,Baja California Sur,Economic,High Risk
3978,Lic. Laura Montez,29,136.45,4,598,0.18,Nuevo León,Economic,High Risk
3979,Gabino Pedro Preciado,63,137.67,24,679,0.34,Puebla,Economic,Medium Risk
3980,Emilia Marisela Bustos Valentín,66,126.44,20,680,0.18,Aguascalientes,Economic,Medium Risk
3981,Lic. Marcela Fuentes,59,204.72,33,586,0.14,Guanajuato,Economic,High Risk
3982,César Rodolfo Salazar Jimínez,61,433.86,30,677,0.47,Quintana Roo,Economic,Medium Risk
3983,Julio Campos,27,440.7,2,602,0.48,México,Economic,High Risk
3984,Esther Josefina Espinal,62,,19,596,0.22,Michoacán de Ocampo,Economic,High Risk
3985,Silvano Pacheco Lerma,42,137.9,8,531,0.46,Chiapas,Economic,High Risk
3986,Margarita Gaytán Roldán,57,117.46,6,530,0.14,Sonora,Economic,High Risk
3987,Ing. Miriam Valles,27,172.04,1,550,0.29,Yucatán,Economic,High Risk
3988,Ricardo Flavio Molina Pineda,42,176.75,13,593,0.2,Campeche,Economic,High Risk
3989,Mariano Orta Toledo,43,398.57,11,500,0.19,Zacatecas,Economic,High Risk
3990,Adriana Barrios,54,372.56,35,669,0.51,Zacatecas,Economic,Medium Risk
3991,José Eduardo José Eduardo Camarillo,24,218.13,0,579,0.28,México,Economic,High Risk
3992,Claudia Fabiola Sotelo Barela,21,132.91,0,657,0.56,San Luis Potosí,Economic,Medium Risk
3993,Porfirio Luis Miguel Cano,31,243.43,3,595,0.53,Guerrero,Economic,High Risk
3994,Alfonso Valadez,65,228.34,39,578,0.55,Distrito Federal,Economic,High Risk
3995,Gilberto Llamas Murillo,69,307.82,4,520,0.45,Chihuahua,Economic,High Risk
3996,Dr. Uriel Venegas,34,126.27,5,507,0.41,Durango,Economic,High Risk
3997,María Luisa Esquivel,27,264.01,0,581,0.42,Campeche,Economic,High Risk
3998,José Manuél Pascual Villaseñor Mejía,66,200.79,22,587,0.3,Baja California Sur,Economic,High Risk
3999,Lic. Homero Ocampo,48,189.89,24,508,0.35,Coahuila de Zaragoza,Economic,High Risk
4000,Benito Bernardo Ramón Bahena,61,270.62,5,611,0.48,Tlaxcala,Economic,High Risk
4001,María Luisa Lebrón Ferrer,65,257.67,12,640,0.28,Quintana Roo,Economic,High Risk
4002,Hernán Salgado Bétancourt,61,235.28,36,644,0.11,Aguascalientes,Economic,High Risk
4003,Bruno Ramos,46,487.67,19,574,0.25,Querétaro,Economic,High Risk
4004,Amalia Dolores Roybal,40,204.75,7,567,0.29,Sinaloa,Economic,High Risk
4005,Dra. Citlali Valenzuela,26,254.6,2,553,0.13,Zacatecas,Economic,High Risk
4006,Minerva Ochoa Sisneros,42,116.51,7,608,0.13,Baja California Sur,Economic,High Risk
4007,Violeta Eloisa Llamas Salazar,31,108.84,11,537,0.37,Distrito Federal,Economic,High Risk
4008,Yuridia Marisela Ortega,39,284.96,12,510,0.34,Guanajuato,Economic,High Risk
4009,Renato Mateo Barrientos Alva,36,297.14,4,663,0.48,Sinaloa,Economic,Medium Risk
4010,Lic. Bernabé Cotto,49,175.21,5,577,0.38,Tabasco,Economic,High Risk
4011,Sr. Maximiliano Lovato,36,115.96,14,648,0.21,Chihuahua,Economic,High Risk
4012,Barbara Norma Salcedo,70,148.8,13,583,0.22,Baja California Sur,Economic,High Risk
4013,Mariana Carolina Angulo Castro,46,289.45,11,558,0.6,Nayarit,Economic,High Risk
4014,Noelia de la Torre,24,144.1,0,515,0.3,Chiapas,Economic,High Risk
4015,Asunción Ariadna Barrientos,31,232.73,2,547,0.12,Hidalgo,Economic,High Risk
4016,Ana María Carmen Collado,50,246.34,12,511,0.11,Yucatán,Economic,High Risk
4017,Claudio Jacinto Valdez,69,523.99,6,627,0.16,Oaxaca,Economic,High Risk
4018,Mónica Guajardo,21,104.16,1,679,0.46,Guanajuato,Economic,Medium Risk
4019,Alvaro Samaniego,58,254.11,14,558,0.38,Colima,Economic,High Risk
4020,Aldonza Ferrer,24,235.38,0,541,0.23,Campeche,Economic,High Risk
4021,Victoria Montañez Razo,62,180.62,18,599,0.49,Veracruz de Ignacio de la Llave,Economic,High Risk
4022,Minerva Virginia Tórrez,27,254.4,3,599,0.31,Baja California Sur,Economic,High Risk
4023,Natalia Nelly Concepción Zapata,31,178.86,4,559,0.15,Michoacán de Ocampo,Economic,High Risk
4024,Sra. Elena Rico,30,278.86,7,545,0.39,Nuevo León,Economic,High Risk
4025,Fidel Javier Serrato,61,168.07,10,554,0.39,Oaxaca,Economic,High Risk
4026,Jacinto Adalberto Polanco Sosa,63,127.55,27,638,0.19,Morelos,Economic,High Risk
4027,María María Gallegos Colón,64,429.26,16,637,0.41,Baja California,Economic,High Risk
4028,Srita. Elvia Godínez,54,250.43,15,524,0.41,Tabasco,Economic,High Risk
4029,Lic. Adán Mata,69,227.75,2,658,0.15,Durango,Economic,Medium Risk
4030,Federico Villaseñor,26,205.08,2,665,0.58,Baja California Sur,Economic,Medium Risk
4031,Lic. Ana Luisa Castañeda,37,569.57,11,516,0.26,Campeche,Economic,High Risk
4032,Dr. Germán Alcaraz,58,328.35,14,662,0.59,Morelos,Economic,Medium Risk
4033,Óscar Bernabé Polanco Terrazas,46,269.06,1,622,0.51,Michoacán de Ocampo,Economic,High Risk
4034,Adalberto Peralta Soliz,53,427.87,28,607,0.47,Querétaro,Economic,High Risk
4035,Jaime Guillermo Alvarez Guardado,60,215.12,9,506,0.3,Durango,Economic,High Risk
4036,José Llamas,46,172.25,0,504,0.11,Morelos,Economic,High Risk
4037,Alejandra Torres Mena,51,183.38,8,554,0.13,Tabasco,Economic,High Risk
4038,Enrique Nicolás Zepeda Polanco,50,403.89,3,597,0.19,Campeche,Economic,High Risk
4039,César Silvano Guardado,29,143.68,7,665,0.51,Michoacán de Ocampo,Economic,Medium Risk
4040,Silvano Felipe Vargas Lebrón,52,146.49,27,592,0.49,México,Economic,High Risk
4041,Sr. Ángel Nava,62,236.05,25,509,0.44,Chiapas,Economic,High Risk
4042,Darío Valdivia Ayala,52,117.07,25,571,0.55,Sinaloa,Economic,High Risk
4043,Gerardo Omar Meléndez,60,193.84,25,591,0.15,Durango,Economic,High Risk
4044,Felix Aurelio Blanco,45,,25,630,0.17,Guerrero,Economic,High Risk
4045,Jerónimo Benjamín Valdés Armendáriz,63,205.9,43,656,0.39,Zacatecas,Economic,Medium Risk
4046,Fidel Mario Flórez Armendáriz,32,336.03,13,523,0.33,Querétaro,Economic,High Risk
4047,Sr. Rodrigo Godoy,45,592.9,15,630,0.2,Tabasco,Economic,High Risk
4048,Jaqueline Roldán Rosario,64,424.75,3,546,0.48,San Luis Potosí,Economic,High Risk
4049,Dra. María Elena Sosa,52,305.71,16,663,0.51,Quintana Roo,Economic,Medium Risk
4050,Citlali Osorio Prieto,56,213.27,7,565,0.17,Veracruz de Ignacio de la Llave,Economic,High Risk
4051,Dr. Víctor Gaitán,29,241.91,1,608,0.49,Nayarit,Economic,High Risk
4052,Víctor Gonzalo Galván Roque,42,335.7,12,555,0.54,Durango,Economic,High Risk
4053,Omar Sotelo,21,341.71,0,559,0.43,Oaxaca,Economic,High Risk
4054,Sr. Jonás Alejandro,61,278.37,24,641,0.55,Oaxaca,Economic,High Risk
4055,Salma Sessa Godínez Godoy,69,170.54,6,674,0.46,Campeche,Economic,Medium Risk
4056,Ariadna Clara Rascón Pelayo,43,86.29,6,519,0.54,Campeche,Economic,High Risk
4057,Rufino Rosario,26,160.36,0,662,0.19,Guanajuato,Economic,Medium Risk
4058,Sr. Zeferino Montez,22,159.31,0,617,0.42,Nuevo León,Economic,High Risk
4059,Ing. Nancy Manzanares,41,163.28,2,562,0.33,Coahuila de Zaragoza,Economic,High Risk
4060,Nicolás Luis Miguel Badillo Zayas,48,141.1,25,575,0.18,Hidalgo,Economic,High Risk
4061,Lic. Zacarías Salinas,43,276.81,17,581,0.54,Chiapas,Economic,High Risk
4062,Berta Barela,68,288.33,27,673,0.29,Durango,Economic,Medium Risk
4063,Víctor Vicente Almonte Villegas,37,423.34,16,637,0.2,Tabasco,Economic,High Risk
4064,Ignacio Homero Yáñez Montez,22,265.59,1,588,0.46,Distrito Federal,Economic,High Risk
4065,Nancy Marisol Reyes,50,167.93,17,604,0.33,Sonora,Economic,High Risk
4066,Nelly Muñiz Campos,41,105.28,21,583,0.21,Querétaro,Economic,High Risk
4067,Beatriz Matías Elizondo,32,582.13,0,631,0.17,Guerrero,Economic,High Risk
4068,Cristobal Saucedo Guevara,25,167.83,1,560,0.33,Hidalgo,Economic,High Risk
4069,María José Camila Lozano,27,292.15,8,548,0.34,Colima,Economic,High Risk
4070,Elvira Hilda Robles Gracia,37,243.82,8,519,0.48,San Luis Potosí,Economic,High Risk
4071,Pedro Pascual Heredia Rivera,31,258.46,0,541,0.18,Zacatecas,Economic,High Risk
4072,Dr. Felipe Camacho,25,189.77,2,513,0.51,Tamaulipas,Economic,High Risk
4073,Wendolin Carmona,38,192.11,0,629,0.29,Quintana Roo,Economic,High Risk
4074,Verónica Caballero,51,124.59,25,658,0.52,Colima,Economic,Medium Risk
4075,Julia Fabiola Reyna,62,152.84,23,613,0.3,Nuevo León,Economic,High Risk
4076,Alberto Adalberto Quiñones,48,158.35,17,639,0.39,Chihuahua,Economic,High Risk
4077,Mariano Pabón Terrazas,68,483.47,22,579,0.46,Querétaro,Economic,High Risk
4078,Santiago Ceballos Montalvo,24,274.18,0,546,0.2,México,Economic,High Risk
4079,Ariadna Úrsula Dueñas Ramos,48,137.01,23,563,0.37,Sinaloa,Economic,High Risk
4080,Isaac Luis Herrera Quiroz,66,126.89,10,613,0.6,Baja California Sur,Economic,High Risk
4081,Zacarías de la Crúz,45,,19,623,0.54,Morelos,Economic,High Risk
4082,Óscar Vela,33,292.79,9,555,0.49,Baja California,Economic,High Risk
4083,Mercedes Josefina Sauceda Hidalgo,57,135.2,17,606,0.21,Durango,Economic,High Risk
4084,Eugenio Claudio Salcido Griego,68,491.01,26,563,0.42,Zacatecas,Economic,High Risk
4085,Lic. Conchita León,67,620.71,30,618,0.47,Jalisco,Economic,High Risk
4086,Margarita Natividad Borrego Linares,33,267.99,10,522,0.2,Baja California,Economic,High Risk
4087,Mercedes Helena Enríquez Mateo,57,185.75,3,532,0.32,Coahuila de Zaragoza,Economic,High Risk
4088,Wendolin Ledesma Sosa,38,211.91,4,611,0.28,Sonora,Economic,High Risk
4089,Pascual Alberto Zambrano Ramírez,60,224.72,21,656,0.18,Puebla,Economic,Medium Risk
4090,Lic. Adán Aguayo,36,213.38,8,607,0.51,Chiapas,Economic,High Risk
4091,Caridad Zedillo Herrera,62,240.94,6,590,0.12,Sinaloa,Economic,High Risk
4092,Minerva María Elena Espinosa,47,127.8,0,597,0.36,Michoacán de Ocampo,Economic,High Risk
4093,Dolores Pichardo,32,330.87,3,508,0.5,Oaxaca,Economic,High Risk
4094,Marisol Espino Gómez,28,378.18,3,511,0.2,Chihuahua,Economic,High Risk
4095,Dra. Mitzy Solorio,68,345.02,37,541,0.54,Tlaxcala,Economic,High Risk
4096,Tomás Zacarías Acosta Pérez,38,79.96,8,605,0.22,Baja California,Economic,High Risk
4097,Rufino Gregorio Altamirano,49,145.47,18,619,0.41,Hidalgo,Economic,High Risk
4098,Mitzy Grijalva Altamirano,60,156.19,23,568,0.59,Guanajuato,Economic,High Risk
4099,Lic. Raquel Irizarry,36,352.59,3,592,0.38,Chiapas,Economic,High Risk
4100,Dolores Zelaya,38,212.1,1,606,0.2,Nuevo León,Economic,High Risk
4101,Sr. Omar Loera,48,310.02,5,599,0.27,Campeche,Economic,High Risk
4102,Bruno Varela Gaytán,30,385.89,0,658,0.48,Nayarit,Economic,Medium Risk
4103,Sra. Violeta Pichardo,44,161.21,4,648,0.14,Colima,Economic,High Risk
4104,Eloy Hernán González,68,167.2,2,511,0.25,Baja California Sur,Economic,High Risk
4105,María Teresa Jasso,70,157.35,35,623,0.34,Querétaro,Economic,High Risk
4106,Laura Rosario Guillen Montero,33,427.98,1,587,0.3,Oaxaca,Economic,High Risk
4107,Leonardo Rafaél Soto,50,513.34,19,656,0.39,México,Economic,Medium Risk
4108,Julio César Regalado,52,429.81,23,640,0.46,Yucatán,Economic,High Risk
4109,Yeni Karina Parra,34,480.37,5,565,0.38,Tlaxcala,Economic,High Risk
4110,Ángela Mariana Gaytán,52,325.65,5,664,0.2,Nuevo León,Economic,Medium Risk
4111,Timoteo Romo Jasso,62,229.96,32,650,0.51,Oaxaca,Economic,Medium Risk
4112,Ing. Francisco de León,22,251.56,0,607,0.11,Distrito Federal,Economic,High Risk
4113,Agustín Rodolfo Delgado,36,174.7,10,654,0.12,Tlaxcala,Economic,Medium Risk
4114,Sra. Yuridia Saiz,41,212.81,0,506,0.2,Hidalgo,Economic,High Risk
4115,Asunción Urías,65,283.72,16,535,0.32,Distrito Federal,Economic,High Risk
4116,Tomás Muro,52,207.9,6,527,0.58,Chihuahua,Economic,High Risk
4117,Gabriel Sisneros,65,269.46,2,587,0.32,Jalisco,Economic,High Risk
4118,Indira Emilia Navarrete Acuña,31,263.29,2,599,0.53,Michoacán de Ocampo,Economic,High Risk
4119,Martín Mateo Pichardo,64,314.34,41,503,0.33,Querétaro,Economic,High Risk
4120,Ricardo Porfirio Vigil,32,211.51,7,620,0.28,Distrito Federal,Economic,High Risk
4121,Elena Amaya Gálvez,29,251.11,7,516,0.22,Sonora,Economic,High Risk
4122,Srita. Isabela Correa,49,377.02,30,636,0.48,Guanajuato,Economic,High Risk
4123,Óscar Zacarías Treviño Pizarro,43,140.12,0,667,0.33,Quintana Roo,Economic,Medium Risk
4124,Leticia Ana Luisa Zayas,50,242.43,15,649,0.19,Tabasco,Economic,High Risk
4125,Wendolin Armendáriz,45,118.75,13,677,0.14,Michoacán de Ocampo,Economic,Medium Risk
4126,María Elena Ana Luisa Puga,70,217.45,32,673,0.33,Chihuahua,Economic,Medium Risk
4127,Minerva Avilés,69,183.28,17,624,0.49,Tamaulipas,Economic,High Risk
4128,Dr. Luis Anguiano,65,269.45,11,680,0.15,Yucatán,Economic,Medium Risk
4129,Noemí Claudia Solís,64,196.21,24,500,0.47,Colima,Economic,High Risk
4130,Leticia Orta,25,146.03,5,679,0.34,Chiapas,Economic,Medium Risk
4131,Lic. Paola Carranza,58,394.86,3,567,0.56,Baja California,Economic,High Risk
4132,Ing. Amador Garibay,22,569.19,1,545,0.21,Zacatecas,Economic,High Risk
4133,Alfonso Wilfrido Aragón Carrera,34,445.22,3,559,0.11,San Luis Potosí,Economic,High Risk
4134,Fernando Anguiano Ramón,67,494.49,14,642,0.26,Tamaulipas,Economic,High Risk
4135,Sra. Frida Fonseca,68,400.28,45,583,0.44,Veracruz de Ignacio de la Llave,Economic,High Risk
4136,Patricia Marisela Serrato Alonso,60,191.37,9,510,0.18,Durango,Economic,High Risk
4137,Ing. Catalina Matos,33,198.65,11,629,0.56,Morelos,Economic,High Risk
4138,Georgina Yolanda Montemayor,22,461.92,0,566,0.15,Chiapas,Economic,High Risk
4139,Felix Guillen,52,234.1,8,601,0.38,Guerrero,Economic,High Risk
4140,Benito Héctor Salgado,35,235.57,14,516,0.39,México,Economic,High Risk
4141,Ing. Trinidad Caballero,21,263.37,2,662,0.37,Chihuahua,Economic,Medium Risk
4142,Bernabé Mota,24,270.78,0,585,0.24,Nayarit,Economic,High Risk
4143,Srita. Sofía Soliz,45,239.97,5,537,0.27,Durango,Economic,High Risk
4144,Patricio Tamayo,33,277.68,1,533,0.38,Jalisco,Economic,High Risk
4145,Dr. Mauro Menchaca,55,275.01,30,620,0.15,Colima,Economic,High Risk
4146,Yolanda Mayte Apodaca,42,169.47,10,533,0.45,Nuevo León,Economic,High Risk
4147,Mitzy Marisol Laureano,69,157.7,19,583,0.25,Chihuahua,Economic,High Risk
4148,Gregorio Luis Manuel Benítez Curiel,38,419.41,16,520,0.11,Veracruz de Ignacio de la Llave,Economic,High Risk
4149,Lorena Cavazos Bermúdez,37,214.68,11,601,0.6,Michoacán de Ocampo,Economic,High Risk
4150,María Teresa Elisa Acuña,46,202.74,12,578,0.29,Tlaxcala,Economic,High Risk
4151,Mayte Araceli Olivares Lerma,32,316.41,1,672,0.52,Quintana Roo,Economic,Medium Risk
4152,Ing. Adriana Ruelas,65,257.28,26,566,0.18,Yucatán,Economic,High Risk
4153,Verónica Cristina Alfaro Camacho,35,101.22,11,551,0.57,Colima,Economic,High Risk
4154,Martha Mónica Montes Pedroza,26,167.76,2,539,0.25,Tabasco,Economic,High Risk
4155,Asunción Nadia Enríquez,31,177.83,9,573,0.51,Querétaro,Economic,High Risk
4156,Ing. Raquel Baeza,67,,35,650,0.48,Sinaloa,Economic,Medium Risk
4157,Sandra Carla Mendoza Arriaga,22,242.33,4,552,0.55,Michoacán de Ocampo,Economic,High Risk
4158,Dr. Ernesto Martínez,70,243.55,44,568,0.31,Sinaloa,Economic,High Risk
4159,Iván Gerardo Valdés,30,153.69,10,669,0.45,Oaxaca,Economic,Medium Risk
4160,Víctor Gaitán,23,208.95,0,643,0.22,Quintana Roo,Economic,High Risk
4161,Abel Palacios Jáquez,23,233.38,0,647,0.44,Sinaloa,Economic,High Risk
4162,Ana Rosario Loera,23,205.58,1,526,0.21,San Luis Potosí,Economic,High Risk
4163,Sra. Martha Rodríguez,21,188.25,0,670,0.22,Guerrero,Economic,Medium Risk
4164,Mariana Estela Campos Barragán,54,84.81,13,587,0.2,Sonora,Economic,High Risk
4165,Georgina Caballero Vargas,23,289.76,0,671,0.51,Sinaloa,Economic,Medium Risk
4166,Minerva Tania Villalpando Vallejo,69,105.51,14,568,0.35,Nayarit,Economic,High Risk
4167,Marco Antonio Pascual Rojas,41,450.07,12,608,0.44,Guanajuato,Economic,High Risk
4168,Mauricio Luis Serrano,40,156.58,17,611,0.31,Jalisco,Economic,High Risk
4169,Lucía Lerma,60,208.04,11,565,0.54,Durango,Economic,High Risk
4170,Lic. Georgina Sotelo,69,166.02,19,591,0.23,Guanajuato,Economic,High Risk
4171,Guillermo Eugenio Pedroza Alva,63,349.12,2,576,0.19,Chihuahua,Economic,High Risk
4172,Sofía Santacruz,22,355.23,0,649,0.15,Nayarit,Economic,High Risk
4173,Juan Carlos Flavio Molina Villarreal,37,383.15,15,625,0.45,Veracruz de Ignacio de la Llave,Economic,High Risk
4174,Rafaél Anaya,52,195.82,24,623,0.5,Tabasco,Economic,High Risk
4175,Sandra Carrión,32,240.23,1,512,0.26,Quintana Roo,Economic,High Risk
4176,Amelia Concepción Quiñónez,57,192.87,25,652,0.2,Nuevo León,Economic,Medium Risk
4177,Jacinto Cazares Sáenz,22,139.81,1,608,0.25,Sinaloa,Economic,High Risk
4178,Dr. Zacarías Prieto,52,336.94,19,621,0.46,Colima,Economic,High Risk
4179,Silvia Cervantes Colón,31,383.33,8,642,0.58,Distrito Federal,Economic,High Risk
4180,Anabel Irene Rodríguez Sanches,64,217.6,6,649,0.38,Veracruz de Ignacio de la Llave,Economic,High Risk
4181,Salma Maestas Covarrubias,46,300.55,15,508,0.51,Chiapas,Economic,High Risk
4182,Salvador Acosta Mercado,67,240.54,34,659,0.55,Puebla,Economic,Medium Risk
4183,Diana Graciela Ramírez Pantoja,33,217.23,3,592,0.33,Baja California Sur,Economic,High Risk
4184,María Elena Sessa Guerrero Polanco,54,214.05,14,534,0.53,Sinaloa,Economic,High Risk
4185,Genaro Patricio Barrera,70,287.16,38,519,0.56,Durango,Economic,High Risk
4186,Claudio Héctor Núñez Armenta,43,379.07,11,534,0.19,Tabasco,Economic,High Risk
4187,Srita. Yolanda Villarreal,63,183.77,39,542,0.45,Colima,Economic,High Risk
4188,Ing. Adalberto Blanco,31,119.27,7,539,0.45,Sonora,Economic,High Risk
4189,Ing. Eduardo Mojica,50,273.64,14,532,0.56,Baja California Sur,Economic,High Risk
4190,Mauro Patricio Pelayo,61,614.79,9,553,0.25,Baja California Sur,Economic,High Risk
4191,Dra. Georgina Perea,24,218.68,1,643,0.48,Veracruz de Ignacio de la Llave,Economic,High Risk
4192,Julio César de la Fuente Vergara,70,487.55,49,519,0.22,Yucatán,Economic,High Risk
4193,Claudio Mondragón Batista,58,148.71,5,643,0.32,Veracruz de Ignacio de la Llave,Economic,High Risk
4194,Ariadna Ángela Miramontes,24,89.71,0,542,0.43,Aguascalientes,Economic,High Risk
4195,Jacinto Jos Tafoya Ortiz,34,121.24,0,508,0.59,Hidalgo,Economic,High Risk
4196,Sr. Jonás Ibarra,54,378.31,14,679,0.54,Morelos,Economic,Medium Risk
4197,Mónica Santiago,41,131.98,2,534,0.49,Campeche,Economic,High Risk
4198,Bernabé Fonseca,39,206.58,11,600,0.43,Morelos,Economic,High Risk
4199,Camilo Núñez Arevalo,52,173.95,12,579,0.17,Baja California,Economic,High Risk
4200,Esparta Amalia Tórrez,31,145.1,6,535,0.34,México,Economic,High Risk
4201,Anel Cynthia Covarrubias,45,140.18,22,543,0.48,Morelos,Economic,High Risk
4202,Dra. Graciela Razo,55,337.02,27,601,0.28,Puebla,Economic,High Risk
4203,Flavio Rodríguez Elizondo,36,217.41,5,638,0.45,Baja California,Economic,High Risk
4204,Vicente Antonio Ontiveros,56,671.99,32,586,0.46,Colima,Economic,High Risk
4205,Gerardo Gálvez,29,522.81,1,650,0.22,Durango,Economic,Medium Risk
4206,Jaqueline Ana María Bueno,59,309.74,6,540,0.46,Distrito Federal,Economic,High Risk
4207,Lucas Jaime Cortés Rivero,53,145.55,1,625,0.32,Guanajuato,Economic,High Risk
4208,Aurelio Calderón,68,169.53,8,623,0.58,Aguascalientes,Economic,High Risk
4209,Rafaél Ponce,37,275.36,1,511,0.24,Nuevo León,Economic,High Risk
4210,Sr. Héctor Valverde,49,453.8,26,663,0.24,Sinaloa,Economic,Medium Risk
4211,Israel Miguel Otero,41,140.42,12,516,0.31,Aguascalientes,Economic,High Risk
4212,Srita. Anel Casanova,39,659.51,9,575,0.17,Guanajuato,Economic,High Risk
4213,Ing. Eduardo Zambrano,47,148.97,24,546,0.51,Colima,Economic,High Risk
4214,Paola Julia Villanueva,66,191.34,42,644,0.43,Campeche,Economic,High Risk
4215,José Emilio Rael Patiño,45,267.82,10,657,0.39,Veracruz de Ignacio de la Llave,Economic,Medium Risk
4216,Srita. Victoria Gracia,23,176.88,0,568,0.1,Nayarit,Economic,High Risk
4217,Anabel Lilia Caballero,51,174.85,20,607,0.47,Chiapas,Economic,High Risk
4218,Marisela Nevárez Nava,24,286.77,1,592,0.32,Morelos,Economic,High Risk
4219,Bruno Bañuelos Calderón,27,135.44,4,565,0.28,Chiapas,Economic,High Risk
4220,Antonio Vega,47,562.69,3,545,0.4,Sinaloa,Economic,High Risk
4221,Arcelia Barbara Ponce Menéndez,52,150.12,22,511,0.22,Coahuila de Zaragoza,Economic,High Risk
4222,Nicolás Olmos,30,550.17,2,655,0.1,Oaxaca,Economic,Medium Risk
4223,Rosalia Quintanilla,42,104.2,18,503,0.53,Jalisco,Economic,High Risk
4224,Pedro Ocasio Ríos,25,189.82,2,566,0.43,Colima,Economic,High Risk
4225,Sr. Lucas Arellano,50,282.62,6,516,0.23,México,Economic,High Risk
4226,Eduardo Zambrano,22,200.26,0,509,0.47,Oaxaca,Economic,High Risk
4227,Catalina María Cristina Enríquez,47,135.13,5,670,0.1,Guerrero,Economic,Medium Risk
4228,Ana Luisa López,38,205.98,12,606,0.6,Distrito Federal,Economic,High Risk
4229,Héctor Jos Barrios,34,216.72,4,572,0.57,Coahuila de Zaragoza,Economic,High Risk
4230,Sergio Julio Ibarra Luna,47,149.2,5,510,0.24,Jalisco,Economic,High Risk
4231,Srita. Blanca de la O,25,121.37,6,564,0.5,Jalisco,Economic,High Risk
4232,Ilse Acosta,66,305.76,35,668,0.37,Zacatecas,Economic,Medium Risk
4233,Juan Mojica Vega,47,89.27,15,606,0.54,Tlaxcala,Economic,High Risk
4234,José María Darío Naranjo Vargas,61,281.57,32,516,0.32,Morelos,Economic,High Risk
4235,Laura Elisa Cortés,65,218.94,24,635,0.33,Sinaloa,Economic,High Risk
4236,Lic. Aurelio Rico,51,215.56,24,619,0.25,Tlaxcala,Economic,High Risk
4237,Emilio Zeferino Valdés Valadez,28,203.39,0,536,0.31,Puebla,Economic,High Risk
4238,Armando Agustín Franco Batista,33,167.9,13,541,0.53,Zacatecas,Economic,High Risk
4239,Lucía Ilse Girón Cabrera,30,446.11,5,562,0.56,Coahuila de Zaragoza,Economic,High Risk
4240,Araceli Burgos,33,152.17,8,500,0.43,Jalisco,Economic,High Risk
4241,Ana Luisa Polanco Garay,70,104.44,38,527,0.13,Baja California,Economic,High Risk
4242,Ing. Hermelinda Cabán,68,192.25,43,572,0.29,Durango,Economic,High Risk
4243,Ángel Peña Ulloa,32,259.35,7,640,0.57,Guerrero,Economic,High Risk
4244,Rubén Silvano Alba,49,227.11,4,508,0.11,Chihuahua,Economic,High Risk
4245,Magdalena Aurora Carrero,68,377.8,38,625,0.23,Guanajuato,Economic,High Risk
4246,Rolando Lorenzo Monroy Samaniego,30,122.21,2,579,0.53,Puebla,Economic,High Risk
4247,Lic. Marisela Nieto,25,340.34,1,521,0.11,Hidalgo,Economic,High Risk
4248,Teodoro Gerónimo Tejeda,24,218.86,0,650,0.46,Baja California Sur,Economic,Medium Risk
4249,Elsa Montoya Ledesma,70,368.14,35,538,0.35,Jalisco,Economic,High Risk
4250,Diego Salvador Colunga Matos,42,170.35,15,667,0.52,Baja California Sur,Economic,Medium Risk
4251,Ana María del Valle,57,400.87,11,672,0.14,Tamaulipas,Economic,Medium Risk
4252,Marisela Nancy Gálvez,42,388.25,11,534,0.48,Guerrero,Economic,High Risk
4253,Germán Saiz Saiz,43,233.36,15,544,0.27,Tlaxcala,Economic,High Risk
4254,Jorge Luis Julio César Orta Solorzano,55,346.96,11,656,0.15,San Luis Potosí,Economic,Medium Risk
4255,Alma Jurado,28,418.95,10,625,0.36,Querétaro,Economic,High Risk
4256,María Luisa Acuña,49,139.54,4,505,0.37,Quintana Roo,Economic,High Risk
4257,Cristina Pulido,43,184.53,6,524,0.34,Tlaxcala,Economic,High Risk
4258,Bruno Julio César Menchaca,29,190.16,11,610,0.59,Hidalgo,Economic,High Risk
4259,Perla Zoé Gastélum Lozano,33,592.74,12,632,0.53,San Luis Potosí,Economic,High Risk
4260,Úrsula Medrano,29,238.65,1,516,0.44,México,Economic,High Risk
4261,Yuridia Amanda Casárez,23,71.96,1,558,0.13,Veracruz de Ignacio de la Llave,Economic,High Risk
4262,Julio César Julio César Haro Prado,25,223.01,0,532,0.11,Puebla,Economic,High Risk
4263,Caridad Pedroza,32,320.41,6,645,0.43,Oaxaca,Economic,High Risk
4264,Jacobo Omar Cuellar Tapia,22,157.71,2,510,0.49,Puebla,Economic,High Risk
4265,Jaqueline de la Crúz,46,83.14,17,592,0.38,Morelos,Economic,High Risk
4266,Teresa Arias Altamirano,49,303.66,22,541,0.44,Tlaxcala,Economic,High Risk
4267,Aida Rolón,24,103.58,0,529,0.2,Puebla,Economic,High Risk
4268,Pascual Oswaldo Valadez Elizondo,49,210.78,13,611,0.18,Coahuila de Zaragoza,Economic,High Risk
4269,César Valadez,69,325.29,27,680,0.54,Coahuila de Zaragoza,Economic,Medium Risk
4270,Dra. Yeni Aguilar,31,139.89,5,678,0.48,Morelos,Economic,Medium Risk
4271,Dra. Úrsula Mendoza,49,130.07,31,547,0.55,Morelos,Economic,High Risk
4272,José Eduardo Óliver Velásquez,68,185.79,7,589,0.11,Tlaxcala,Economic,High Risk
4273,Serafín Ornelas Maldonado,33,212.43,0,549,0.44,Tabasco,Economic,High Risk
4274,Cecilia Mercedes Barajas,22,148.41,2,642,0.28,Zacatecas,Economic,High Risk
4275,Dra. Anel Matos,61,507.17,20,617,0.57,Quintana Roo,Economic,High Risk
4276,Abigail Gabriela Duarte Ornelas,60,460.52,31,580,0.34,Baja California,Economic,High Risk
4277,Camilo Benjamín Ortiz Cisneros,40,199.45,2,657,0.5,Tlaxcala,Economic,Medium Risk
4278,Ing. Violeta Ferrer,23,207.8,0,664,0.45,Veracruz de Ignacio de la Llave,Economic,Medium Risk
4279,Federico Benavídez Ferrer,35,245.35,10,585,0.56,Puebla,Economic,High Risk
4280,Ofelia Natividad Valdez,62,282.11,31,515,0.42,San Luis Potosí,Economic,High Risk
4281,Sr. Nicolás Gallardo,25,94.44,0,574,0.1,Nuevo León,Economic,High Risk
4282,Alma Emilia Perea Nájera,55,359.13,25,622,0.53,Nayarit,Economic,High Risk
4283,Ramón Augusto Roybal Morales,27,177.99,8,604,0.57,Tamaulipas,Economic,High Risk
4284,Lic. Hernán Perales,64,251.83,3,654,0.11,Nuevo León,Economic,Medium Risk
4285,Teresa Montalvo Gómez,68,178.82,17,597,0.3,Oaxaca,Economic,High Risk
4286,Teresa Montoya,63,104.41,35,585,0.28,Guerrero,Economic,High Risk
4287,Aldo Collazo,30,261.14,6,571,0.52,Nuevo León,Economic,High Risk
4288,Srita. Verónica Sierra,26,168.8,4,566,0.44,Chiapas,Economic,High Risk
4289,Rosa Porras,30,231.66,4,548,0.29,Campeche,Economic,High Risk
4290,Juan Ferrer,22,282.5,0,629,0.16,Michoacán de Ocampo,Economic,High Risk
4291,Amelia Pilar Quintana,54,225.27,10,504,0.18,Guerrero,Economic,High Risk
4292,Cristina Covarrubias Aguirre,45,281.8,19,577,0.38,Puebla,Economic,High Risk
4293,Patricio Orozco,24,275.62,0,519,0.14,Hidalgo,Economic,High Risk
4294,Gloria Pacheco Vera,54,184.58,20,677,0.18,Querétaro,Economic,Medium Risk
4295,Jonás Elizondo Guerra,61,206.43,20,517,0.53,Durango,Economic,High Risk
4296,Sandra Amelia Coronado Ybarra,32,174.03,11,627,0.19,Tabasco,Economic,High Risk
4297,Rolando Solís Gutiérrez,69,253.48,5,521,0.3,Veracruz de Ignacio de la Llave,Economic,High Risk
4298,Lic. Abel Caraballo,35,152.52,1,514,0.19,Morelos,Economic,High Risk
4299,Ing. Alvaro Leiva,61,503.31,1,506,0.31,Hidalgo,Economic,High Risk
4300,Alta  Gracia Núñez Roybal,38,517.59,15,668,0.28,Baja California,Economic,Medium Risk
4301,Inés Pérez,31,337.27,7,520,0.55,Guerrero,Economic,High Risk
4302,Abigail Robledo,27,297.8,0,574,0.41,Jalisco,Economic,High Risk
4303,Juan Guardado,49,151.0,5,573,0.32,Baja California,Economic,High Risk
4304,Sara Sepúlveda Pacheco,39,,8,587,0.49,San Luis Potosí,Economic,High Risk
4305,Camila Concepción Cuellar Casares,49,170.98,1,543,0.34,Veracruz de Ignacio de la Llave,Economic,High Risk
4306,Susana Rebeca Márquez Espinoza,56,327.95,29,547,0.55,Puebla,Economic,High Risk
4307,Agustín Ignacio Olivares Ochoa,45,225.91,1,548,0.19,Puebla,Economic,High Risk
4308,Aldonza Solorzano Fierro,43,276.63,17,564,0.21,Colima,Economic,High Risk
4309,Elvia Abigail Lozano,64,359.41,15,547,0.52,México,Economic,High Risk
4310,Raúl Guardado Jaramillo,56,97.66,33,600,0.28,Hidalgo,Economic,High Risk
4311,Verónica Celia Abrego Monroy,59,155.69,34,673,0.49,Hidalgo,Economic,Medium Risk
4312,Leonel Francisco Anaya Nava,38,286.34,5,678,0.34,Guerrero,Economic,Medium Risk
4313,Claudia Gabriela Villa,44,375.77,15,672,0.26,Aguascalientes,Economic,Medium Risk
4314,María Elena Peralta,66,162.53,38,650,0.12,Baja California Sur,Economic,Medium Risk
4315,Victoria Girón Perales,59,124.04,3,537,0.21,Morelos,Economic,High Risk
4316,José Eduardo Carrillo Vergara,22,213.24,1,672,0.23,Guerrero,Economic,Medium Risk
4317,Elias Ballesteros Mena,52,165.88,10,678,0.3,Aguascalientes,Economic,Medium Risk
4318,Ing. Javier Mares,65,258.88,38,550,0.49,Baja California,Economic,High Risk
4319,Rosa Amalia Cantú Huerta,47,300.65,0,513,0.39,Tabasco,Economic,High Risk
4320,Celia Nazario Sáenz,43,324.01,7,587,0.33,Campeche,Economic,High Risk
4321,Aurelio Batista,54,174.16,32,569,0.26,Baja California,Economic,High Risk
4322,Daniel Canales Juárez,61,316.89,33,513,0.23,México,Economic,High Risk
4323,Juana Aida Hinojosa,42,228.9,2,643,0.5,Nuevo León,Economic,High Risk
4324,Débora Silvia Tamayo Vallejo,53,246.09,25,645,0.15,Baja California,Economic,High Risk
4325,Eva Mejía Acuña,66,243.39,24,518,0.21,Querétaro,Economic,High Risk
4326,Pamela Camila Arriaga Mesa,70,203.24,20,573,0.29,Jalisco,Economic,High Risk
4327,Nicolás Padrón León,50,298.44,18,507,0.35,Colima,Economic,High Risk
4328,Alvaro Fonseca Córdova,48,132.11,13,511,0.28,Chiapas,Economic,High Risk
4329,Claudia Abril Linares,43,321.82,1,675,0.21,Zacatecas,Economic,Medium Risk
4330,Emilio Alfredo Casárez Ortiz,36,120.85,8,602,0.52,Guerrero,Economic,High Risk
4331,Ing. José Naranjo,33,167.62,1,642,0.58,San Luis Potosí,Economic,High Risk
4332,Sessa Aguirre Salcedo,54,257.93,16,505,0.46,Oaxaca,Economic,High Risk
4333,Sr. Claudio Ceballos,57,296.73,5,556,0.34,Chiapas,Economic,High Risk
4334,Srita. Mayte Rojas,25,409.67,1,571,0.15,Distrito Federal,Economic,High Risk
4335,Graciela Sonia Bustos Ferrer,62,84.19,17,526,0.36,Querétaro,Economic,High Risk
4336,Isabela Castellanos,35,349.35,1,642,0.32,Zacatecas,Economic,High Risk
4337,Inés María Luisa Esquibel Urbina,38,265.77,15,628,0.27,Zacatecas,Economic,High Risk
4338,Yuridia Ramírez,22,142.1,4,668,0.5,Chiapas,Economic,Medium Risk
4339,Ing. Pablo Hurtado,67,166.4,41,531,0.19,Yucatán,Economic,High Risk
4340,Daniela Munguía Parra,51,180.58,28,552,0.13,Nayarit,Economic,High Risk
4341,Ing. Carlos Campos,50,401.7,7,514,0.48,Quintana Roo,Economic,High Risk
4342,Lic. Bernardo Quintana,65,102.18,36,625,0.57,Nuevo León,Economic,High Risk
4343,Eloisa de la Rosa,30,233.99,4,587,0.58,México,Economic,High Risk
4344,Marcos Bernardo Espino Padilla,26,162.08,5,594,0.32,Nayarit,Economic,High Risk
4345,Dr. César Bermúdez,41,341.56,4,637,0.46,Coahuila de Zaragoza,Economic,High Risk
4346,Maximiliano Emilio Solorzano,47,209.24,7,679,0.29,Campeche,Economic,Medium Risk
4347,Irene Rangel,34,175.77,4,601,0.6,Puebla,Economic,High Risk
4348,Darío Cornelio Solorio,31,237.32,5,680,0.4,Tabasco,Economic,Medium Risk
4349,Sonia Caballero,29,243.8,4,550,0.45,Nayarit,Economic,High Risk
4350,Irma Cadena Meléndez,67,205.58,42,610,0.2,Yucatán,Economic,High Risk
4351,Rosalia Cedillo Magaña,60,87.67,10,549,0.12,San Luis Potosí,Economic,High Risk
4352,Mario Solano Sepúlveda,66,194.28,23,505,0.23,Quintana Roo,Economic,High Risk
4353,Araceli Díaz Guzmán,35,117.9,4,657,0.58,Guanajuato,Economic,Medium Risk
4354,Wilfrido Villagómez Gamez,40,,9,650,0.14,Sinaloa,Economic,Medium Risk
4355,José Eduardo Mireles,64,208.59,34,645,0.18,Nayarit,Economic,High Risk
4356,Pascual Evelio Arias Gaytán,29,296.69,3,514,0.37,Oaxaca,Economic,High Risk
4357,Julia Bahena Mesa,27,197.92,1,606,0.15,Coahuila de Zaragoza,Economic,High Risk
4358,Mariano Arredondo Flórez,62,239.75,28,667,0.3,Baja California,Economic,Medium Risk
4359,Benjamín Horacio Matos,56,210.23,4,639,0.34,Colima,Economic,High Risk
4360,Modesto Zarate de la Crúz,26,721.76,2,580,0.34,Nuevo León,Economic,High Risk
4361,Srita. Lilia Camarillo,35,141.78,1,599,0.46,San Luis Potosí,Economic,High Risk
4362,Lic. Juana Barragán,42,433.9,5,521,0.53,Campeche,Economic,High Risk
4363,Lourdes Garay Gálvez,65,167.6,44,592,0.13,Chihuahua,Economic,High Risk
4364,Cristobal Abraham Serrano Flores,33,261.6,8,504,0.21,Jalisco,Economic,High Risk
4365,Sr. Joaquín Ochoa,62,389.59,13,599,0.29,Sonora,Economic,High Risk
4366,Luis Carrasco Niño,59,253.72,11,639,0.45,Durango,Economic,High Risk
4367,Laura Correa Padilla,33,110.19,8,556,0.42,Querétaro,Economic,High Risk
4368,Olga Esmeralda Rivas,30,298.27,4,676,0.39,Guanajuato,Economic,Medium Risk
4369,Sra. Antonia Ontiveros,50,95.43,15,645,0.21,Morelos,Economic,High Risk
4370,Cristian de la Fuente,30,251.61,5,543,0.33,México,Economic,High Risk
4371,Horacio Rolando Moya Espino,22,232.1,0,505,0.25,Yucatán,Economic,High Risk
4372,Martha de la Crúz Méndez,45,164.14,12,624,0.25,Oaxaca,Economic,High Risk
4373,Amanda Salas,26,218.57,2,620,0.15,Morelos,Economic,High Risk
4374,Alvaro Cintrón Vaca,23,151.61,1,526,0.42,Puebla,Economic,High Risk
4375,Alma Bianca Orosco Olmos,25,214.81,1,657,0.13,Quintana Roo,Economic,Medium Risk
4376,Esperanza Lourdes Ríos,50,311.75,26,584,0.31,Campeche,Economic,High Risk
4377,Eloisa Verónica Gurule,33,266.57,1,647,0.32,Sinaloa,Economic,High Risk
4378,Bernardo Zúñiga Arguello,69,144.97,36,503,0.47,Baja California Sur,Economic,High Risk
4379,Rosa Amelia Valle,49,283.25,20,602,0.27,Zacatecas,Economic,High Risk
4380,Esperanza Ivonne Osorio Orosco,51,104.94,2,653,0.25,Coahuila de Zaragoza,Economic,Medium Risk
4381,Arturo Altamirano,28,206.94,2,552,0.54,Nayarit,Economic,High Risk
4382,Angélica Andrea Almanza,27,493.83,2,636,0.58,Guerrero,Economic,High Risk
4383,Susana Ivonne Valverde,39,184.37,14,569,0.37,Sonora,Economic,High Risk
4384,Eugenia Conchita Rubio Ávalos,61,143.19,15,533,0.16,México,Economic,High Risk
4385,Daniela Santana,48,158.2,5,628,0.54,Aguascalientes,Economic,High Risk
4386,Reina Caridad Quiroz,43,220.82,11,612,0.33,Guanajuato,Economic,High Risk
4387,Emilia María Teresa Cedillo,69,325.61,32,644,0.29,Sonora,Economic,High Risk
4388,Jonás Darío Villagómez Almanza,30,427.04,0,620,0.59,Distrito Federal,Economic,High Risk
4389,Natalia Soliz,54,149.6,7,629,0.6,Colima,Economic,High Risk
4390,Gabriel Horacio Murillo,55,233.79,22,535,0.28,México,Economic,High Risk
4391,Ing. Rosa Munguía,47,124.75,2,537,0.36,Nayarit,Economic,High Risk
4392,Maximiliano Zeferino del Río Laboy,53,197.04,1,559,0.44,Tabasco,Economic,High Risk
4393,René Silvano Henríquez Carrasco,34,342.9,2,674,0.43,Hidalgo,Economic,Medium Risk
4394,Carmen Marcela Mayorga,56,423.45,6,618,0.52,Sinaloa,Economic,High Risk
4395,Abril Sepúlveda de Anda,38,112.89,10,644,0.26,Puebla,Economic,High Risk
4396,Helena María Cristina Cavazos Jiménez,46,332.54,26,596,0.14,Distrito Federal,Economic,High Risk
4397,Humberto Miguel Coronado,35,274.85,4,616,0.48,Puebla,Economic,High Risk
4398,René Gabino Colunga García,47,359.55,13,504,0.39,Veracruz de Ignacio de la Llave,Economic,High Risk
4399,José Luis Adalberto Pedraza Fernández,55,68.93,16,660,0.57,Chiapas,Economic,Medium Risk
4400,Mauro Terrazas,24,90.68,0,676,0.12,Aguascalientes,Economic,Medium Risk
4401,Josefina Beltrán,30,295.85,1,594,0.27,Quintana Roo,Economic,High Risk
4402,Benjamín Rufino Romo,47,212.94,11,641,0.46,Veracruz de Ignacio de la Llave,Economic,High Risk
4403,Evelio Óliver Orozco,51,353.13,6,598,0.1,Campeche,Economic,High Risk
4404,Citlali de León,46,182.18,5,502,0.4,Sonora,Economic,High Risk
4405,Israel Orta Burgos,58,311.42,20,547,0.25,Veracruz de Ignacio de la Llave,Economic,High Risk
4406,Nancy Chávez,21,167.02,0,640,0.26,Tamaulipas,Economic,High Risk
4407,Emilia Trinidad Fuentes Páez,36,274.84,11,556,0.3,Coahuila de Zaragoza,Economic,High Risk
4408,Dra. Ivonne Valentín,57,395.86,26,637,0.31,Yucatán,Economic,High Risk
4409,Nayeli Noemí Linares Trujillo,53,235.69,3,515,0.41,Nayarit,Economic,High Risk
4410,Alicia Teresa Castro Benavides,63,241.47,25,510,0.2,Sonora,Economic,High Risk
4411,Leonardo Carlos Barajas,26,294.61,1,610,0.31,Guerrero,Economic,High Risk
4412,Ing. Horacio Ureña,49,,17,574,0.47,Baja California,Economic,High Risk
4413,María Teresa Judith Montero,50,384.92,4,626,0.47,Tabasco,Economic,High Risk
4414,Estela Trinidad Guzmán Arroyo,30,164.11,1,538,0.38,Aguascalientes,Economic,High Risk
4415,Ernesto Roberto Camarillo Correa,42,166.56,3,605,0.26,Morelos,Economic,High Risk
4416,Dr. Fidel Venegas,52,154.65,15,611,0.17,Nayarit,Economic,High Risk
4417,Ing. Guillermo Saldaña,50,211.66,10,528,0.49,México,Economic,High Risk
4418,Gabino Modesto Maldonado,59,181.46,14,601,0.43,Campeche,Economic,High Risk
4419,Pamela Olivares Pineda,27,264.91,4,574,0.49,Coahuila de Zaragoza,Economic,High Risk
4420,Karla Susana Casas,42,152.63,0,619,0.51,Nuevo León,Economic,High Risk
4421,Sr. Bernabé Corral,53,333.51,10,615,0.31,San Luis Potosí,Economic,High Risk
4422,Aldonza Colón,66,239.86,27,516,0.57,Nuevo León,Economic,High Risk
4423,Gerónimo Fidel Polanco,67,248.59,7,577,0.49,Morelos,Economic,High Risk
4424,Ramón Óliver Serrato Gamboa,22,191.28,2,503,0.38,México,Economic,High Risk
4425,Pilar Barbara Cazares,33,150.12,11,595,0.22,Sonora,Economic,High Risk
4426,Noelia Luisa Alcaraz Saiz,23,189.97,3,513,0.43,Tabasco,Economic,High Risk
4427,Antonia Amelia Salinas,24,263.45,2,646,0.3,Quintana Roo,Economic,High Risk
4428,Ing. Samuel Olvera,41,453.74,19,599,0.24,Hidalgo,Economic,High Risk
4429,Bruno Villalobos,65,143.82,3,563,0.17,Sinaloa,Economic,High Risk
4430,Marisol Adela Alvarado Lemus,53,116.47,28,578,0.22,Quintana Roo,Economic,High Risk
4431,Homero Agustín Garza Casillas,34,191.51,13,617,0.36,Aguascalientes,Economic,High Risk
4432,Srita. Margarita Corrales,45,263.99,14,609,0.28,Guanajuato,Economic,High Risk
4433,Rocío Villalobos,30,265.09,1,552,0.44,Veracruz de Ignacio de la Llave,Economic,High Risk
4434,Yeni Valles,69,101.57,7,661,0.28,Nayarit,Economic,Medium Risk
4435,Pamela Martínez Bermúdez,37,248.5,7,523,0.53,San Luis Potosí,Economic,High Risk
4436,Dr. Israel Olvera,42,448.08,12,657,0.5,Colima,Economic,Medium Risk
4437,Bernabé Benjamín Barraza Armenta,41,159.29,11,591,0.22,Colima,Economic,High Risk
4438,Amanda Saldaña,44,178.74,3,572,0.42,Hidalgo,Economic,High Risk
4439,Mitzy Espinoza Gaitán,57,215.2,29,521,0.59,Campeche,Economic,High Risk
4440,Angélica Casares Sierra,42,128.5,2,502,0.37,Colima,Economic,High Risk
4441,Renato Monroy,60,252.35,10,583,0.11,Distrito Federal,Economic,High Risk
4442,Eva Verónica Farías Santacruz,54,142.53,9,650,0.29,Puebla,Economic,Medium Risk
4443,Estela Esmeralda Beltrán,31,130.72,0,596,0.52,Guanajuato,Economic,High Risk
4444,Guillermina Villa Alonso,29,131.89,2,536,0.33,Quintana Roo,Economic,High Risk
4445,Felix Gonzalo Marrero Toro,32,453.92,13,555,0.32,Tabasco,Economic,High Risk
4446,Alejandro Marcos Pelayo Saucedo,55,135.75,19,516,0.25,Morelos,Economic,High Risk
4447,Amelia Rosa Jaime,36,134.12,2,533,0.58,Tamaulipas,Economic,High Risk
4448,Dra. Andrea Partida,56,140.47,19,501,0.16,Aguascalientes,Economic,High Risk
4449,Sra. Virginia Tirado,35,328.47,4,582,0.28,Chiapas,Economic,High Risk
4450,Pedro Santiago Palomino Ibarra,36,319.51,12,554,0.49,Nayarit,Economic,High Risk
4451,Sra. Estefanía Toledo,52,742.4,24,665,0.43,Zacatecas,Economic,Medium Risk
4452,Arturo Sosa Cervántez,45,273.76,5,580,0.4,Coahuila de Zaragoza,Economic,High Risk
4453,Eloy Raya Duarte,23,316.91,3,638,0.16,Colima,Economic,High Risk
4454,Natividad Nieto,61,395.49,35,638,0.18,Oaxaca,Economic,High Risk
4455,Lorena Pacheco Galindo,53,349.27,25,555,0.2,San Luis Potosí,Economic,High Risk
4456,Federico Rubén Carranza Pabón,29,190.28,3,559,0.25,Coahuila de Zaragoza,Economic,High Risk
4457,Micaela Robles Garica,31,199.3,4,632,0.36,Veracruz de Ignacio de la Llave,Economic,High Risk
4458,Hermelinda Berta Villanueva,56,126.12,24,680,0.52,Colima,Economic,Medium Risk
4459,Salma Noriega,52,114.25,4,655,0.49,Nayarit,Economic,Medium Risk
4460,Silvano Perales Córdova,36,165.91,7,638,0.16,Oaxaca,Economic,High Risk
4461,Adán Clemente Santana,24,386.04,1,526,0.52,Nayarit,Economic,High Risk
4462,Teodoro Bernardo Puente,57,156.72,37,510,0.18,Durango,Economic,High Risk
4463,Esperanza Heredia,44,418.21,9,564,0.27,Tlaxcala,Economic,High Risk
4464,Lic. Ariadna Malave,25,232.84,1,503,0.45,Chihuahua,Economic,High Risk
4465,Abraham Bernabé Domínguez,35,229.62,8,562,0.2,Querétaro,Economic,High Risk
4466,Darío Altamirano,46,334.7,0,520,0.52,Querétaro,Economic,High Risk
4467,Raquel Gutiérrez Pichardo,65,220.65,40,530,0.1,Quintana Roo,Economic,High Risk
4468,José Raya Orozco,52,182.57,7,644,0.35,Tabasco,Economic,High Risk
4469,Amanda Gaona Orellana,60,128.76,37,547,0.32,Tabasco,Economic,High Risk
4470,Sr. Miguel Ángel Carmona,48,243.34,7,526,0.54,Michoacán de Ocampo,Economic,High Risk
4471,Gabino Sergio Ybarra Jiménez,22,265.52,1,654,0.5,Querétaro,Economic,Medium Risk
4472,Eloy Gálvez,30,313.47,2,544,0.49,San Luis Potosí,Economic,High Risk
4473,Pedro René Reyna Echeverría,56,256.74,31,542,0.29,Campeche,Economic,High Risk
4474,Dr. Felix Flórez,60,199.84,23,550,0.18,Querétaro,Economic,High Risk
4475,Lic. Bernabé Valenzuela,46,130.01,22,677,0.31,Michoacán de Ocampo,Economic,Medium Risk
4476,Vanesa Arellano Moreno,21,413.77,0,680,0.47,Puebla,Economic,Medium Risk
4477,Mauricio Mayorga,67,250.06,8,576,0.32,Querétaro,Economic,High Risk
4478,Juan Carlos Serrato Portillo,44,268.52,13,536,0.37,Tlaxcala,Economic,High Risk
4479,Barbara Villareal,33,228.11,5,640,0.3,Baja California Sur,Economic,High Risk
4480,Sra. Araceli Alonso,40,147.73,5,641,0.39,Guerrero,Economic,High Risk
4481,Santiago Bermúdez,42,523.29,13,600,0.53,Sonora,Economic,High Risk
4482,Estela María Eugenia Cabán Valle,31,217.76,4,645,0.45,Oaxaca,Economic,High Risk
4483,Luz Lucía Chacón,69,137.8,2,631,0.23,México,Economic,High Risk
4484,Dolores Zarate Heredia,27,202.97,0,673,0.23,Michoacán de Ocampo,Economic,Medium Risk
4485,Sra. Minerva Chávez,41,,13,630,0.59,Colima,Economic,High Risk
4486,Hermelinda Sanches,67,175.84,46,543,0.38,Colima,Economic,High Risk
4487,Elsa Elena Rincón,29,343.55,1,612,0.31,Baja California Sur,Economic,High Risk
4488,Sr. Jacobo Colón,23,,0,512,0.52,Baja California,Economic,High Risk
4489,Francisca Galindo,54,182.94,5,671,0.42,Distrito Federal,Economic,Medium Risk
4490,Eva Villaseñor Pérez,56,194.66,29,544,0.15,Nayarit,Economic,High Risk
4491,Ruby Adela Tovar Molina,47,97.26,15,568,0.28,Chihuahua,Economic,High Risk
4492,Eugenia Citlali Ybarra Toledo,27,276.33,7,535,0.27,Veracruz de Ignacio de la Llave,Economic,High Risk
4493,Estela Ávila,47,278.25,8,623,0.47,Coahuila de Zaragoza,Economic,High Risk
4494,Bianca Paola Romero,48,121.41,30,549,0.53,Zacatecas,Economic,High Risk
4495,Guadalupe Julia Correa,56,372.6,1,668,0.33,Morelos,Economic,Medium Risk
4496,Isabela Alvarez Frías,64,159.72,41,545,0.53,Zacatecas,Economic,High Risk
4497,Sr. Juan Briones,43,,14,519,0.36,Nayarit,Economic,High Risk
4498,Yolanda Irene Quintanilla,53,204.37,10,622,0.34,Chiapas,Economic,High Risk
4499,Renato Carrión,64,358.6,34,678,0.48,Chiapas,Economic,Medium Risk
4500,Carmen Isabela Fernández,34,136.54,1,629,0.28,Jalisco,Economic,High Risk
4501,Pilar Hilda Ulibarri,44,314.66,11,521,0.54,Chihuahua,Economic,High Risk
4502,Eloisa Marisol de la Fuente Prieto,49,288.0,30,577,0.39,Quintana Roo,Economic,High Risk
4503,Nadia Florencia Casárez,63,187.38,18,579,0.35,Veracruz de Ignacio de la Llave,Economic,High Risk
4504,Sr. Rafaél Gálvez,32,142.6,6,566,0.56,Sonora,Economic,High Risk
4505,Enrique Federico Ruiz,53,298.56,25,580,0.56,Guanajuato,Economic,High Risk
4506,Dulce María Centeno,24,112.44,3,581,0.22,Hidalgo,Economic,High Risk
4507,Arcelia Caridad Rodríquez Barrientos,46,266.06,3,633,0.4,Nayarit,Economic,High Risk
4508,Alejandra Judith Cardenas,51,178.96,12,528,0.3,Aguascalientes,Economic,High Risk
4509,Flavio Felipe Merino Quintana,30,,2,520,0.42,Veracruz de Ignacio de la Llave,Economic,High Risk
4510,Graciela Caridad Franco Contreras,34,351.39,5,567,0.2,Sonora,Economic,High Risk
4511,Juan Carlos Ricardo Carrasco Gómez,34,245.2,1,565,0.24,Sonora,Economic,High Risk
4512,Augusto Juan Carlos Cisneros Aponte,23,185.66,4,667,0.41,Hidalgo,Economic,Medium Risk
4513,Andrea Colón,69,451.85,8,608,0.31,Chiapas,Economic,High Risk
4514,Uriel Gabriel Benavídez,40,138.32,9,678,0.57,Oaxaca,Economic,Medium Risk
4515,Ernesto Alfredo Orozco Barrios,53,168.46,5,536,0.31,Chihuahua,Economic,High Risk
4516,Lic. Dolores Pantoja,46,313.93,20,538,0.52,Tlaxcala,Economic,High Risk
4517,Miguel Ángel Medina Rendón,35,559.82,4,675,0.58,México,Economic,Medium Risk
4518,Lucía Alta  Gracia Escalante de Jesús,44,450.02,3,560,0.49,Tabasco,Economic,High Risk
4519,Sra. Lorena Corrales,68,214.53,9,539,0.1,Sinaloa,Economic,High Risk
4520,Mauro Manzanares,40,145.19,12,629,0.23,Chihuahua,Economic,High Risk
4521,Wendolin Delia Amaya Ruelas,23,191.69,0,607,0.29,Jalisco,Economic,High Risk
4522,Graciela Carla Baeza Laboy,30,131.0,5,662,0.39,Veracruz de Ignacio de la Llave,Economic,Medium Risk
4523,Carlos Antonio Gómez,70,156.85,39,568,0.29,Baja California,Economic,High Risk
4524,Sr. Raúl Montes,67,121.2,24,664,0.35,Baja California,Economic,Medium Risk
4525,Mateo Rosado,42,190.35,11,544,0.51,Baja California Sur,Economic,High Risk
4526,Lic. Lourdes Barragán,58,124.51,14,678,0.4,Durango,Economic,Medium Risk
4527,Carlota Collazo Rascón,53,104.54,23,528,0.1,San Luis Potosí,Economic,High Risk
4528,Frida Cervántez Valenzuela,65,378.14,19,545,0.46,Zacatecas,Economic,High Risk
4529,José Emilio Camilo Velázquez Barraza,30,185.5,0,616,0.35,Veracruz de Ignacio de la Llave,Economic,High Risk
4530,María Luisa Gamez Corona,23,144.88,0,673,0.49,Chiapas,Economic,Medium Risk
4531,Alejandra Isabel Cervantes,40,168.66,5,623,0.45,Durango,Economic,High Risk
4532,Leticia Linda Carranza,66,193.37,29,519,0.45,San Luis Potosí,Economic,High Risk
4533,Sra. Dulce Ontiveros,60,419.85,7,641,0.18,Veracruz de Ignacio de la Llave,Economic,High Risk
4534,Germán Marín Botello,35,,4,594,0.11,Chihuahua,Economic,High Risk
4535,Gabriela Carmen de la Garza,35,367.19,3,639,0.56,Aguascalientes,Economic,High Risk
4536,Dra. Karla Muñoz,60,357.58,2,620,0.51,Baja California,Economic,High Risk
4537,Yolanda Gollum,22,182.7,2,640,0.26,Baja California Sur,Economic,High Risk
4538,Sr. Abel Ruiz,21,201.4,0,651,0.6,Aguascalientes,Economic,Medium Risk
4539,Conchita Mireles Guerra,58,191.98,22,599,0.24,Campeche,Economic,High Risk
4540,Sra. Cristal Lebrón,49,320.8,1,636,0.13,Sinaloa,Economic,High Risk
4541,Sofía Cynthia Meléndez,53,286.57,5,529,0.4,Quintana Roo,Economic,High Risk
4542,Enrique Merino Santacruz,33,636.54,12,652,0.42,Tamaulipas,Economic,Medium Risk
4543,Lic. Sessa Ocasio,43,120.01,15,548,0.52,Sonora,Economic,High Risk
4544,Ramón Jesús Arce,24,256.74,1,519,0.38,Hidalgo,Economic,High Risk
4545,Sofía Abril Acosta,70,134.59,38,534,0.12,Morelos,Economic,High Risk
4546,Lucas Vélez Lovato,49,495.14,25,569,0.48,Nuevo León,Economic,High Risk
4547,Lic. Anel Irizarry,24,82.61,1,647,0.52,Guerrero,Economic,High Risk
4548,Claudio Rodrigo Jaramillo Hurtado,63,275.07,24,547,0.23,Distrito Federal,Economic,High Risk
4549,Salvador Marco Antonio Muro Calderón,34,264.81,5,678,0.56,Chiapas,Economic,Medium Risk
4550,Nayeli Emilia Garay,37,326.36,9,613,0.6,Yucatán,Economic,High Risk
4551,Ofelia Lourdes Cisneros Jaime,54,213.14,17,553,0.24,Veracruz de Ignacio de la Llave,Economic,High Risk
4552,Lic. René Campos,33,270.46,9,606,0.24,Tabasco,Economic,High Risk
4553,Adriana Elena Varela,51,265.78,2,664,0.15,Chiapas,Economic,Medium Risk
4554,Ing. Ernesto Reyna,55,172.54,29,673,0.38,Michoacán de Ocampo,Economic,Medium Risk
4555,Sra. Amanda Nava,34,82.65,5,523,0.18,Zacatecas,Economic,High Risk
4556,Evelio Pichardo Mejía,43,56.13,2,675,0.47,Colima,Economic,Medium Risk
4557,Ángela Amelia López,29,314.54,1,523,0.21,Durango,Economic,High Risk
4558,Lic. Diana Carrero,24,176.97,0,656,0.4,Michoacán de Ocampo,Economic,Medium Risk
4559,Raúl Esteban Guzmán Aguilera,21,140.85,1,530,0.5,Hidalgo,Economic,High Risk
4560,Itzel Mariana Colunga Caballero,36,255.4,5,600,0.19,Hidalgo,Economic,High Risk
4561,Blanca Verduzco,60,136.28,15,623,0.26,Colima,Economic,High Risk
4562,Enrique Rufino Quiñones Zamora,39,364.62,10,600,0.19,Tabasco,Economic,High Risk
4563,Gabriela Marisela Gaytán,66,91.39,2,630,0.22,Baja California,Economic,High Risk
4564,Lic. Enrique Torres,59,139.51,37,676,0.4,Puebla,Economic,Medium Risk
4565,Dulce Ureña Olivas,36,432.04,6,613,0.53,Querétaro,Economic,High Risk
4566,Yeni Esparza,70,338.28,1,654,0.47,Yucatán,Economic,Medium Risk
4567,Fidel Concepción Armendáriz,45,147.48,0,586,0.3,Tlaxcala,Economic,High Risk
4568,Cristian Tomás Quezada Valladares,65,168.03,4,593,0.26,Quintana Roo,Economic,High Risk
4569,Javier Serrano,57,216.85,33,525,0.14,San Luis Potosí,Economic,High Risk
4570,Carolina Ana María González,49,289.83,5,509,0.51,Nuevo León,Economic,High Risk
4571,Leonardo Felipe Gálvez,32,212.31,9,617,0.57,Zacatecas,Economic,High Risk
4572,Ing. Luisa Torres,59,152.16,13,513,0.55,Puebla,Economic,High Risk
4573,Dolores Jiménez Ozuna,54,100.49,19,589,0.32,Michoacán de Ocampo,Economic,High Risk
4574,Lic. Aldo Rubio,38,202.79,13,641,0.26,Quintana Roo,Economic,High Risk
4575,Natividad Úrsula Serrato,25,570.35,1,510,0.29,Zacatecas,Economic,High Risk
4576,María Eugenia Feliciano Ontiveros,55,34.88,28,569,0.5,Colima,Economic,High Risk
4577,Clemente Reyes,53,135.54,9,555,0.6,Michoacán de Ocampo,Economic,High Risk
4578,Mario Jáquez Sosa,27,,2,504,0.31,Colima,Economic,High Risk
4579,Diana Trinidad Gallegos,28,181.69,7,643,0.51,Guanajuato,Economic,High Risk
4580,Serafín David Saiz Calvillo,40,398.17,1,641,0.15,Jalisco,Economic,High Risk
4581,Antonio Manuel Cortez Sosa,27,189.9,4,505,0.23,Guanajuato,Economic,High Risk
4582,Alma Clara Solís,37,442.14,2,676,0.22,Hidalgo,Economic,Medium Risk
4583,Dr. Rafaél Gaitán,48,243.84,11,680,0.45,Sinaloa,Economic,Medium Risk
4584,Aurora Esmeralda Valles Leyva,37,225.48,2,602,0.56,Sonora,Economic,High Risk
4585,Gloria Socorro Arriaga,64,,33,639,0.37,Puebla,Economic,High Risk
4586,César Suárez,22,193.33,0,566,0.45,Puebla,Economic,High Risk
4587,Rolando Leonel Vela Tejeda,31,141.23,2,612,0.17,Chiapas,Economic,High Risk
4588,Karina Tejeda Paz,48,227.0,11,646,0.23,Hidalgo,Economic,High Risk
4589,Evelio Alfonso Gastélum Ramírez,68,203.0,1,616,0.51,Aguascalientes,Economic,High Risk
4590,Patricio Óscar Jurado,32,354.94,0,514,0.53,San Luis Potosí,Economic,High Risk
4591,Hilda Badillo Verduzco,33,283.09,2,620,0.44,Tabasco,Economic,High Risk
4592,Dr. Hernán Balderas,59,246.56,16,512,0.33,Oaxaca,Economic,High Risk
4593,Ing. Teresa Bermúdez,30,230.56,4,548,0.44,Distrito Federal,Economic,High Risk
4594,Sara Saldaña Ontiveros,42,381.95,2,649,0.16,Baja California Sur,Economic,High Risk
4595,Estefanía de Jesús Vigil,62,153.48,32,589,0.12,Chihuahua,Economic,High Risk
4596,Camilo Godoy Riojas,60,112.91,35,512,0.29,Nuevo León,Economic,High Risk
4597,Benjamín Gilberto Solorzano Farías,63,214.38,12,608,0.39,Baja California Sur,Economic,High Risk
4598,Raquel Yuridia Carranza Chacón,47,258.25,15,644,0.29,Durango,Economic,High Risk
4599,Salvador Rendón,35,537.24,0,573,0.22,Puebla,Economic,High Risk
4600,Dolores Cristina Carrasco,60,132.06,27,618,0.48,Chiapas,Economic,High Risk
4601,César Rodrigo Bañuelos Sosa,30,144.6,11,639,0.34,Morelos,Economic,High Risk
4602,María Luisa Córdova Vergara,23,185.62,0,522,0.13,Jalisco,Economic,High Risk
4603,Dra. Diana Gaitán,40,226.11,4,608,0.31,Durango,Economic,High Risk
4604,Rosalia Báez,42,236.89,3,563,0.29,Baja California,Economic,High Risk
4605,Clemente Muñiz Gastélum,69,429.75,15,527,0.54,Nuevo León,Economic,High Risk
4606,Carla Noemí Puente,52,310.46,2,528,0.5,Yucatán,Economic,High Risk
4607,Úrsula Valdez Villarreal,48,243.31,15,576,0.1,Baja California Sur,Economic,High Risk
4608,Andrea Margarita Tijerina Ojeda,45,504.0,24,654,0.55,Distrito Federal,Economic,Medium Risk
4609,María Luisa Patiño,62,173.83,31,529,0.58,Sinaloa,Economic,High Risk
4610,Paulina Susana Olvera Mata,27,113.68,3,557,0.35,Hidalgo,Economic,High Risk
4611,Sr. Víctor Garrido,44,164.47,0,516,0.48,Aguascalientes,Economic,High Risk
4612,Alfredo Jerónimo Centeno Estrada,32,238.63,10,530,0.28,Hidalgo,Economic,High Risk
4613,Homero Clemente Padrón Escobar,52,182.47,15,586,0.47,Jalisco,Economic,High Risk
4614,Dra. Aida Madrigal,54,529.22,20,513,0.49,Durango,Economic,High Risk
4615,Ing. Leticia Ocasio,35,97.83,11,528,0.21,Oaxaca,Economic,High Risk
4616,Natividad Úrsula Abreu Ruelas,22,399.11,1,511,0.21,Oaxaca,Economic,High Risk
4617,Ing. Miguel Ángel Mondragón,39,143.55,11,515,0.25,Tabasco,Economic,High Risk
4618,Diana Ramos,68,165.54,9,614,0.33,Guerrero,Economic,High Risk
4619,Pedro Genaro Bétancourt Alcala,54,330.11,21,558,0.53,Hidalgo,Economic,High Risk
4620,Lic. Fernando Covarrubias,54,143.67,1,678,0.23,Zacatecas,Economic,Medium Risk
4621,Bianca Raya Gálvez,66,139.07,6,580,0.5,Oaxaca,Economic,High Risk
4622,Cristina Georgina Olivo,53,410.93,19,509,0.36,Campeche,Economic,High Risk
4623,Daniela Frida Cantú Montaño,34,259.49,4,647,0.21,Yucatán,Economic,High Risk
4624,Mónica Gutiérrez Carrasco,45,186.67,14,653,0.28,Distrito Federal,Economic,Medium Risk
4625,Blanca Carmen Colón,32,157.97,9,530,0.47,Durango,Economic,High Risk
4626,Srita. Natividad Mondragón,65,222.29,16,657,0.42,Distrito Federal,Economic,Medium Risk
4627,Antonio Jesús Burgos,28,177.23,2,536,0.32,Sinaloa,Economic,High Risk
4628,Srita. Catalina Lucero,23,509.73,1,569,0.54,Aguascalientes,Economic,High Risk
4629,René Valles Gómez,47,252.22,11,634,0.26,Baja California,Economic,High Risk
4630,Antonia Sonia Posada,57,127.8,30,679,0.54,Baja California,Economic,Medium Risk
4631,Ing. Javier Narváez,68,88.79,36,604,0.15,Veracruz de Ignacio de la Llave,Economic,High Risk
4632,Aurelio Renato Verdugo,56,154.1,15,597,0.24,Yucatán,Economic,High Risk
4633,Lic. Adalberto Esparza,55,225.75,0,643,0.38,Aguascalientes,Economic,High Risk
4634,Ing. Lucía Valadez,43,163.03,16,514,0.3,Baja California Sur,Economic,High Risk
4635,Inés Esparta Pelayo Padrón,45,158.58,12,637,0.27,Aguascalientes,Economic,High Risk
4636,Gabino Zaragoza Vega,21,438.35,0,508,0.19,México,Economic,High Risk
4637,Sr. Benito Barrios,34,220.51,12,507,0.27,Baja California,Economic,High Risk
4638,Indira Márquez Ponce,59,188.57,11,569,0.53,Yucatán,Economic,High Risk
4639,Graciela Isabela Elizondo,25,158.16,3,617,0.21,Oaxaca,Economic,High Risk
4640,Amalia Cristina Anaya Nava,50,142.59,20,508,0.21,Tabasco,Economic,High Risk
4641,Bernardo Darío Ceja Sepúlveda,70,232.73,14,647,0.25,Nuevo León,Economic,High Risk
4642,Angélica Solorio,47,170.13,24,534,0.36,Veracruz de Ignacio de la Llave,Economic,High Risk
4643,Karina Linda Mendoza Arroyo,66,462.72,6,668,0.15,Nuevo León,Economic,Medium Risk
4644,Anabel Peralta Peña,33,208.34,10,565,0.37,Michoacán de Ocampo,Economic,High Risk
4645,Abel Ceballos Viera,49,267.58,27,500,0.3,Guanajuato,Economic,High Risk
4646,Sra. María Luisa Bermúdez,22,267.04,0,662,0.34,Chiapas,Economic,Medium Risk
4647,Alfredo Hugo Moreno Godoy,21,319.8,0,600,0.43,Veracruz de Ignacio de la Llave,Economic,High Risk
4648,Sr. Eduardo Rivero,29,82.48,2,574,0.47,Tamaulipas,Economic,High Risk
4649,Ángel Evelio Escamilla Crespo,59,331.83,16,595,0.53,Quintana Roo,Economic,High Risk
4650,Gonzalo Enrique Vallejo Berríos,39,166.34,10,572,0.41,Nayarit,Economic,High Risk
4651,Lilia Esther Valentín Gaytán,61,123.05,36,642,0.41,Sonora,Economic,High Risk
4652,Cristal Zoé Arriaga,27,93.61,1,516,0.33,Tlaxcala,Economic,High Risk
4653,Raquel Ana Merino Barrientos,64,166.38,3,674,0.36,Tlaxcala,Economic,Medium Risk
4654,Lic. Octavio Romero,50,125.92,24,559,0.46,Quintana Roo,Economic,High Risk
4655,Noemí María Cristina Zepeda Carreón,68,250.72,45,614,0.57,Puebla,Economic,High Risk
4656,Delia Mendoza Mayorga,22,92.32,0,541,0.36,Coahuila de Zaragoza,Economic,High Risk
4657,Abelardo Gerardo del Valle Juárez,69,233.47,11,501,0.22,Querétaro,Economic,High Risk
4658,Concepción Rosario Méndez Santillán,54,281.72,30,666,0.11,Chiapas,Economic,Medium Risk
4659,Ing. Aurora Pérez,40,184.67,5,561,0.29,Baja California,Economic,High Risk
4660,Gabriela Urías Baeza,68,97.66,15,528,0.24,Campeche,Economic,High Risk
4661,Mateo Abelardo Peña Tovar,26,177.64,0,670,0.28,Colima,Economic,Medium Risk
4662,Francisco Herrera Ramón,55,194.51,26,534,0.2,Tlaxcala,Economic,High Risk
4663,Timoteo Leonardo Baca Aponte,57,163.4,34,641,0.14,Querétaro,Economic,High Risk
4664,Abel Jorge Laureano Alcala,69,220.09,5,623,0.54,Zacatecas,Economic,High Risk
4665,Florencia Judith Quintanilla Barragán,47,361.33,10,577,0.59,Yucatán,Economic,High Risk
4666,Sra. Graciela Bernal,21,220.43,0,660,0.52,Oaxaca,Economic,Medium Risk
4667,Dra. Claudia Irizarry,57,204.05,22,555,0.14,Coahuila de Zaragoza,Economic,High Risk
4668,Gerardo Tomás Mota,58,287.54,36,585,0.51,Colima,Economic,High Risk
4669,Nayeli Sara Cepeda Dueñas,52,127.81,30,528,0.12,Coahuila de Zaragoza,Economic,High Risk
4670,Clemente Magaña Ulibarri,26,483.86,2,661,0.47,San Luis Potosí,Economic,Medium Risk
4671,Carolina Débora Vásquez,68,371.65,36,541,0.39,Sonora,Economic,High Risk
4672,Sr. Marcos de León,52,190.17,23,584,0.46,Baja California Sur,Economic,High Risk
4673,María Elena Sofía Villareal Aponte,63,118.33,15,625,0.3,Yucatán,Economic,High Risk
4674,Olivia Lorena Sandoval,61,171.08,9,572,0.1,Michoacán de Ocampo,Economic,High Risk
4675,Israel Raya,30,132.17,8,641,0.44,Durango,Economic,High Risk
4676,Cristobal Espartaco Gurule del Valle,33,177.82,1,611,0.59,Nayarit,Economic,High Risk
4677,Cristobal Zacarías Valverde,52,168.23,1,653,0.3,Distrito Federal,Economic,Medium Risk
4678,Lic. Rosa Bustamante,65,399.44,25,598,0.28,Oaxaca,Economic,High Risk
4679,Claudia Saucedo,23,450.79,0,510,0.45,Querétaro,Economic,High Risk
4680,Benjamín Martín Alonso,26,104.2,2,662,0.18,Zacatecas,Economic,Medium Risk
4681,Mateo Gabino Guardado,51,167.07,24,632,0.36,Oaxaca,Economic,High Risk
4682,Ing. Abelardo Baca,37,205.71,8,504,0.2,Quintana Roo,Economic,High Risk
4683,Alonso Modesto Arenas,41,404.26,12,534,0.54,Tabasco,Economic,High Risk
4684,Rolando Gilberto Meraz Carrión,47,190.69,2,623,0.5,Baja California,Economic,High Risk
4685,Lic. Juana Acuña,38,292.87,11,614,0.3,México,Economic,High Risk
4686,Olivia Andrea Vélez Valle,38,233.77,10,669,0.18,Aguascalientes,Economic,Medium Risk
4687,Yeni Olivárez Marín,59,347.13,11,559,0.21,Puebla,Economic,High Risk
4688,Susana Marisol Grijalva,27,140.86,2,636,0.13,Durango,Economic,High Risk
4689,Dulce María Pamela Paredes Roque,50,309.3,21,587,0.13,Guanajuato,Economic,High Risk
4690,Modesto Olmos,39,344.6,9,630,0.37,Jalisco,Economic,High Risk
4691,Sra. Carolina Baca,23,312.45,0,504,0.29,Guanajuato,Economic,High Risk
4692,Alicia Esmeralda Otero,35,351.56,10,651,0.49,Baja California,Economic,Medium Risk
4693,Hugo Jaime Cabrera Arias,52,276.0,3,678,0.21,Veracruz de Ignacio de la Llave,Economic,Medium Risk
4694,Sessa Saavedra,29,185.61,2,502,0.26,Aguascalientes,Economic,High Risk
4695,Miriam Estrada Gurule,37,319.56,1,556,0.27,Yucatán,Economic,High Risk
4696,Óscar Jorge Luis Colón Garibay,55,188.69,26,641,0.53,Jalisco,Economic,High Risk
4697,Gabriela Tejada Cabán,49,161.47,9,641,0.53,Puebla,Economic,High Risk
4698,Leonor Tamayo Gollum,51,132.28,15,654,0.23,Jalisco,Economic,Medium Risk
4699,Abraham Leonardo Ibarra Pedraza,57,131.38,8,657,0.38,Oaxaca,Economic,Medium Risk
4700,María del Carmen Noemí Zayas,46,188.96,2,581,0.23,Baja California Sur,Economic,High Risk
4701,Ramón Rivas,41,165.5,8,619,0.22,San Luis Potosí,Economic,High Risk
4702,Abelardo Menchaca,56,206.86,18,525,0.49,Morelos,Economic,High Risk
4703,Daniela Eva Carvajal Lozano,39,167.49,5,647,0.58,Nayarit,Economic,High Risk
4704,Maximiliano Cornelio Rosas Venegas,60,284.55,1,552,0.36,Aguascalientes,Economic,High Risk
4705,Lic. Adriana Garay,69,182.93,24,628,0.27,Zacatecas,Economic,High Risk
4706,Alta  Gracia Villagómez,54,496.46,27,631,0.3,Durango,Economic,High Risk
4707,Sr. Rafaél Corona,32,148.8,1,607,0.2,Morelos,Economic,High Risk
4708,Carlota Ballesteros,45,125.11,21,640,0.36,Baja California,Economic,High Risk
4709,Aurelio Espartaco Ríos Saldivar,57,222.96,26,536,0.45,Yucatán,Economic,High Risk
4710,Esther Hernádez Flórez,68,211.74,0,564,0.29,Hidalgo,Economic,High Risk
4711,Inés Cruz,39,307.4,10,639,0.23,Baja California,Economic,High Risk
4712,Rolando Jáquez Crespo,41,535.86,7,512,0.38,Tabasco,Economic,High Risk
4713,Hilda Daniela Armas de Jesús,42,,11,546,0.42,Yucatán,Economic,High Risk
4714,Lic. Abraham Uribe,58,184.94,30,515,0.18,Tamaulipas,Economic,High Risk
4715,Dr. Ernesto Matías,41,215.78,2,658,0.48,Sonora,Economic,Medium Risk
4716,Jerónimo Armando Heredia,56,264.74,13,633,0.43,Baja California Sur,Economic,High Risk
4717,Clemente Reynaldo Verduzco,57,502.72,14,581,0.28,Michoacán de Ocampo,Economic,High Risk
4718,Lorena Aurora Franco,64,246.31,32,502,0.36,Guerrero,Economic,High Risk
4719,Ivonne Merino,25,95.93,5,542,0.19,Sonora,Economic,High Risk
4720,Mónica Guajardo,55,184.53,32,645,0.49,Tlaxcala,Economic,High Risk
4721,Iván Hugo Monroy Longoria,68,208.83,12,509,0.21,Nayarit,Economic,High Risk
4722,Ing. Mauro Polanco,53,176.53,30,519,0.37,Morelos,Economic,High Risk
4723,Cristina Carvajal Irizarry,65,343.04,2,530,0.33,Nayarit,Economic,High Risk
4724,Ignacio Bernabé Ordóñez,58,270.81,29,557,0.52,Nayarit,Economic,High Risk
4725,Asunción Gabriela Caraballo,30,128.07,1,616,0.54,Morelos,Economic,High Risk
4726,Sra. Verónica Brito,70,314.16,29,561,0.4,Aguascalientes,Economic,High Risk
4727,Rodrigo Salinas Camacho,24,94.06,0,604,0.53,Hidalgo,Economic,High Risk
4728,Nancy Benítez Chapa,40,360.19,4,576,0.13,Zacatecas,Economic,High Risk
4729,Mariano Tamayo Palomino,66,231.28,2,529,0.46,Chiapas,Economic,High Risk
4730,Octavio Almaraz Tejeda,46,107.85,21,673,0.43,Oaxaca,Economic,Medium Risk
4731,Jerónimo Alonso Heredia,62,242.02,25,535,0.2,Baja California,Economic,High Risk
4732,Samuel Rubén Carbajal,47,393.1,4,667,0.41,Distrito Federal,Economic,Medium Risk
4733,Sra. Miriam Gamez,51,150.09,29,525,0.44,Guerrero,Economic,High Risk
4734,Sr. Miguel Ángel Valladares,64,,35,650,0.24,Zacatecas,Economic,Medium Risk
4735,Sr. Luis García,23,180.19,0,526,0.18,Oaxaca,Economic,High Risk
4736,Marcela Armenta Villalpando,61,262.21,20,663,0.47,Hidalgo,Economic,Medium Risk
4737,Lilia Naranjo Domínguez,35,312.65,13,670,0.45,San Luis Potosí,Economic,Medium Risk
4738,Mauricio Vanegas,28,270.77,2,665,0.35,Chihuahua,Economic,Medium Risk
4739,Paola Ybarra,67,181.58,11,672,0.37,Zacatecas,Economic,Medium Risk
4740,Lic. Ana María Santiago,57,196.28,1,621,0.45,Campeche,Economic,High Risk
4741,Blanca Esmeralda Bañuelos,50,389.68,8,661,0.5,Jalisco,Economic,Medium Risk
4742,Adriana Anaya,43,180.19,7,622,0.52,San Luis Potosí,Economic,High Risk
4743,Blanca Micaela Quiroz Sánchez,60,214.63,18,669,0.23,Sinaloa,Economic,Medium Risk
4744,Srita. María Eugenia Casas,36,225.93,14,550,0.4,Durango,Economic,High Risk
4745,Camilo Olivera de Anda,28,72.22,8,530,0.55,Sonora,Economic,High Risk
4746,Dra. Barbara del Valle,32,142.82,8,592,0.45,Colima,Economic,High Risk
4747,Perla Peralta Enríquez,28,167.6,0,640,0.39,Nuevo León,Economic,High Risk
4748,María Luisa Nadia Corona Caballero,28,218.06,9,631,0.32,Sonora,Economic,High Risk
4749,Porfirio Bernardo Macías,56,228.79,13,528,0.49,Coahuila de Zaragoza,Economic,High Risk
4750,María Jáquez Guzmán,37,239.72,10,631,0.14,Guerrero,Economic,High Risk
4751,Antonio Samuel Ruiz Holguín,29,212.17,0,519,0.17,Veracruz de Ignacio de la Llave,Economic,High Risk
4752,Marcos Hernández,29,131.71,5,568,0.3,Veracruz de Ignacio de la Llave,Economic,High Risk
4753,Ing. Silvano Hernandes,39,428.17,2,573,0.38,Chihuahua,Economic,High Risk
4754,Felix Salvador Tello,41,358.78,19,531,0.21,Quintana Roo,Economic,High Risk
4755,Sra. Francisca Carrasco,52,208.54,16,568,0.58,Baja California Sur,Economic,High Risk
4756,Claudia Zavala Cervantes,38,244.4,13,648,0.54,Sinaloa,Economic,High Risk
4757,Cristobal Jerónimo Treviño,37,143.97,9,509,0.29,Zacatecas,Economic,High Risk
4758,Alfonso Fernando Polanco,52,150.92,22,524,0.58,Veracruz de Ignacio de la Llave,Economic,High Risk
4759,Sessa Carolina Longoria Prado,50,207.02,12,647,0.14,Colima,Economic,High Risk
4760,Timoteo Gregorio Rodríquez,66,177.64,42,614,0.4,San Luis Potosí,Economic,High Risk
4761,Diego Flavio Guerrero,53,248.74,27,564,0.48,Jalisco,Economic,High Risk
4762,Julio César Peña,45,90.35,24,674,0.4,Quintana Roo,Economic,Medium Risk
4763,Rosa Contreras,50,351.23,28,680,0.31,Baja California Sur,Economic,Medium Risk
4764,Rocío Montes Pelayo,50,276.01,5,539,0.26,Tlaxcala,Economic,High Risk
4765,Israel Clemente Moreno,58,212.13,8,618,0.43,San Luis Potosí,Economic,High Risk
4766,Anel Villagómez Guardado,34,297.16,9,632,0.23,Tamaulipas,Economic,High Risk
4767,Dra. Reina Gastélum,34,210.57,4,515,0.26,Michoacán de Ocampo,Economic,High Risk
4768,Ernesto Grijalva Montalvo,45,626.72,18,516,0.46,Baja California,Economic,High Risk
4769,Bernabé Alarcón Gil,70,192.8,40,658,0.26,Sonora,Economic,Medium Risk
4770,Gabino José Eduardo Robles,58,255.74,14,545,0.53,Durango,Economic,High Risk
4771,Micaela del Río,32,207.82,6,666,0.26,Michoacán de Ocampo,Economic,Medium Risk
4772,Gilberto Carbajal,23,294.98,2,599,0.22,Durango,Economic,High Risk
4773,Ing. Salvador Montalvo,22,100.13,0,675,0.21,Quintana Roo,Economic,Medium Risk
4774,Laura Noelia Rojo Carrillo,33,102.11,5,530,0.16,Zacatecas,Economic,High Risk
4775,Florencia Anel Arreola,38,237.39,11,555,0.32,Nuevo León,Economic,High Risk
4776,Natividad María Teresa Serrano Sisneros,37,140.75,12,543,0.33,Chiapas,Economic,High Risk
4777,Gerardo Córdova Tamez,22,150.83,0,547,0.41,Tabasco,Economic,High Risk
4778,Elias Godínez Almanza,22,352.5,3,556,0.21,Yucatán,Economic,High Risk
4779,José Carlos Mauricio Saldivar,30,305.07,4,650,0.55,Yucatán,Economic,Medium Risk
4780,Tomás Linares,27,78.37,7,612,0.13,México,Economic,High Risk
4781,Hernán Clemente Posada Varela,30,128.44,2,500,0.15,Jalisco,Economic,High Risk
4782,Sessa Collazo,54,139.84,25,593,0.59,Tamaulipas,Economic,High Risk
4783,Adriana Menéndez,44,296.08,17,653,0.39,Querétaro,Economic,Medium Risk
4784,Isabela Delia Vanegas,31,215.12,6,536,0.58,Michoacán de Ocampo,Economic,High Risk
4785,Hilda Rascón Pérez,48,213.9,1,528,0.41,Chiapas,Economic,High Risk
4786,Ing. Bernardo Rosas,63,180.31,20,538,0.53,Distrito Federal,Economic,High Risk
4787,Olivia Olivia Leyva,50,385.9,19,583,0.33,Tamaulipas,Economic,High Risk
4788,Juan Cordero Cornejo,26,392.82,0,628,0.31,Baja California,Economic,High Risk
4789,Pamela Sofía Centeno,42,266.43,19,620,0.59,Baja California,Economic,High Risk
4790,Lic. Benito Trujillo,29,58.43,3,624,0.13,Campeche,Economic,High Risk
4791,Pedro Matos,62,218.39,38,618,0.33,Jalisco,Economic,High Risk
4792,Carlota Débora Salcido Ocampo,62,293.97,10,617,0.24,Zacatecas,Economic,High Risk
4793,Citlali Amelia Alfaro Solorio,53,286.02,29,625,0.41,Querétaro,Economic,High Risk
4794,Hermelinda Inés Garay Concepción,68,102.7,20,599,0.34,Campeche,Economic,High Risk
4795,Jos Darío Valencia Manzanares,51,191.36,12,582,0.33,Baja California Sur,Economic,High Risk
4796,Citlali Correa,54,199.23,10,554,0.21,Aguascalientes,Economic,High Risk
4797,Noelia Celia Rosales,62,235.32,36,656,0.17,Sonora,Economic,Medium Risk
4798,Gregorio Mauricio Borrego Sanches,25,341.5,2,576,0.49,Morelos,Economic,High Risk
4799,Elvia Ana María Segovia,49,349.04,0,622,0.44,Distrito Federal,Economic,High Risk
4800,José Manuél Abraham Alvarado,51,391.28,24,514,0.14,Yucatán,Economic,High Risk
4801,Augusto Aragón Madrid,42,140.76,9,536,0.19,Tlaxcala,Economic,High Risk
4802,Dr. Guillermo Mena,59,135.09,8,669,0.59,Baja California Sur,Economic,Medium Risk
4803,Ricardo Menchaca Rosales,36,149.1,6,634,0.15,Tlaxcala,Economic,High Risk
4804,Armando Hernán Piña,31,223.93,8,661,0.22,San Luis Potosí,Economic,Medium Risk
4805,Ing. Flavio Monroy,62,181.99,16,679,0.28,Michoacán de Ocampo,Economic,Medium Risk
4806,Zeferino Moreno,29,230.92,6,639,0.56,Baja California Sur,Economic,High Risk
4807,Yeni Saucedo,54,279.52,26,570,0.39,Aguascalientes,Economic,High Risk
4808,Zeferino Alcala Hernandes,53,286.48,22,657,0.26,Baja California Sur,Economic,Medium Risk
4809,Guadalupe Elvira Tirado,33,283.15,11,608,0.15,Chihuahua,Economic,High Risk
4810,Rosalia Paola Lemus,68,369.05,0,558,0.49,Veracruz de Ignacio de la Llave,Economic,High Risk
4811,Laura Aguayo Santana,48,74.86,10,569,0.39,Campeche,Economic,High Risk
4812,Bernardo Batista Mejía,39,191.92,4,610,0.6,Distrito Federal,Economic,High Risk
4813,Amalia Flores Medrano,61,196.66,1,551,0.47,Hidalgo,Economic,High Risk
4814,Carlos Baca Zavala,58,226.19,16,504,0.3,Sonora,Economic,High Risk
4815,Pamela Marisela Nieto,31,212.36,1,644,0.11,Tamaulipas,Economic,High Risk
4816,Arturo Raúl Villagómez Zayas,22,203.32,0,675,0.18,Sinaloa,Economic,Medium Risk
4817,Carlos Luna,32,125.28,7,653,0.47,Quintana Roo,Economic,Medium Risk
4818,Ofelia Carla Cepeda,66,203.04,25,644,0.29,Quintana Roo,Economic,High Risk
4819,Eugenio Héctor Otero Cervántez,58,430.79,17,631,0.5,Chihuahua,Economic,High Risk
4820,Zeferino José Carlos Saldaña,45,205.71,12,534,0.14,Sonora,Economic,High Risk
4821,Ramón Pelayo Cortez,49,436.26,14,675,0.44,Chiapas,Economic,Medium Risk
4822,María Eugenia Chavarría,41,223.69,2,527,0.17,Colima,Economic,High Risk
4823,Alonso Alejandro Mondragón,39,438.23,2,585,0.34,Morelos,Economic,High Risk
4824,Wendolin Leiva Meraz,29,251.81,5,544,0.12,Yucatán,Economic,High Risk
4825,José Carlos Viera,33,173.1,14,567,0.34,Tabasco,Economic,High Risk
4826,Mitzy Montez Olivera,42,181.57,21,650,0.16,Campeche,Economic,Medium Risk
4827,Sr. Aurelio Cuellar,53,249.55,22,617,0.24,Chiapas,Economic,High Risk
4828,Olga Nieves,37,331.22,13,593,0.47,Guerrero,Economic,High Risk
4829,Zoé Estrada,28,244.21,1,597,0.47,México,Economic,High Risk
4830,Francisco Riojas Casanova,21,81.96,0,616,0.39,Quintana Roo,Economic,High Risk
4831,Alejandro Adán Espinosa Sánchez,26,192.76,4,556,0.14,Zacatecas,Economic,High Risk
4832,Augusto Avilés Castañeda,61,,35,547,0.22,Zacatecas,Economic,High Risk
4833,Leticia Dolores Granados,51,241.58,28,523,0.42,Coahuila de Zaragoza,Economic,High Risk
4834,Ing. Mauro Rascón,66,234.02,15,571,0.39,Sinaloa,Economic,High Risk
4835,Natalia Blanca Alemán Romo,67,329.49,34,596,0.59,Veracruz de Ignacio de la Llave,Economic,High Risk
4836,Dr. Espartaco de la Rosa,32,91.24,9,588,0.22,Oaxaca,Economic,High Risk
4837,Sergio José Manuél Salinas,65,130.66,23,599,0.28,Guanajuato,Economic,High Risk
4838,Victoria Tirado Chavarría,52,221.14,10,510,0.41,Querétaro,Economic,High Risk
4839,Cristobal Óliver Tórrez,49,333.01,4,649,0.32,San Luis Potosí,Economic,High Risk
4840,Dra. Ana María Acosta,50,182.7,9,528,0.21,Jalisco,Economic,High Risk
4841,Jorge Jonás Baeza,31,166.06,1,617,0.13,Sonora,Economic,High Risk
4842,Ignacio Eugenio Roque,54,189.81,20,593,0.56,Tabasco,Economic,High Risk
4843,Emiliano Amaya Barreto,27,223.86,1,629,0.19,San Luis Potosí,Economic,High Risk
4844,Sra. Elena Zaragoza,26,324.58,0,571,0.41,San Luis Potosí,Economic,High Risk
4845,Olga Araceli León Ávila,44,117.56,1,508,0.17,Sinaloa,Economic,High Risk
4846,María Cristina Cavazos,39,178.66,19,583,0.5,Baja California Sur,Economic,High Risk
4847,Lic. Alberto Vélez,39,209.4,19,641,0.26,Distrito Federal,Economic,High Risk
4848,Gerardo Terán Rosas,65,148.54,19,663,0.49,Colima,Economic,Medium Risk
4849,Paulina Dulce Colón Griego,64,212.3,15,541,0.29,Distrito Federal,Economic,High Risk
4850,Gabriela Salma Villegas,58,273.02,5,610,0.45,Colima,Economic,High Risk
4851,Cynthia Alonzo Guardado,63,164.9,34,663,0.23,Jalisco,Economic,Medium Risk
4852,Lourdes María Teresa Vásquez,23,295.83,0,578,0.28,Baja California,Economic,High Risk
4853,Amalia Rincón,58,110.63,31,629,0.13,Campeche,Economic,High Risk
4854,Camilo Contreras Carrera,25,200.86,0,641,0.36,Puebla,Economic,High Risk
4855,Francisco Javier Quezada,43,179.64,10,589,0.57,San Luis Potosí,Economic,High Risk
4856,Esperanza Vásquez,37,175.04,0,527,0.11,Veracruz de Ignacio de la Llave,Economic,High Risk
4857,Mario Baca Aguirre,63,334.84,34,551,0.59,San Luis Potosí,Economic,High Risk
4858,Verónica Quezada,30,152.1,4,679,0.42,Zacatecas,Economic,Medium Risk
4859,Rosa Barragán Zamudio,68,438.0,5,575,0.54,Puebla,Economic,High Risk
4860,Lorena Rosario Ocampo,33,159.53,0,574,0.43,Durango,Economic,High Risk
4861,Miguel Ramiro Fernández Madera,58,150.56,10,560,0.36,Oaxaca,Economic,High Risk
4862,Sr. Ramiro Contreras,58,302.28,26,662,0.54,Morelos,Economic,Medium Risk
4863,Horacio Benjamín Ontiveros Posada,26,357.75,1,595,0.21,Distrito Federal,Economic,High Risk
4864,Agustín Sergio Villalpando Gallardo,43,462.29,17,532,0.36,Distrito Federal,Economic,High Risk
4865,Ángela Marisela Zamora,62,195.09,40,633,0.18,Baja California,Economic,High Risk
4866,Cynthia Arguello,21,154.73,0,614,0.31,Oaxaca,Economic,High Risk
4867,Fabiola Rebeca Nieto Galván,44,188.41,14,551,0.51,Sonora,Economic,High Risk
4868,Srita. Rocío Limón,36,214.3,17,573,0.3,Chihuahua,Economic,High Risk
4869,Carolina Celia Pérez Godoy,66,149.02,25,571,0.13,Durango,Economic,High Risk
4870,Federico Alberto Mateo Beltrán,52,298.37,14,556,0.11,Distrito Federal,Economic,High Risk
4871,Sr. Ángel Cordero,43,409.6,17,534,0.48,Distrito Federal,Economic,High Risk
4872,Jos Solís Munguía,27,172.99,3,559,0.54,Campeche,Economic,High Risk
4873,Srita. Mercedes Puga,28,176.14,6,637,0.52,Tabasco,Economic,High Risk
4874,Dulce María Arellano Polanco,65,255.26,21,624,0.58,Aguascalientes,Economic,High Risk
4875,Ing. Juan Otero,39,283.43,2,533,0.16,Yucatán,Economic,High Risk
4876,Lilia Maestas,69,115.96,42,506,0.56,Chihuahua,Economic,High Risk
4877,Porfirio Pablo Echeverría Esparza,56,492.76,6,567,0.26,Sinaloa,Economic,High Risk
4878,Eduardo Adán Valdez,46,275.43,23,559,0.17,Guerrero,Economic,High Risk
4879,Iván Pedroza,22,145.82,0,518,0.13,Guerrero,Economic,High Risk
4880,Roberto Garibay Ibarra,36,146.08,9,605,0.16,Oaxaca,Economic,High Risk
4881,Martha Menchaca,32,338.1,5,585,0.58,Aguascalientes,Economic,High Risk
4882,Adela Gómez,42,158.43,16,576,0.11,Querétaro,Economic,High Risk
4883,Violeta Quiñónez,38,167.11,14,549,0.22,Baja California Sur,Economic,High Risk
4884,Armando Altamirano Gaytán,57,156.49,17,597,0.5,México,Economic,High Risk
4885,Dr. Gonzalo Niño,24,215.29,0,545,0.14,Michoacán de Ocampo,Economic,High Risk
4886,Mateo Ordóñez,24,155.2,0,570,0.1,Nayarit,Economic,High Risk
4887,Rolando Isaac Correa,27,552.69,6,506,0.18,Veracruz de Ignacio de la Llave,Economic,High Risk
4888,Marisol Abrego,57,223.72,16,653,0.58,Michoacán de Ocampo,Economic,Medium Risk
4889,Concepción Inés Cepeda Mares,60,101.71,16,585,0.58,Tabasco,Economic,High Risk
4890,Anabel Barela,27,286.1,2,627,0.16,Puebla,Economic,High Risk
4891,Zoé Graciela Angulo,68,159.21,0,566,0.2,Baja California,Economic,High Risk
4892,Ing. Israel de León,25,169.95,2,634,0.31,Sonora,Economic,High Risk
4893,Renato José Manuél Polanco,64,314.65,16,670,0.33,Tabasco,Economic,Medium Risk
4894,Arturo José Manuél Anguiano Godoy,59,326.17,31,511,0.17,Querétaro,Economic,High Risk
4895,Lic. Ariadna Negrete,41,266.42,5,590,0.55,Querétaro,Economic,High Risk
4896,Genaro Pablo Zúñiga,69,341.52,1,586,0.29,Durango,Economic,High Risk
4897,Clara Rodarte,28,161.04,6,597,0.13,Zacatecas,Economic,High Risk
4898,Elvia Rodarte,30,263.03,5,647,0.21,Colima,Economic,High Risk
4899,Sr. Mariano Vásquez,61,115.15,10,536,0.46,Quintana Roo,Economic,High Risk
4900,Bianca Salma Durán Lucero,69,290.98,43,521,0.51,Sonora,Economic,High Risk
4901,Sra. Carla Noriega,64,363.08,17,670,0.38,Tabasco,Economic,Medium Risk
4902,Cristobal Esquibel Magaña,31,112.15,0,666,0.42,Tamaulipas,Economic,Medium Risk
4903,Timoteo Segovia,54,141.42,2,619,0.58,Aguascalientes,Economic,High Risk
4904,Juan Carlos Bernabé Cruz Salazar,21,421.05,2,586,0.16,Durango,Economic,High Risk
4905,Lourdes Gastélum Madrid,45,158.27,22,527,0.55,Querétaro,Economic,High Risk
4906,Nicolás Marco Antonio Gaytán,31,232.78,5,664,0.35,Zacatecas,Economic,Medium Risk
4907,Ing. Adriana Calderón,48,152.8,8,548,0.31,Morelos,Economic,High Risk
4908,Ing. María Teresa Arenas,33,126.26,5,534,0.36,Jalisco,Economic,High Risk
4909,Emilia Cortés,41,132.82,14,556,0.2,Sinaloa,Economic,High Risk
4910,Carla Orta Santacruz,28,703.64,0,514,0.24,Chihuahua,Economic,High Risk
4911,Carmen Rocío Torres,28,230.91,1,580,0.37,Morelos,Economic,High Risk
4912,Silvano Madrigal Vigil,68,168.43,14,563,0.51,Yucatán,Economic,High Risk
4913,Tania Carranza,54,610.16,5,518,0.58,Chihuahua,Economic,High Risk
4914,Magdalena Claudia Ocasio,49,222.66,11,605,0.34,Durango,Economic,High Risk
4915,Amelia Preciado Varela,70,321.03,32,584,0.45,Coahuila de Zaragoza,Economic,High Risk
4916,Jaqueline Zelaya,50,541.59,4,531,0.1,Hidalgo,Economic,High Risk
4917,Marcos Evelio Verduzco,37,79.75,11,562,0.45,Sonora,Economic,High Risk
4918,Armando Gilberto Villegas,40,547.98,12,608,0.34,Colima,Economic,High Risk
4919,Rosario Estefanía Ulibarri,28,221.62,7,654,0.39,Puebla,Economic,Medium Risk
4920,Jorge Luis Santiago Bahena Gómez,67,177.05,30,555,0.51,Colima,Economic,High Risk
4921,Wendolin Cristina Ponce,70,91.28,4,636,0.43,San Luis Potosí,Economic,High Risk
4922,Jaime Hernádez,41,186.24,8,648,0.52,Guanajuato,Economic,High Risk
4923,Nelly Aida Balderas,58,138.08,22,673,0.49,Tabasco,Economic,Medium Risk
4924,Ignacio Enrique de la Torre,61,205.72,16,608,0.31,San Luis Potosí,Economic,High Risk
4925,Alejandro Aponte Candelaria,41,220.99,15,643,0.55,Coahuila de Zaragoza,Economic,High Risk
4926,Marcos Santillán,58,231.64,24,529,0.26,Sinaloa,Economic,High Risk
4927,Jesús Lorenzo Ruiz,70,310.81,14,511,0.45,Campeche,Economic,High Risk
4928,José Berríos Candelaria,43,701.95,6,625,0.26,Sinaloa,Economic,High Risk
4929,Abelardo Fidel Collazo Bustamante,65,122.82,14,588,0.4,Baja California Sur,Economic,High Risk
4930,Minerva Noemí Mascareñas,50,224.61,5,666,0.16,Michoacán de Ocampo,Economic,Medium Risk
4931,Lic. Yuridia Mena,54,297.19,23,642,0.23,Quintana Roo,Economic,High Risk
4932,Natividad Frida Leyva de la Fuente,30,190.42,2,658,0.22,San Luis Potosí,Economic,Medium Risk
4933,Helena Heredia Henríquez,22,191.04,0,504,0.21,Michoacán de Ocampo,Economic,High Risk
4934,Lic. Raquel Villa,50,285.58,11,649,0.16,Tabasco,Economic,High Risk
4935,Miguel Ángel Mercado,60,268.1,11,654,0.14,Zacatecas,Economic,Medium Risk
4936,Ing. Silvano Valentín,62,134.36,41,614,0.57,Guerrero,Economic,High Risk
4937,Abraham Eduardo Villa Quezada,24,77.88,0,644,0.38,Baja California,Economic,High Risk
4938,Carlota Noelia Vallejo Tijerina,63,290.65,37,539,0.22,Coahuila de Zaragoza,Economic,High Risk
4939,Anabel Ontiveros,35,470.7,2,608,0.22,Distrito Federal,Economic,High Risk
4940,Ángel Altamirano,70,247.34,49,649,0.27,Chiapas,Economic,High Risk
4941,Lic. Silvano Villareal,24,204.68,2,589,0.2,Chiapas,Economic,High Risk
4942,Gerardo Miramontes Balderas,61,396.74,0,517,0.36,Durango,Economic,High Risk
4943,Felipe Hurtado,57,,5,588,0.32,Baja California Sur,Economic,High Risk
4944,Citlali Vargas Jurado,27,168.22,3,643,0.18,Yucatán,Economic,High Risk
4945,Eva Sonia Romo Zelaya,34,125.24,8,554,0.27,San Luis Potosí,Economic,High Risk
4946,Ruby Clara Romero,57,774.9,14,572,0.31,Colima,Economic,High Risk
4947,Joaquín Núñez Romero,28,328.85,1,527,0.34,Tlaxcala,Economic,High Risk
4948,José Manuél Calvillo Arteaga,30,200.69,8,574,0.44,Morelos,Economic,High Risk
4949,Dra. Caridad Ramón,25,219.61,4,591,0.13,Baja California,Economic,High Risk
4950,Srita. Josefina Rolón,64,347.24,30,593,0.39,Coahuila de Zaragoza,Economic,High Risk
4951,Sergio Lucas Ponce,32,129.69,10,601,0.33,Baja California Sur,Economic,High Risk
4952,Dulce Soledad Gurule,46,179.23,3,602,0.2,Michoacán de Ocampo,Economic,High Risk
4953,Homero Jorge Luis Lozano Covarrubias,40,177.79,10,676,0.1,Aguascalientes,Economic,Medium Risk
4954,Esther Frida Trejo Yáñez,47,107.25,18,586,0.33,Guanajuato,Economic,High Risk
4955,Sonia Gabriela Rosado de Anda,48,334.33,1,579,0.29,Zacatecas,Economic,High Risk
4956,Frida Dalia Urbina,29,135.66,4,604,0.59,Chiapas,Economic,High Risk
4957,Gabriela Victoria Farías,63,211.86,42,582,0.19,Veracruz de Ignacio de la Llave,Economic,High Risk
4958,Dra. Asunción Vergara,56,444.82,25,658,0.6,Distrito Federal,Economic,Medium Risk
4959,Mónica Abril Varela,53,230.93,1,619,0.2,Campeche,Economic,High Risk
4960,Sara Delgado García,39,299.74,7,526,0.57,Puebla,Economic,High Risk
4961,Jos Samuel Muñiz Cano,54,237.88,23,582,0.23,Jalisco,Economic,High Risk
4962,Sra. Graciela Razo,24,153.16,5,634,0.57,Tlaxcala,Economic,High Risk
4963,Mitzy Jaqueline Narváez Escobar,60,674.32,35,533,0.53,Tlaxcala,Economic,High Risk
4964,Flavio Badillo Ávila,49,189.62,22,587,0.32,Tlaxcala,Economic,High Risk
4965,Alvaro Miguel Sierra Alcaraz,67,189.28,3,624,0.46,Oaxaca,Economic,High Risk
4966,Isabela Noemí Montez,65,159.4,3,513,0.11,Coahuila de Zaragoza,Economic,High Risk
4967,Rolando Jaime Calvillo Palacios,35,257.55,6,598,0.36,Durango,Economic,High Risk
4968,Eric Ramón Matos Corona,37,196.08,12,517,0.55,Durango,Economic,High Risk
4969,Anabel Elvia Jurado Guevara,40,,7,577,0.14,Guanajuato,Economic,High Risk
4970,Jaqueline Ruiz,41,258.46,17,579,0.33,Zacatecas,Economic,High Risk
4971,Virginia Batista,47,284.38,19,636,0.19,San Luis Potosí,Economic,High Risk
4972,Wilfrido Sevilla Leal,25,202.82,2,504,0.19,Campeche,Economic,High Risk
4973,Eric Sergio Peralta,53,172.48,34,660,0.29,Sinaloa,Economic,Medium Risk
4974,Sergio Muñoz,48,185.58,17,552,0.46,Chihuahua,Economic,High Risk
4975,Esther Sofía Montalvo,55,110.38,34,578,0.11,Hidalgo,Economic,High Risk
4976,Anel Dueñas Cruz,31,201.07,5,514,0.22,Durango,Economic,High Risk
4977,Gabriela Angulo,21,347.4,0,613,0.6,Oaxaca,Economic,High Risk
4978,Dr. Hugo Escalante,44,288.57,2,570,0.35,Aguascalientes,Economic,High Risk
4979,Dr. Aldo Cruz,49,281.1,20,630,0.42,Durango,Economic,High Risk
4980,Ing. Miriam Montaño,62,229.82,24,552,0.41,Tamaulipas,Economic,High Risk
4981,Dr. Humberto Granado,35,258.56,9,562,0.11,San Luis Potosí,Economic,High Risk
4982,José Leonardo Ulibarri Romero,34,306.49,7,656,0.1,San Luis Potosí,Economic,Medium Risk
4983,Dra. Florencia Coronado,24,350.12,0,534,0.43,Colima,Economic,High Risk
4984,Hugo Ordóñez Tovar,61,266.68,34,533,0.4,Tamaulipas,Economic,High Risk
4985,Luis Miguel Isaac Colunga,28,356.68,1,582,0.33,Puebla,Economic,High Risk
4986,Ing. Gloria Meléndez,32,323.1,7,597,0.2,Michoacán de Ocampo,Economic,High Risk
4987,Luz Sepúlveda Quintero,31,124.01,4,576,0.35,Chiapas,Economic,High Risk
4988,Manuel Arteaga Olivera,46,290.77,23,578,0.58,Durango,Economic,High Risk
4989,Salma Cisneros,31,541.05,6,646,0.4,Veracruz de Ignacio de la Llave,Economic,High Risk
4990,Sergio Ignacio Garrido Vásquez,52,245.65,15,540,0.32,Puebla,Economic,High Risk
4991,Nadia Isabela Roybal,55,223.01,0,630,0.3,Morelos,Economic,High Risk
4992,Víctor Jesús Piña,36,164.57,13,662,0.2,Distrito Federal,Economic,Medium Risk
4993,José Emilio Alarcón,31,187.03,7,521,0.12,Zacatecas,Economic,High Risk
4994,Wilfrido Pantoja,29,321.57,7,610,0.23,Puebla,Economic,High Risk
4995,Enrique Bahena Cervantes,28,138.96,1,610,0.2,Durango,Economic,High Risk
4996,Lic. Marcela Lozano,37,252.88,6,625,0.51,Baja California,Economic,High Risk
4997,Ing. Espartaco Villanueva,64,122.79,0,587,0.6,Baja California Sur,Economic,High Risk
4998,Sra. Asunción Bustamante,23,213.39,5,625,0.56,Veracruz de Ignacio de la Llave,Economic,High Risk
4999,María Luisa Cadena,28,195.68,1,674,0.47,San Luis Potosí,Economic,Medium Risk
5000,Ing. Ana María Perea,57,239.07,8,664,0.51,Zacatecas,Economic,Medium Risk
5001,Miguel Ángel Nieto Toro,22,103.48,1,587,0.24,Oaxaca,Economic,High Risk
5002,Renato Abelardo Toledo,43,261.06,14,665,0.57,Tabasco,Economic,Medium Risk
5003,Arcelia Leiva Loya,67,481.58,30,527,0.38,Puebla,Economic,High Risk
5004,José Carlos Mauro Sánchez,58,397.06,5,608,0.52,Tamaulipas,Economic,High Risk
5005,Adalberto de la Crúz Estévez,69,252.64,33,645,0.5,Sinaloa,Economic,High Risk
5006,Cristobal Carvajal Acevedo,37,190.2,5,552,0.12,Distrito Federal,Economic,High Risk
5007,Sra. Leticia Galarza,69,138.69,49,512,0.5,Jalisco,Economic,High Risk
5008,Carolina Gurule Ocasio,57,240.9,2,541,0.11,Hidalgo,Economic,High Risk
5009,Josefina Socorro Olivera,68,328.19,6,596,0.56,Sonora,Economic,High Risk
5010,Adalberto Reyna Monroy,44,299.92,17,679,0.13,San Luis Potosí,Economic,Medium Risk
5011,Natividad Andrea Granados,36,428.19,7,510,0.24,Distrito Federal,Economic,High Risk
5012,Elena Pedroza Prado,52,160.26,16,549,0.4,Colima,Economic,High Risk
5013,Sr. Daniel Ulloa,38,93.9,10,514,0.51,San Luis Potosí,Economic,High Risk
5014,Guillermo Maya,41,,14,518,0.43,México,Economic,High Risk
5015,Felipe Padilla Crespo,69,180.29,40,569,0.6,Jalisco,Economic,High Risk
5016,Natalia Blanca Lozano Barrera,67,400.19,11,558,0.21,Nayarit,Economic,High Risk
5017,Jonás Rodolfo Robles,39,,14,528,0.13,Querétaro,Economic,High Risk
5018,Miguel Esteban Roldán Arteaga,60,190.57,22,659,0.36,Guanajuato,Economic,Medium Risk
5019,Miriam Zoé Centeno Valdés,21,155.66,0,510,0.49,Veracruz de Ignacio de la Llave,Economic,High Risk
5020,Antonia Anguiano,57,389.9,16,530,0.26,Nuevo León,Economic,High Risk
5021,Graciela Lourdes Lucero,34,183.63,0,567,0.38,Coahuila de Zaragoza,Economic,High Risk
5022,José Manuél Barrientos,61,204.39,1,643,0.55,San Luis Potosí,Economic,High Risk
5023,Teresa Paulina Zayas,51,171.82,19,511,0.36,Veracruz de Ignacio de la Llave,Economic,High Risk
5024,Carmen Pedraza Esquivel,70,186.99,13,569,0.58,Michoacán de Ocampo,Economic,High Risk
5025,Sonia Rico,68,162.92,29,657,0.53,Distrito Federal,Economic,Medium Risk
5026,Jacinto Verduzco,66,163.23,37,677,0.26,México,Economic,Medium Risk
5027,Srita. Marisela Carranza,52,156.37,31,576,0.13,Sinaloa,Economic,High Risk
5028,Wendolin Mayorga,67,204.96,34,521,0.18,Coahuila de Zaragoza,Economic,High Risk
5029,Conchita Collazo,60,250.9,2,618,0.26,Puebla,Economic,High Risk
5030,Carlos Alba Heredia,40,94.87,14,541,0.14,Aguascalientes,Economic,High Risk
5031,Rocío Abreu Barrios,61,657.48,19,557,0.45,Baja California Sur,Economic,High Risk
5032,Conchita Rodarte,32,291.38,9,660,0.33,Campeche,Economic,Medium Risk
5033,Rebeca Hermelinda Pacheco,26,365.08,2,562,0.37,Baja California,Economic,High Risk
5034,Judith Noelia Colón Benítez,66,207.88,31,538,0.29,San Luis Potosí,Economic,High Risk
5035,Bruno Paredes Peralta,25,326.0,2,615,0.28,San Luis Potosí,Economic,High Risk
5036,Indira Rosario Arellano,70,264.3,20,506,0.14,Jalisco,Economic,High Risk
5037,Sr. Ignacio Santillán,52,240.51,22,524,0.14,Michoacán de Ocampo,Economic,High Risk
5038,Abraham Villalpando Santacruz,41,171.34,2,531,0.4,Querétaro,Economic,High Risk
5039,Arturo Julio César Arroyo,64,255.42,20,597,0.19,Colima,Economic,High Risk
5040,Ana Ariadna Echeverría Bañuelos,39,154.77,15,679,0.32,Morelos,Economic,Medium Risk
5041,Mario Mora,64,275.52,3,675,0.59,Guerrero,Economic,Medium Risk
5042,Gonzalo Cervántez Carbajal,61,220.77,28,663,0.47,Campeche,Economic,Medium Risk
5043,Martín Guardado,69,148.47,29,560,0.44,Guanajuato,Economic,High Risk
5044,Clara Caraballo,26,302.61,2,592,0.18,Oaxaca,Economic,High Risk
5045,María Eugenia Alma Meza,70,290.01,35,624,0.37,Tlaxcala,Economic,High Risk
5046,Horacio Jesús Benítez,36,204.05,13,518,0.56,Guerrero,Economic,High Risk
5047,Ing. Ana Garrido,52,190.53,11,655,0.36,Baja California Sur,Economic,Medium Risk
5048,Antonio Rojo Rendón,40,292.29,7,568,0.2,Baja California Sur,Economic,High Risk
5049,Blanca Hermelinda Holguín de la Rosa,45,115.65,4,666,0.28,Puebla,Economic,Medium Risk
5050,Guillermo Jerónimo Rosales,52,617.79,4,535,0.54,Nuevo León,Economic,High Risk
5051,Rosario Heredia,47,156.18,3,680,0.56,Morelos,Economic,Medium Risk
5052,Bruno Víctor Bañuelos Espinoza,63,133.55,37,639,0.22,Morelos,Economic,High Risk
5053,Patricio Uriel Noriega,50,163.37,24,556,0.4,México,Economic,High Risk
5054,Barbara Georgina Almaraz Salcedo,70,238.42,2,559,0.56,Tamaulipas,Economic,High Risk
5055,Cristal Sandra Chávez Segovia,35,235.2,6,639,0.11,Tabasco,Economic,High Risk
5056,Wendolin Lourdes Quiñones Padilla,22,326.93,0,593,0.32,Aguascalientes,Economic,High Risk
5057,Dr. Raúl Cepeda,30,163.47,0,551,0.19,Aguascalientes,Economic,High Risk
5058,Lic. Débora Bonilla,55,204.62,10,546,0.57,Veracruz de Ignacio de la Llave,Economic,High Risk
5059,Dra. Jaqueline Perales,54,167.67,9,580,0.2,Hidalgo,Economic,High Risk
5060,Francisca Casanova,43,253.64,5,673,0.47,Guerrero,Economic,Medium Risk
5061,María José del Río Cardenas,22,239.0,0,564,0.59,Yucatán,Economic,High Risk
5062,Pedro Enrique Irizarry de la Torre,47,307.22,3,584,0.23,Michoacán de Ocampo,Economic,High Risk
5063,Bianca Escamilla,40,266.22,3,535,0.59,Distrito Federal,Economic,High Risk
5064,Ing. Alfredo Tamez,57,134.6,5,562,0.16,Baja California,Economic,High Risk
5065,Dr. Vicente Santillán,30,402.1,1,652,0.42,Aguascalientes,Economic,Medium Risk
5066,Hermelinda Amelia Bravo Loya,56,413.14,12,506,0.39,Nayarit,Economic,High Risk
5067,Miriam Mateo,54,247.64,6,601,0.54,Coahuila de Zaragoza,Economic,High Risk
5068,Jerónimo Eduardo Quintero,30,319.83,8,591,0.58,Querétaro,Economic,High Risk
5069,Marcela Isabel Romero,45,264.83,14,572,0.37,Chihuahua,Economic,High Risk
5070,Irene Esther Solorio Cardenas,50,222.33,4,512,0.5,Oaxaca,Economic,High Risk
5071,Rodolfo Amador Frías,40,181.4,10,636,0.27,Tamaulipas,Economic,High Risk
5072,Leticia Norma Mondragón,36,219.08,14,584,0.14,Durango,Economic,High Risk
5073,Jacinto Marrero,67,190.0,32,632,0.34,Nuevo León,Economic,High Risk
5074,Nelly María José Gallegos Casanova,50,122.4,14,602,0.14,Colima,Economic,High Risk
5075,Estela Julia Jaime,46,469.43,11,649,0.43,Durango,Economic,High Risk
5076,Modesto Flavio Aranda Bustos,47,217.74,13,518,0.1,Zacatecas,Economic,High Risk
5077,Hernán Porfirio Carreón,53,153.98,5,633,0.55,Sonora,Economic,High Risk
5078,Ignacio Escamilla Hernandes,25,341.89,0,547,0.41,Distrito Federal,Economic,High Risk
5079,Marco Antonio del Río,62,313.41,11,560,0.57,Puebla,Economic,High Risk
5080,Felipe Mayorga,42,,3,504,0.54,Jalisco,Economic,High Risk
5081,Dr. Rolando Serrano,52,261.26,15,545,0.18,Tamaulipas,Economic,High Risk
5082,Gerónimo Óscar Padilla Aguirre,64,305.18,24,634,0.41,Colima,Economic,High Risk
5083,Arcelia Karla Núñez,57,174.06,27,523,0.55,Michoacán de Ocampo,Economic,High Risk
5084,Wilfrido Jonás Galarza Pedraza,48,213.24,7,543,0.44,Sinaloa,Economic,High Risk
5085,Cristobal Fidel Gallegos Valles,31,184.36,5,583,0.13,Sinaloa,Economic,High Risk
5086,Dr. Armando Santacruz,46,141.2,6,545,0.35,Hidalgo,Economic,High Risk
5087,José Carlos Horacio Soria Vigil,68,325.75,29,622,0.57,Tabasco,Economic,High Risk
5088,Noelia Angélica Garrido,49,339.24,0,611,0.32,San Luis Potosí,Economic,High Risk
5089,Catalina Micaela Corrales Villareal,43,278.91,22,548,0.5,Jalisco,Economic,High Risk
5090,Ana Georgina Velásquez Vigil,41,171.79,0,519,0.53,Michoacán de Ocampo,Economic,High Risk
5091,Santiago Ledesma Barela,50,237.72,18,519,0.35,Oaxaca,Economic,High Risk
5092,Sr. José Castellanos,65,272.91,8,636,0.59,Nayarit,Economic,High Risk
5093,Gregorio Leonel Villareal Puente,30,252.6,9,627,0.52,México,Economic,High Risk
5094,Clara Socorro Caldera,41,232.84,9,541,0.24,Chihuahua,Economic,High Risk
5095,Diego Ramiro Bustos,39,163.08,4,546,0.55,Chihuahua,Economic,High Risk
5096,Leonel Ureña,40,339.27,0,555,0.14,Nuevo León,Economic,High Risk
5097,Jorge Luis Duarte,60,,24,591,0.11,Michoacán de Ocampo,Economic,High Risk
5098,Bernabé Cornejo,58,260.28,19,556,0.58,Guerrero,Economic,High Risk
5099,Ofelia Paulina Medina Barraza,22,286.36,4,670,0.53,Tlaxcala,Economic,Medium Risk
5100,Lic. Gabriela Cortez,64,,37,652,0.23,Zacatecas,Economic,Medium Risk
5101,Gerónimo Ruiz,23,332.91,0,562,0.33,Nuevo León,Economic,High Risk
5102,Sergio Joaquín Montenegro,58,285.52,10,513,0.43,Distrito Federal,Economic,High Risk
5103,Susana Carmen Guevara,47,230.19,14,564,0.48,Colima,Economic,High Risk
5104,Úrsula Dalia Paredes,67,199.44,31,585,0.47,Nayarit,Economic,High Risk
5105,Lorenzo Jaime Hernandes Archuleta,61,71.42,21,504,0.19,Jalisco,Economic,High Risk
5106,Srita. Soledad Gamez,61,220.63,3,636,0.48,Jalisco,Economic,High Risk
5107,Gabino Villalpando Aponte,23,262.04,3,541,0.18,Yucatán,Economic,High Risk
5108,Esmeralda Flores Garay,43,528.11,0,587,0.15,Durango,Economic,High Risk
5109,Inés Lucía Griego,35,308.75,8,559,0.41,Sonora,Economic,High Risk
5110,Ramón Alfonso Valdivia Verduzco,56,197.5,19,636,0.4,Aguascalientes,Economic,High Risk
5111,Dr. Jerónimo Ulloa,53,432.44,27,591,0.5,Coahuila de Zaragoza,Economic,High Risk
5112,Guadalupe Yáñez Domínguez,63,237.15,43,644,0.26,Quintana Roo,Economic,High Risk
5113,Lic. Mitzy Sandoval,53,263.56,29,648,0.56,Tabasco,Economic,High Risk
5114,Israel Ramiro Tamayo,50,239.62,20,612,0.23,Chihuahua,Economic,High Risk
5115,Rosa Juana Peres,51,219.95,4,514,0.42,Veracruz de Ignacio de la Llave,Economic,High Risk
5116,Araceli Alejandra Laureano Páez,42,163.37,19,622,0.5,Guerrero,Economic,High Risk
5117,Miguel Ángel Holguín,39,397.46,10,545,0.48,Jalisco,Economic,High Risk
5118,José Emilio Arellano Zavala,53,425.38,21,557,0.46,Nuevo León,Economic,High Risk
5119,Sr. Felix del Río,22,194.16,0,533,0.48,Colima,Economic,High Risk
5120,Alfonso Muro Madrigal,43,279.08,15,571,0.28,Quintana Roo,Economic,High Risk
5121,Luz Reina Arredondo,46,440.18,11,535,0.31,Colima,Economic,High Risk
5122,Dra. Verónica Alva,33,177.07,0,641,0.13,Morelos,Economic,High Risk
5123,Dra. Gabriela Alcántar,50,247.91,30,528,0.46,Oaxaca,Economic,High Risk
5124,Dalia Salinas,29,218.81,4,640,0.52,Quintana Roo,Economic,High Risk
5125,Ing. Genaro Correa,56,165.25,19,636,0.43,Durango,Economic,High Risk
5126,Srita. Natalia Villegas,53,324.63,30,605,0.52,Tlaxcala,Economic,High Risk
5127,Adriana Sara Nevárez,68,157.64,11,679,0.54,Yucatán,Economic,Medium Risk
5128,Bruno Riojas,36,306.44,9,577,0.38,México,Economic,High Risk
5129,Zoé Natividad Pacheco,37,300.54,17,614,0.11,Sinaloa,Economic,High Risk
5130,Rafaél Renato Farías Regalado,60,91.31,15,652,0.52,Quintana Roo,Economic,Medium Risk
5131,Eloisa Torres Arriaga,68,148.48,24,645,0.51,Chihuahua,Economic,High Risk
5132,Teodoro Carranza Zelaya,48,125.44,2,629,0.32,Coahuila de Zaragoza,Economic,High Risk
5133,Araceli Almanza,37,226.79,7,586,0.55,Zacatecas,Economic,High Risk
5134,Wilfrido Bravo Oquendo,35,173.3,8,500,0.44,Campeche,Economic,High Risk
5135,Leonor Vera Sauceda,50,291.51,2,567,0.36,Chihuahua,Economic,High Risk
5136,Francisco Juan Razo,48,352.52,4,574,0.3,Guerrero,Economic,High Risk
5137,José Emilio Bruno Arredondo Alemán,60,382.68,17,506,0.57,Baja California,Economic,High Risk
5138,Dr. Lucas Sandoval,36,295.72,5,541,0.14,Baja California Sur,Economic,High Risk
5139,Jonás Abreu,53,111.37,20,557,0.2,Baja California,Economic,High Risk
5140,Maximiliano Amaya,32,122.7,10,548,0.57,Sonora,Economic,High Risk
5141,Genaro Dávila Véliz,29,392.0,0,666,0.36,Nuevo León,Economic,Medium Risk
5142,Abelardo Francisco Barela,22,249.9,0,589,0.22,Durango,Economic,High Risk
5143,Federico Juan Rascón Véliz,29,154.7,0,521,0.36,Tlaxcala,Economic,High Risk
5144,Liliana Salcido de la Crúz,34,182.4,4,588,0.23,Guerrero,Economic,High Risk
5145,Isabela Citlali Valladares,56,340.62,30,539,0.41,Nayarit,Economic,High Risk
5146,Martín Mauricio Palomo Arriaga,48,214.74,24,585,0.25,Tlaxcala,Economic,High Risk
5147,Bernardo Ernesto Salas Orozco,61,135.41,31,651,0.15,Jalisco,Economic,Medium Risk
5148,Camila Navarro Amaya,35,120.91,1,645,0.36,Zacatecas,Economic,High Risk
5149,María del Carmen María Elena Ramos,54,113.67,22,538,0.32,Guerrero,Economic,High Risk
5150,Lic. Nicolás Urrutia,67,319.38,12,655,0.21,Distrito Federal,Economic,Medium Risk
5151,Hilda Gallardo,61,119.52,35,536,0.13,Coahuila de Zaragoza,Economic,High Risk
5152,Virginia Jaqueline Correa Trujillo,49,147.03,15,517,0.4,Sonora,Economic,High Risk
5153,Marisela María Eugenia Díaz,69,197.44,44,508,0.22,Quintana Roo,Economic,High Risk
5154,Dr. Cristian Ortiz,22,,0,538,0.44,Tamaulipas,Economic,High Risk
5155,Manuel Gonzalo Villagómez Salcedo,38,153.78,2,617,0.43,Sonora,Economic,High Risk
5156,Ing. Oswaldo Maya,57,169.27,12,551,0.52,Baja California,Economic,High Risk
5157,Francisca Barajas,51,204.88,1,508,0.33,Tabasco,Economic,High Risk
5158,Helena Beatriz Santana Segura,68,333.64,7,509,0.37,Guanajuato,Economic,High Risk
5159,Diego Maximiliano Baeza Vanegas,70,226.11,15,630,0.17,Hidalgo,Economic,High Risk
5160,Sr. Genaro Gallegos,21,551.99,0,600,0.13,Nuevo León,Economic,High Risk
5161,Liliana Cardona,22,142.72,2,588,0.35,Baja California Sur,Economic,High Risk
5162,Pablo Ángel de la Crúz Cepeda,67,142.27,18,530,0.58,Quintana Roo,Economic,High Risk
5163,Elena Arroyo Escamilla,36,112.03,12,658,0.12,Sinaloa,Economic,Medium Risk
5164,Mario de la O Nieves,50,209.6,20,506,0.36,Chiapas,Economic,High Risk
5165,Isaac Cervantes,45,215.91,19,549,0.14,Tabasco,Economic,High Risk
5166,Cristian Garrido Lomeli,70,309.0,22,522,0.29,Sinaloa,Economic,High Risk
5167,Lic. Hernán Salinas,66,320.12,17,571,0.54,Yucatán,Economic,High Risk
5168,Miguel Ángel Mata Valdés,56,437.66,32,594,0.16,Hidalgo,Economic,High Risk
5169,Patricia Salcedo,26,213.08,2,667,0.41,Michoacán de Ocampo,Economic,Medium Risk
5170,José Luis Limón Madera,59,246.44,3,530,0.21,Tabasco,Economic,High Risk
5171,Tomás Jos Ramírez,45,120.2,11,638,0.19,Sinaloa,Economic,High Risk
5172,Germán Ruelas Calvillo,49,282.06,6,585,0.26,Puebla,Economic,High Risk
5173,Guillermina Jaqueline Chavarría,22,359.12,0,538,0.28,Coahuila de Zaragoza,Economic,High Risk
5174,Cristian Orellana,60,204.63,0,526,0.45,Coahuila de Zaragoza,Economic,High Risk
5175,René Lorenzo Quiñónez,46,279.96,1,550,0.42,Michoacán de Ocampo,Economic,High Risk
5176,Pascual Mateo Mesa,63,247.22,1,563,0.34,Nuevo León,Economic,High Risk
5177,Wendolin de la Crúz,30,128.49,3,651,0.21,Yucatán,Economic,Medium Risk
5178,Úrsula Esparta Quiroz Sarabia,49,249.77,21,635,0.19,Campeche,Economic,High Risk
5179,Leticia Wendolin Cabrera Gamez,36,160.7,15,603,0.56,Tlaxcala,Economic,High Risk
5180,Ing. Lilia Cepeda,43,312.9,12,666,0.32,México,Economic,Medium Risk
5181,Paola Lomeli,51,301.53,22,542,0.25,Campeche,Economic,High Risk
5182,Débora Ponce Cervantes,45,196.44,13,622,0.28,Tamaulipas,Economic,High Risk
5183,Alejandra Aguilera,28,169.78,2,512,0.59,Michoacán de Ocampo,Economic,High Risk
5184,Soledad Rosado Mota,37,225.83,12,653,0.51,Jalisco,Economic,Medium Risk
5185,Gerardo Quintanilla Pizarro,45,111.26,15,521,0.26,Guerrero,Economic,High Risk
5186,Ing. Clara Alfaro,34,188.8,13,601,0.53,Quintana Roo,Economic,High Risk
5187,Berta Amanda Lovato,65,166.66,42,521,0.49,Querétaro,Economic,High Risk
5188,Ing. Nicolás Batista,55,222.57,6,565,0.41,Coahuila de Zaragoza,Economic,High Risk
5189,Eduardo Coronado Ferrer,22,161.23,0,547,0.58,Guanajuato,Economic,High Risk
5190,Óliver Alfredo Guevara,68,491.13,37,526,0.31,Sinaloa,Economic,High Risk
5191,Ing. Espartaco Valle,61,212.11,32,524,0.22,Sonora,Economic,High Risk
5192,José Oswaldo Ojeda,64,349.2,40,505,0.51,Yucatán,Economic,High Risk
5193,Adán de la O,26,162.86,1,608,0.33,Tamaulipas,Economic,High Risk
5194,Rocío Sandoval Zambrano,28,317.37,4,632,0.39,Querétaro,Economic,High Risk
5195,Aldonza Menéndez Vaca,65,180.74,8,537,0.39,Quintana Roo,Economic,High Risk
5196,Abigail Henríquez,37,428.9,10,637,0.41,San Luis Potosí,Economic,High Risk
5197,Alicia Berta Amaya,49,189.44,21,502,0.22,Querétaro,Economic,High Risk
5198,Cornelio Camacho Zapata,36,376.46,9,589,0.26,Guerrero,Economic,High Risk
5199,Sr. Eric Barragán,39,215.83,12,651,0.42,Guerrero,Economic,Medium Risk
5200,Eloy José Emilio Elizondo Olivárez,49,,17,626,0.52,Nayarit,Economic,High Risk
5201,Modesto Balderas Yáñez,57,112.06,20,517,0.22,Colima,Economic,High Risk
5202,Tomás Timoteo Saucedo Cadena,33,190.55,7,565,0.12,Morelos,Economic,High Risk
5203,Marcela Leticia Gómez Quiñones,54,107.22,27,618,0.3,Zacatecas,Economic,High Risk
5204,Ricardo Mateo Gamboa,38,312.39,13,673,0.47,Tlaxcala,Economic,Medium Risk
5205,Miguel Ángel Claudio Menchaca,63,291.99,6,600,0.57,Guanajuato,Economic,High Risk
5206,Eloisa Lourdes Luna Serrato,62,452.91,22,553,0.21,Baja California,Economic,High Risk
5207,Felipe Rendón,50,237.3,7,578,0.1,Baja California Sur,Economic,High Risk
5208,Barbara Henríquez Alba,36,288.77,2,522,0.44,Yucatán,Economic,High Risk
5209,Ing. Uriel Farías,40,166.7,22,553,0.24,Campeche,Economic,High Risk
5210,Bianca Martínez,29,347.68,3,538,0.43,Sinaloa,Economic,High Risk
5211,Abigail Amelia Magaña Negrón,43,220.42,19,578,0.34,San Luis Potosí,Economic,High Risk
5212,Sra. Esparta Espinoza,51,344.55,21,645,0.3,Coahuila de Zaragoza,Economic,High Risk
5213,Lic. Iván Zepeda,65,136.35,40,554,0.29,Morelos,Economic,High Risk
5214,Jacinto Medrano,43,196.33,21,611,0.29,Tamaulipas,Economic,High Risk
5215,Humberto Avilés,58,166.47,8,546,0.33,Baja California Sur,Economic,High Risk
5216,Renato Maximiliano Iglesias,45,97.41,5,668,0.38,Tabasco,Economic,Medium Risk
5217,Silvano Vélez,63,194.83,31,587,0.39,Campeche,Economic,High Risk
5218,Dra. Minerva Garica,62,283.52,21,557,0.23,Sonora,Economic,High Risk
5219,Sr. Claudio Espinal,56,231.04,24,568,0.49,Tlaxcala,Economic,High Risk
5220,Gonzalo Arenas Fierro,34,160.24,0,532,0.36,Tamaulipas,Economic,High Risk
5221,Caridad Francisca Godínez Madrigal,38,172.45,0,637,0.43,Tamaulipas,Economic,High Risk
5222,Amelia Pamela Tamayo,65,284.4,41,562,0.3,Oaxaca,Economic,High Risk
5223,Ing. Francisco Abrego,36,101.18,1,610,0.45,Guanajuato,Economic,High Risk
5224,Alfredo Collazo,46,226.28,22,590,0.51,Campeche,Economic,High Risk
5225,Sra. Anabel Olmos,57,267.96,6,652,0.33,Quintana Roo,Economic,Medium Risk
5226,Juan Adán Bonilla,68,184.76,48,543,0.57,Jalisco,Economic,High Risk
5227,Trinidad Vera Alcaraz,27,471.89,7,666,0.38,Oaxaca,Economic,Medium Risk
5228,Nicolás Samuel Alcántar,60,237.11,17,629,0.34,Aguascalientes,Economic,High Risk
5229,Teodoro Valdivia,53,341.15,16,508,0.58,Michoacán de Ocampo,Economic,High Risk
5230,Jonás Augusto Solorzano,52,216.44,32,594,0.17,Nuevo León,Economic,High Risk
5231,Humberto Villanueva Montemayor,58,253.86,30,514,0.49,Tlaxcala,Economic,High Risk
5232,Miriam Bernal,57,310.03,14,618,0.46,Durango,Economic,High Risk
5233,Sra. Caridad Jimínez,32,387.53,6,548,0.56,San Luis Potosí,Economic,High Risk
5234,Pamela Adriana Huerta,32,324.41,10,508,0.22,Baja California,Economic,High Risk
5235,Ignacio Ávila Olivo,48,206.73,11,584,0.1,Puebla,Economic,High Risk
5236,Martha Casares Montemayor,32,282.49,2,507,0.6,Distrito Federal,Economic,High Risk
5237,Andrés Rodrigo Vanegas López,63,320.54,19,665,0.29,Nuevo León,Economic,Medium Risk
5238,Lic. Nancy Salas,47,621.55,6,619,0.16,Baja California,Economic,High Risk
5239,Úrsula Lara,63,608.62,21,564,0.18,Tlaxcala,Economic,High Risk
5240,Juana María Cristina Suárez,64,344.4,24,631,0.35,Chihuahua,Economic,High Risk
5241,Bernabé Rivas Calvillo,48,237.01,4,608,0.19,Querétaro,Economic,High Risk
5242,Pablo Briseño Meléndez,29,178.09,5,577,0.53,Distrito Federal,Economic,High Risk
5243,Espartaco Eugenio Esparza,41,460.6,8,510,0.36,Distrito Federal,Economic,High Risk
5244,Wendolin Cervantes Rojas,22,,0,524,0.3,Veracruz de Ignacio de la Llave,Economic,High Risk
5245,Alvaro Mesa Godoy,28,256.4,1,622,0.21,Durango,Economic,High Risk
5246,Sr. Oswaldo Farías,60,172.83,38,588,0.2,Nayarit,Economic,High Risk
5247,Guillermo Ramos,30,155.78,6,528,0.12,Morelos,Economic,High Risk
5248,Esteban Mauricio Armendáriz,27,182.58,3,550,0.18,Nayarit,Economic,High Risk
5249,Úrsula Razo,61,286.4,35,656,0.43,Michoacán de Ocampo,Economic,Medium Risk
5250,Luis Manuel Franco Roque,47,268.37,9,553,0.38,Yucatán,Economic,High Risk
5251,Dra. Carlota Carrero,69,282.84,40,617,0.4,Durango,Economic,High Risk
5252,Celia Georgina Zepeda Ordóñez,48,139.21,19,651,0.51,Morelos,Economic,Medium Risk
5253,Rafaél Francisco Javier Aranda,70,220.6,9,527,0.4,Aguascalientes,Economic,High Risk
5254,Jaime José Manuél Gaitán Niño,69,217.48,28,601,0.29,Aguascalientes,Economic,High Risk
5255,Omar Barragán Posada,43,153.03,4,626,0.42,Nayarit,Economic,High Risk
5256,Lic. Camila Arroyo,62,144.92,32,672,0.57,Veracruz de Ignacio de la Llave,Economic,Medium Risk
5257,Joaquín Horacio Salcedo,27,102.21,1,508,0.32,Oaxaca,Economic,High Risk
5258,Enrique Carrión,38,309.55,7,501,0.13,México,Economic,High Risk
5259,Dr. Gerónimo Galván,42,202.65,10,517,0.29,Veracruz de Ignacio de la Llave,Economic,High Risk
5260,Ing. Yeni Alcaraz,65,310.78,35,574,0.44,Michoacán de Ocampo,Economic,High Risk
5261,Dra. Mónica Balderas,35,294.0,1,577,0.41,Yucatán,Economic,High Risk
5262,Estefanía Jaqueline Terrazas Rojo,70,672.23,7,566,0.54,Distrito Federal,Economic,High Risk
5263,Claudio Jasso,59,625.14,13,607,0.5,Coahuila de Zaragoza,Economic,High Risk
5264,Bernardo Pascual Terán Ayala,56,190.23,28,656,0.16,Sonora,Economic,Medium Risk
5265,Joaquín Julio César Llamas,47,207.43,13,582,0.23,Baja California Sur,Economic,High Risk
5266,Elena Caridad Meraz,53,367.04,15,595,0.49,San Luis Potosí,Economic,High Risk
5267,Clemente Marco Antonio de la Garza,36,114.93,7,546,0.15,Colima,Economic,High Risk
5268,Helena Adame,51,424.17,5,539,0.23,Tamaulipas,Economic,High Risk
5269,Nancy Teresa Valencia,52,385.39,2,648,0.26,Veracruz de Ignacio de la Llave,Economic,High Risk
5270,Jacinto Rolando Prado Alcántar,56,219.01,13,652,0.42,Guanajuato,Economic,Medium Risk
5271,María José Ana Luisa Quezada,61,434.04,29,548,0.27,Yucatán,Economic,High Risk
5272,Catalina Mata Casárez,37,298.85,9,660,0.21,Chihuahua,Economic,Medium Risk
5273,Asunción Otero,23,457.65,2,513,0.33,Baja California Sur,Economic,High Risk
5274,Dulce María Sánchez,51,897.79,9,657,0.46,Querétaro,Economic,Medium Risk
5275,Clemente Zarate,53,151.29,13,564,0.48,Guanajuato,Economic,High Risk
5276,Arturo Valenzuela Ramos,69,283.32,17,587,0.34,Nayarit,Economic,High Risk
5277,Fernando Mata,64,405.44,12,504,0.27,Morelos,Economic,High Risk
5278,Gerónimo Valencia,52,236.42,32,551,0.13,Tamaulipas,Economic,High Risk
5279,Itzel Riojas Leal,29,256.52,2,616,0.23,San Luis Potosí,Economic,High Risk
5280,Alfonso Abrego Saldivar,56,277.9,24,533,0.2,Nuevo León,Economic,High Risk
5281,Mercedes Avilés Arreola,29,274.39,8,545,0.16,Baja California Sur,Economic,High Risk
5282,Esparta Vázquez Gallegos,67,275.64,12,645,0.56,Zacatecas,Economic,High Risk
5283,Tania Delia Leiva,26,324.38,6,668,0.44,Tlaxcala,Economic,Medium Risk
5284,Estela Berta Collazo,53,288.71,18,599,0.17,Sinaloa,Economic,High Risk
5285,Ángel Alonso Porras,31,388.04,0,651,0.56,Coahuila de Zaragoza,Economic,Medium Risk
5286,Julio Julio César Barreto Cantú,63,591.83,3,652,0.29,Oaxaca,Economic,Medium Risk
5287,Inés Mendoza,38,547.54,6,585,0.15,Aguascalientes,Economic,High Risk
5288,María Teresa Dueñas,26,416.8,1,581,0.28,Guanajuato,Economic,High Risk
5289,Uriel Germán Chávez,66,279.67,14,589,0.43,Nuevo León,Economic,High Risk
5290,Lic. Ruby Zepeda,50,387.97,27,573,0.34,Baja California Sur,Economic,High Risk
5291,Jonás Jacobo Mejía Jaramillo,50,297.8,11,574,0.32,Coahuila de Zaragoza,Economic,High Risk
5292,Mateo Aldo Puente Alemán,60,196.79,31,513,0.42,Nuevo León,Economic,High Risk
5293,Luis Gaitán,62,242.05,10,527,0.31,México,Economic,High Risk
5294,Genaro Godínez Casárez,43,162.32,21,659,0.53,Baja California Sur,Economic,Medium Risk
5295,Óscar Escobedo Bonilla,43,203.58,5,610,0.33,Baja California,Economic,High Risk
5296,Alicia Almaraz,34,154.02,8,635,0.58,Colima,Economic,High Risk
5297,Srita. Asunción Almaraz,54,227.36,8,607,0.34,México,Economic,High Risk
5298,Teresa Gaytán,38,388.53,5,501,0.36,Distrito Federal,Economic,High Risk
5299,Ramón Camilo Cazares Colunga,23,278.69,3,598,0.27,Hidalgo,Economic,High Risk
5300,Santiago Zambrano,24,142.75,0,534,0.31,Veracruz de Ignacio de la Llave,Economic,High Risk
5301,Leticia Diana Osorio,28,219.56,0,553,0.47,Yucatán,Economic,High Risk
5302,Margarita Griego Henríquez,44,294.32,13,669,0.15,Querétaro,Economic,Medium Risk
5303,Claudia Sandoval Olivas,56,259.18,12,521,0.39,Puebla,Economic,High Risk
5304,Gilberto Rosales Noriega,45,154.4,13,580,0.23,Durango,Economic,High Risk
5305,Uriel Reséndez Rodríquez,47,370.67,13,541,0.48,Nayarit,Economic,High Risk
5306,Srita. Esther Balderas,69,375.88,26,635,0.4,Chihuahua,Economic,High Risk
5307,Eric Zacarías Velasco,56,155.78,9,664,0.29,Durango,Economic,Medium Risk
5308,Ing. Carla Pedraza,65,342.46,16,613,0.23,Quintana Roo,Economic,High Risk
5309,Emilio Amador Lucero,53,202.57,8,552,0.41,Baja California Sur,Economic,High Risk
5310,Berta Anabel Romero,36,216.71,2,635,0.51,Chiapas,Economic,High Risk
5311,Mariano Mario Montaño,34,116.0,2,680,0.14,Michoacán de Ocampo,Economic,Medium Risk
5312,Sr. Alonso Chapa,23,99.74,1,598,0.21,Durango,Economic,High Risk
5313,Javier Ávila,31,265.51,8,643,0.42,Yucatán,Economic,High Risk
5314,Augusto Eloy Tejeda Lemus,28,305.42,3,514,0.12,Puebla,Economic,High Risk
5315,Octavio Gilberto Villalpando Rivera,56,293.23,19,523,0.24,Guanajuato,Economic,High Risk
5316,Ilse Antonia Gurule Lozada,55,326.2,19,580,0.58,Sonora,Economic,High Risk
5317,Gabino Bernabé Toro Samaniego,65,92.89,12,601,0.43,Michoacán de Ocampo,Economic,High Risk
5318,Lucas Sáenz Palomo,33,467.77,11,557,0.44,México,Economic,High Risk
5319,Sr. Nicolás Mota,51,504.67,11,627,0.17,Coahuila de Zaragoza,Economic,High Risk
5320,Jacinto Ángel Girón Almanza,32,204.6,1,656,0.48,Nuevo León,Economic,Medium Risk
5321,Sr. Ramiro Sanabria,44,356.94,16,620,0.27,Campeche,Economic,High Risk
5322,Nayeli Díaz,31,348.07,5,674,0.27,Jalisco,Economic,Medium Risk
5323,Esteban Ortega Escobar,33,443.3,5,578,0.54,Tlaxcala,Economic,High Risk
5324,Sra. María Eugenia Vallejo,41,99.24,19,571,0.23,Colima,Economic,High Risk
5325,Srita. Elsa Madrigal,68,127.36,8,509,0.39,Hidalgo,Economic,High Risk
5326,Salvador Rico Avilés,21,638.55,1,595,0.2,Campeche,Economic,High Risk
5327,Itzel Indira Concepción,70,238.63,30,605,0.59,Durango,Economic,High Risk
5328,Úrsula Leal,51,600.41,15,592,0.33,Chiapas,Economic,High Risk
5329,Araceli Celia Rolón,25,278.39,2,540,0.5,Sonora,Economic,High Risk
5330,Ofelia Almanza,67,72.81,16,506,0.57,Guerrero,Economic,High Risk
5331,Amelia Ruelas,66,267.84,41,511,0.46,Hidalgo,Economic,High Risk
5332,Cristal Valladares Ríos,65,396.0,22,629,0.2,Nuevo León,Economic,High Risk
5333,Hermelinda Victoria Olvera,45,442.04,26,544,0.17,Jalisco,Economic,High Risk
5334,Rosario Casares Prieto,63,72.52,25,563,0.15,Veracruz de Ignacio de la Llave,Economic,High Risk
5335,Victoria Conchita Ceja Miranda,58,216.05,30,675,0.26,Michoacán de Ocampo,Economic,Medium Risk
5336,Olivia Yuridia Leal Gaytán,51,254.2,0,572,0.27,Colima,Economic,High Risk
5337,Clara Irma Rojo,28,519.15,1,610,0.45,Hidalgo,Economic,High Risk
5338,Susana Covarrubias Sanches,24,251.69,6,607,0.37,Chihuahua,Economic,High Risk
5339,Zoé Araceli Pizarro,48,350.0,22,652,0.47,Nayarit,Economic,Medium Risk
5340,Sr. Julio Bañuelos,33,455.07,3,525,0.59,Guanajuato,Economic,High Risk
5341,Elsa Chávez,39,345.79,13,606,0.14,Puebla,Economic,High Risk
5342,Dr. Jacinto Chacón,24,223.17,2,544,0.5,Jalisco,Economic,High Risk
5343,Óscar Julio César Mateo Olivárez,41,245.55,15,574,0.25,Chihuahua,Economic,High Risk
5344,Cristal Andrea Ávila,41,143.29,11,636,0.43,Zacatecas,Economic,High Risk
5345,Aldonza Lourdes Alemán Amaya,24,120.0,0,545,0.13,Aguascalientes,Economic,High Risk
5346,Lic. Lucas Molina,62,268.1,25,680,0.38,Puebla,Economic,Medium Risk
5347,Violeta Quiroz Villalobos,23,221.24,2,563,0.14,Zacatecas,Economic,High Risk
5348,Paulina Isabela Lozada Caballero,60,202.24,35,531,0.15,Oaxaca,Economic,High Risk
5349,Alonso Chávez Peña,37,322.49,1,612,0.12,Querétaro,Economic,High Risk
5350,Abel Juan Haro Torres,62,159.97,14,518,0.31,Distrito Federal,Economic,High Risk
5351,María Sara Lucio,25,233.36,3,650,0.48,Durango,Economic,Medium Risk
5352,Adela Victoria Toro,63,174.28,12,680,0.15,Puebla,Economic,Medium Risk
5353,Indira Socorro Lebrón Valdez,52,82.7,29,603,0.11,Morelos,Economic,High Risk
5354,Felipe Alvarez,66,260.21,31,671,0.25,Michoacán de Ocampo,Economic,Medium Risk
5355,José Valdivia,37,264.91,8,544,0.51,Morelos,Economic,High Risk
5356,María Eugenia Gamboa,35,96.22,13,555,0.53,Nayarit,Economic,High Risk
5357,Dr. Zacarías Trejo,38,148.02,7,522,0.5,Colima,Economic,High Risk
5358,Emilio Gabriel Escobar,22,202.15,0,624,0.51,México,Economic,High Risk
5359,Miguel Ángel Bernabé Urías,26,,6,558,0.2,Chihuahua,Economic,High Risk
5360,Natividad Arguello,32,191.69,10,549,0.12,Chiapas,Economic,High Risk
5361,Andrea Ledesma Quiñónez,27,233.32,1,616,0.26,Chihuahua,Economic,High Risk
5362,Ignacio Ledesma Torres,25,258.33,2,655,0.27,Aguascalientes,Economic,Medium Risk
5363,Margarita Ana Bustos,55,412.18,14,679,0.15,Durango,Economic,Medium Risk
5364,Víctor Federico Varela Molina,67,221.84,45,679,0.59,Jalisco,Economic,Medium Risk
5365,Abelardo Antonio Angulo Rangel,31,100.83,3,596,0.55,Chiapas,Economic,High Risk
5366,Sra. Alma Orosco,47,193.55,12,653,0.49,México,Economic,Medium Risk
5367,Ing. Felipe Quesada,24,,0,639,0.37,Veracruz de Ignacio de la Llave,Economic,High Risk
5368,Ing. Laura Melgar,39,136.21,6,613,0.44,Jalisco,Economic,High Risk
5369,José Meza,70,154.96,26,658,0.2,Tamaulipas,Economic,Medium Risk
5370,Eugenia Jaqueline Hernandes,53,245.24,6,588,0.38,Tamaulipas,Economic,High Risk
5371,Lic. Daniela Castañeda,59,576.91,19,638,0.42,Veracruz de Ignacio de la Llave,Economic,High Risk
5372,Leonardo Rael Mateo,54,338.1,28,543,0.36,Puebla,Economic,High Risk
5373,María Eugenia Rosario,34,162.73,0,622,0.5,Querétaro,Economic,High Risk
5374,Elsa Mojica,47,158.12,12,507,0.28,Distrito Federal,Economic,High Risk
5375,Manuel Omar Caraballo Benítez,58,442.27,32,569,0.21,Guanajuato,Economic,High Risk
5376,Cecilia Amanda Zelaya Escalante,43,190.08,20,658,0.31,Veracruz de Ignacio de la Llave,Economic,Medium Risk
5377,Alicia Angélica Batista,57,175.78,12,638,0.5,Zacatecas,Economic,High Risk
5378,Srita. Andrea Casares,41,205.2,1,625,0.26,Chiapas,Economic,High Risk
5379,Fabiola Ofelia Barrera Laboy,50,149.18,10,592,0.21,Campeche,Economic,High Risk
5380,Nancy Villa Arellano,44,607.41,7,641,0.29,Sonora,Economic,High Risk
5381,Marcos Jáquez Cabrera,52,158.42,16,558,0.23,Zacatecas,Economic,High Risk
5382,Emiliano Mora,65,152.38,29,593,0.1,Oaxaca,Economic,High Risk
5383,Esther Mateo,47,182.47,16,610,0.23,Guerrero,Economic,High Risk
5384,Hermelinda Aldonza Castañeda,50,347.79,7,674,0.45,Guanajuato,Economic,Medium Risk
5385,Dr. Enrique Tapia,58,201.46,5,673,0.38,Guanajuato,Economic,Medium Risk
5386,Claudio Aldo Fuentes,25,193.61,2,594,0.16,Tlaxcala,Economic,High Risk
5387,Lourdes Ana María Escamilla,67,297.06,42,569,0.42,Quintana Roo,Economic,High Risk
5388,Lic. Joaquín Cordero,64,265.81,20,652,0.46,Sinaloa,Economic,Medium Risk
5389,Ing. Frida Gutiérrez,31,151.73,1,598,0.39,Baja California,Economic,High Risk
5390,Pascual Modesto Casas,23,218.95,0,650,0.19,Aguascalientes,Economic,Medium Risk
5391,Fidel Cedillo Corona,28,186.89,1,573,0.17,Guanajuato,Economic,High Risk
5392,Julia Isabel Lucero Jiménez,44,226.7,23,641,0.37,Michoacán de Ocampo,Economic,High Risk
5393,Graciela Natalia Medina,36,150.47,9,591,0.12,Quintana Roo,Economic,High Risk
5394,José María Barrientos Rodarte,42,,1,662,0.24,México,Economic,Medium Risk
5395,Jaqueline Salcedo de la Crúz,36,91.52,13,544,0.59,Yucatán,Economic,High Risk
5396,Esmeralda Enríquez,36,268.21,6,596,0.44,Coahuila de Zaragoza,Economic,High Risk
5397,Lic. Irene Medina,46,143.26,0,663,0.38,Durango,Economic,Medium Risk
5398,Dr. Uriel Morales,54,340.83,13,542,0.23,Sinaloa,Economic,High Risk
5399,Pamela Cotto Arenas,26,144.24,6,631,0.47,Veracruz de Ignacio de la Llave,Economic,High Risk
5400,Pablo Amaya,41,162.8,15,674,0.29,Yucatán,Economic,Medium Risk
5401,Alfonso Antonio Henríquez Santana,35,562.11,10,563,0.2,Durango,Economic,High Risk
5402,Emilio Modesto Saiz,52,298.34,19,605,0.2,Nuevo León,Economic,High Risk
5403,Lorena Nieves Vega,23,178.63,1,608,0.48,Quintana Roo,Economic,High Risk
5404,Carlos Haro,58,199.84,32,644,0.55,Yucatán,Economic,High Risk
5405,Ramón Saavedra Concepción,38,243.87,2,562,0.15,Nuevo León,Economic,High Risk
5406,José Manuél Jorge Luis Arteaga,36,201.63,9,631,0.17,Durango,Economic,High Risk
5407,Catalina Violeta Yáñez Elizondo,41,97.77,13,538,0.16,Durango,Economic,High Risk
5408,Raquel Chavarría,39,337.42,5,506,0.37,Querétaro,Economic,High Risk
5409,José Manuél Santillán Medrano,64,358.27,0,654,0.52,Oaxaca,Economic,Medium Risk
5410,Conchita Parra Urías,24,224.16,0,526,0.18,Tamaulipas,Economic,High Risk
5411,Bernardo Abel Longoria Jaimes,37,270.18,11,669,0.13,Jalisco,Economic,Medium Risk
5412,Aurelio Reynaldo Apodaca,32,290.03,2,529,0.27,Campeche,Economic,High Risk
5413,Socorro Victoria Bustos,53,233.02,8,615,0.18,Querétaro,Economic,High Risk
5414,Jesús Marco Antonio Acuña Bahena,49,235.97,5,620,0.18,Morelos,Economic,High Risk
5415,Alma Dulce María Espinal Jimínez,70,142.48,17,604,0.15,Colima,Economic,High Risk
5416,Ing. Wilfrido Solís,63,149.8,22,564,0.52,Coahuila de Zaragoza,Economic,High Risk
5417,Vicente Aurelio Matos,47,329.48,18,505,0.34,Veracruz de Ignacio de la Llave,Economic,High Risk
5418,Araceli Florencia Raya,44,128.58,5,552,0.14,Guerrero,Economic,High Risk
5419,Jaime Jaimes Zambrano,58,226.93,24,569,0.41,Baja California Sur,Economic,High Risk
5420,Fidel Flavio Molina Villanueva,29,495.95,3,524,0.45,Aguascalientes,Economic,High Risk
5421,Zeferino Eugenio Madera,44,280.44,8,513,0.44,Colima,Economic,High Risk
5422,Porfirio Germán Galván,70,120.4,24,526,0.47,Tlaxcala,Economic,High Risk
5423,Gonzalo Timoteo Sosa Pichardo,34,180.59,5,514,0.5,Aguascalientes,Economic,High Risk
5424,Ing. Omar Acosta,59,219.39,21,558,0.48,Puebla,Economic,High Risk
5425,Abraham Marroquín,25,308.02,0,652,0.2,Durango,Economic,Medium Risk
5426,Dra. Beatriz Noriega,54,137.25,8,539,0.5,Tlaxcala,Economic,High Risk
5427,Lic. Barbara Luevano,43,309.86,24,549,0.45,Chihuahua,Economic,High Risk
5428,David Nieves Jasso,33,256.79,6,643,0.44,Quintana Roo,Economic,High Risk
5429,Esther Pamela Valdez,38,211.04,17,527,0.46,Durango,Economic,High Risk
5430,Timoteo Méndez Anguiano,34,175.22,9,663,0.56,Nuevo León,Economic,Medium Risk
5431,Francisco Javier Wilfrido Villaseñor,62,164.12,8,518,0.41,San Luis Potosí,Economic,High Risk
5432,Susana Torres Cervantes,50,187.84,22,617,0.42,Tlaxcala,Economic,High Risk
5433,Daniela Roybal Toledo,35,124.22,1,609,0.1,Yucatán,Economic,High Risk
5434,Pablo Abraham Mejía,52,176.16,31,643,0.5,Michoacán de Ocampo,Economic,High Risk
5435,Iván Mariano Montemayor,32,137.47,1,573,0.18,Baja California Sur,Economic,High Risk
5436,Fernando Sepúlveda,64,257.72,25,510,0.55,Baja California,Economic,High Risk
5437,Ramón Darío Villagómez,22,234.4,0,506,0.44,San Luis Potosí,Economic,High Risk
5438,Patricia Susana Ojeda,30,155.21,0,571,0.53,Jalisco,Economic,High Risk
5439,Aldo Rosado García,59,153.73,9,569,0.42,Durango,Economic,High Risk
5440,Liliana Yáñez Mireles,61,313.08,9,576,0.26,Tamaulipas,Economic,High Risk
5441,Aida Catalina Ayala,57,311.07,29,666,0.38,Tlaxcala,Economic,Medium Risk
5442,Cristal Delia Magaña Montero,45,170.6,9,574,0.31,Guerrero,Economic,High Risk
5443,Miriam Roldán Bonilla,27,150.89,1,567,0.53,Guerrero,Economic,High Risk
5444,Jacobo Carranza Sevilla,65,361.06,24,666,0.25,Oaxaca,Economic,Medium Risk
5445,Dolores Ilse Carrera Monroy,58,217.93,31,656,0.44,Tamaulipas,Economic,Medium Risk
5446,Esmeralda Barbara Jurado Puente,47,287.61,4,557,0.38,Baja California Sur,Economic,High Risk
5447,Dr. José María Cano,24,272.93,0,533,0.17,Aguascalientes,Economic,High Risk
5448,Dra. María Luisa Galindo,25,261.43,0,658,0.39,Tabasco,Economic,Medium Risk
5449,Rolando Casárez Tapia,54,183.75,15,669,0.17,Oaxaca,Economic,Medium Risk
5450,Humberto Gabriel Orozco,45,177.62,3,671,0.6,Sinaloa,Economic,Medium Risk
5451,Nayeli Lugo Nájera,50,,16,604,0.38,Distrito Federal,Economic,High Risk
5452,Cecilia Narváez,51,229.99,0,508,0.31,México,Economic,High Risk
5453,Luis Ruelas,57,508.84,17,597,0.46,Chiapas,Economic,High Risk
5454,Sr. Iván Medrano,57,196.78,13,559,0.52,Coahuila de Zaragoza,Economic,High Risk
5455,Anel Verdugo Cruz,70,181.58,28,519,0.22,Colima,Economic,High Risk
5456,Esmeralda Concepción Ulloa,47,215.96,16,642,0.17,Oaxaca,Economic,High Risk
5457,Dr. Juan Quiroz,69,254.24,38,638,0.32,Michoacán de Ocampo,Economic,High Risk
5458,Paola Cabán Oquendo,50,253.92,17,530,0.25,Colima,Economic,High Risk
5459,Pilar Ledesma Rico,38,295.14,6,598,0.48,Yucatán,Economic,High Risk
5460,Laura Silvia Carvajal Bañuelos,68,439.5,3,639,0.44,Colima,Economic,High Risk
5461,Graciela Concepción Gaitán Zayas,30,103.39,5,633,0.11,Distrito Federal,Economic,High Risk
5462,Srita. Reina Prieto,60,252.8,19,658,0.42,Chihuahua,Economic,Medium Risk
5463,Lic. Aldonza Heredia,34,290.08,11,664,0.32,Tlaxcala,Economic,Medium Risk
5464,Bernabé Cristian Arellano Méndez,67,158.72,1,630,0.29,Morelos,Economic,High Risk
5465,Julio Márquez,63,128.43,38,588,0.56,México,Economic,High Risk
5466,Rufino Rojas,46,213.15,12,597,0.15,Hidalgo,Economic,High Risk
5467,Ernesto Santiago Granados Palomino,45,454.02,17,677,0.39,Colima,Economic,Medium Risk
5468,Ramiro Armas Nazario,52,438.47,0,557,0.2,Zacatecas,Economic,High Risk
5469,Ing. Cornelio Vera,59,352.06,36,636,0.39,Oaxaca,Economic,High Risk
5470,Ing. José María Treviño,59,,32,638,0.35,Jalisco,Economic,High Risk
5471,Micaela Ana María Villarreal,27,352.41,6,571,0.2,Distrito Federal,Economic,High Risk
5472,María Eugenia Aldonza Lemus,53,350.31,21,609,0.17,San Luis Potosí,Economic,High Risk
5473,Julio César Luis Miguel Coronado Quiroz,48,226.48,3,551,0.14,Baja California,Economic,High Risk
5474,Cornelio Gaitán,50,398.74,11,520,0.18,Aguascalientes,Economic,High Risk
5475,Araceli Esquivel,63,337.06,20,601,0.48,Durango,Economic,High Risk
5476,Vanesa Florencia Rodarte de la Garza,21,324.68,0,657,0.23,Distrito Federal,Economic,Medium Risk
5477,Alma García,43,109.56,7,528,0.21,Colima,Economic,High Risk
5478,Inés Amanda Sauceda,35,109.8,6,552,0.25,Oaxaca,Economic,High Risk
5479,Amalia Abril de la O,30,186.23,0,678,0.4,Chiapas,Economic,Medium Risk
5480,Verónica Camila Guerra Perales,66,265.07,36,673,0.21,Chihuahua,Economic,Medium Risk
5481,Dra. Nancy Carvajal,61,81.59,2,674,0.4,Hidalgo,Economic,Medium Risk
5482,César Olivera Frías,33,230.93,9,640,0.58,Baja California Sur,Economic,High Risk
5483,Lorenzo Hinojosa Quesada,61,215.53,24,544,0.34,Morelos,Economic,High Risk
5484,Noelia Pichardo Reynoso,65,128.95,3,641,0.42,Tamaulipas,Economic,High Risk
5485,Esmeralda Vergara Sosa,59,298.25,18,554,0.4,Aguascalientes,Economic,High Risk
5486,Dr. Juan Abreu,41,343.4,2,559,0.36,Querétaro,Economic,High Risk
5487,Rufino Benjamín Chacón,24,203.78,1,616,0.45,Chiapas,Economic,High Risk
5488,Hernán Mauro Mota,47,103.06,22,614,0.13,Guanajuato,Economic,High Risk
5489,Dalia Saldivar,30,230.94,3,521,0.5,Nuevo León,Economic,High Risk
5490,Dra. Violeta Quintero,48,145.43,29,568,0.47,Baja California,Economic,High Risk
5491,Gabriela Raquel Guerra,70,105.97,36,502,0.19,Guerrero,Economic,High Risk
5492,Sr. Abelardo Aguilera,67,190.75,14,633,0.19,Hidalgo,Economic,High Risk
5493,Camila Perla Arellano Véliz,53,789.76,8,524,0.51,Hidalgo,Economic,High Risk
5494,Gerónimo Carrero Avilés,65,245.88,4,672,0.26,Quintana Roo,Economic,Medium Risk
5495,Gustavo Samuel Arguello Villaseñor,37,299.98,15,575,0.55,Coahuila de Zaragoza,Economic,High Risk
5496,César Alva,26,210.92,5,672,0.22,Quintana Roo,Economic,Medium Risk
5497,Dr. Mario Amador,54,301.75,10,510,0.11,Campeche,Economic,High Risk
5498,Modesto Aguirre Montero,32,218.61,6,550,0.44,Chiapas,Economic,High Risk
5499,Ing. Dalia Estrada,60,197.5,13,606,0.3,Puebla,Economic,High Risk
5500,Modesto Olmos Rodrígez,47,156.19,8,619,0.11,Hidalgo,Economic,High Risk
5501,Rodolfo Aguilera Acosta,40,103.48,8,548,0.46,Sonora,Economic,High Risk
5502,Sara Yeni Narváez,53,215.95,2,667,0.21,México,Economic,Medium Risk
5503,Dulce Mitzy Colón Llamas,70,100.38,33,512,0.53,Baja California,Economic,High Risk
5504,Samuel Uriel Ochoa,23,194.62,1,680,0.48,Michoacán de Ocampo,Economic,Medium Risk
5505,Dr. David Ruelas,28,150.8,1,563,0.13,Distrito Federal,Economic,High Risk
5506,Ing. Abel Perales,56,425.63,11,573,0.16,Chiapas,Economic,High Risk
5507,Sergio Homero Montaño Galindo,58,369.15,30,614,0.48,Zacatecas,Economic,High Risk
5508,Ing. Leonardo Serrato,42,233.11,16,565,0.33,Sinaloa,Economic,High Risk
5509,Barbara Guillermina Guerra Corral,36,273.69,6,617,0.54,Puebla,Economic,High Risk
5510,Diana de Anda Macías,68,208.98,32,647,0.26,Baja California,Economic,High Risk
5511,Francisco Javier Evelio Armenta,60,113.86,35,522,0.39,Sinaloa,Economic,High Risk
5512,Pablo Rodrigo Cortés Treviño,60,133.5,23,568,0.55,Puebla,Economic,High Risk
5513,Abigail Ornelas Abreu,54,176.02,22,587,0.28,Distrito Federal,Economic,High Risk
5514,Ing. Salvador Cavazos,55,154.27,4,558,0.25,Nayarit,Economic,High Risk
5515,Angélica Andrea Corona Montes,64,459.23,38,513,0.14,Colima,Economic,High Risk
5516,Martha Pineda,29,128.38,2,628,0.14,Durango,Economic,High Risk
5517,Ricardo Medina,34,167.72,4,505,0.56,Tlaxcala,Economic,High Risk
5518,Patricia Esperanza Villanueva Villa,40,177.57,0,591,0.22,Puebla,Economic,High Risk
5519,Manuel Mariano Olivera Acevedo,24,230.16,0,534,0.38,Colima,Economic,High Risk
5520,Héctor Quiñones,59,291.21,24,574,0.37,Baja California Sur,Economic,High Risk
5521,Genaro Cordero Rael,32,181.03,4,501,0.14,Sonora,Economic,High Risk
5522,María Teresa Longoria,33,240.33,7,587,0.4,Sonora,Economic,High Risk
5523,Horacio Perales,46,170.8,7,621,0.49,Baja California Sur,Economic,High Risk
5524,Frida Graciela Villareal Dueñas,59,162.92,12,501,0.53,Puebla,Economic,High Risk
5525,Paola Norma Ocampo,25,143.77,2,653,0.41,Tlaxcala,Economic,Medium Risk
5526,Marco Antonio Pedro Vázquez,69,72.92,36,619,0.23,Sonora,Economic,High Risk
5527,Sergio Laboy,50,162.78,13,548,0.59,Colima,Economic,High Risk
5528,Sra. Diana Botello,44,209.34,17,519,0.37,Morelos,Economic,High Risk
5529,Francisco Javier Ruiz Briones,36,222.21,5,502,0.13,Baja California,Economic,High Risk
5530,Sr. Leonardo Meléndez,34,468.05,10,677,0.37,Oaxaca,Economic,Medium Risk
5531,Sr. Alberto Tovar,40,271.77,11,576,0.22,Quintana Roo,Economic,High Risk
5532,Jacobo Ángel Amador Alcántar,45,528.58,4,500,0.32,Puebla,Economic,High Risk
5533,Ing. Ignacio Gastélum,37,300.66,3,679,0.19,Campeche,Economic,Medium Risk
5534,Paola Núñez,59,174.6,2,512,0.5,Tlaxcala,Economic,High Risk
5535,Elsa María Elena Cedillo,28,247.99,6,653,0.18,Aguascalientes,Economic,Medium Risk
5536,Germán Ramón Meza Adame,44,244.0,13,606,0.4,Tamaulipas,Economic,High Risk
5537,Ernesto Méndez Benavídez,38,248.78,12,513,0.17,Yucatán,Economic,High Risk
5538,Sr. Eduardo Mascareñas,44,273.54,6,508,0.35,Baja California Sur,Economic,High Risk
5539,Ivonne Julia Vergara,59,666.57,15,656,0.41,Durango,Economic,Medium Risk
5540,Amalia Espino,49,133.04,13,547,0.42,Veracruz de Ignacio de la Llave,Economic,High Risk
5541,Germán Benavides Valenzuela,28,263.09,4,548,0.38,Chiapas,Economic,High Risk
5542,Silvia Castro Carrión,64,272.35,25,541,0.3,Yucatán,Economic,High Risk
5543,María Elena Ivonne Márquez,60,232.56,22,680,0.37,Michoacán de Ocampo,Economic,Medium Risk
5544,Arcelia Miriam Cortés Pabón,67,426.73,38,643,0.34,Veracruz de Ignacio de la Llave,Economic,High Risk
5545,Sr. Arturo Henríquez,38,195.36,13,670,0.19,San Luis Potosí,Economic,Medium Risk
5546,Rosa Ortega Jurado,57,216.63,25,562,0.28,Colima,Economic,High Risk
5547,Miriam Tórrez Arriaga,67,203.36,10,641,0.49,Hidalgo,Economic,High Risk
5548,Sonia Saldivar,22,250.71,1,543,0.55,Zacatecas,Economic,High Risk
5549,Anel Madrid Ortega,58,235.56,23,511,0.44,Sinaloa,Economic,High Risk
5550,Lic. Rebeca Preciado,55,310.04,7,563,0.35,Colima,Economic,High Risk
5551,Maximiliano Mauro Robles,55,682.09,2,645,0.12,Veracruz de Ignacio de la Llave,Economic,High Risk
5552,Ernesto Óliver Lomeli Salinas,37,100.26,11,503,0.5,Guerrero,Economic,High Risk
5553,Lic. Eloisa Almonte,70,220.84,40,506,0.15,Zacatecas,Economic,High Risk
5554,Marcela Olvera,48,218.01,6,550,0.24,Tamaulipas,Economic,High Risk
5555,Vicente Suárez Murillo,61,497.97,30,550,0.58,Durango,Economic,High Risk
5556,Ofelia Cristal Alonzo,23,230.91,1,606,0.54,Colima,Economic,High Risk
5557,Dr. Pablo Rendón,49,428.63,18,534,0.33,Aguascalientes,Economic,High Risk
5558,Aldo Calderón,33,517.62,2,550,0.24,Colima,Economic,High Risk
5559,Humberto Zayas,58,220.85,6,658,0.48,Sinaloa,Economic,Medium Risk
5560,Zacarías David Otero Romero,63,121.21,2,563,0.2,Tabasco,Economic,High Risk
5561,Silvia Mónica Medrano,26,70.9,7,648,0.54,Campeche,Economic,High Risk
5562,Modesto Cortez,31,258.23,3,505,0.34,Sinaloa,Economic,High Risk
5563,Marisol Montes,70,130.52,0,610,0.2,Durango,Economic,High Risk
5564,Liliana Concepción,33,157.61,14,510,0.16,Coahuila de Zaragoza,Economic,High Risk
5565,Ramón Munguía,27,115.4,1,659,0.47,Hidalgo,Economic,Medium Risk
5566,Nicolás Pantoja Gálvez,45,156.07,19,625,0.56,Sonora,Economic,High Risk
5567,Aldonza Cristal Domínguez,47,310.21,10,549,0.27,Veracruz de Ignacio de la Llave,Economic,High Risk
5568,Alejandro Luna Valadez,54,220.23,14,508,0.31,Aguascalientes,Economic,High Risk
5569,Julio Quintero Cedillo,55,271.0,21,601,0.4,San Luis Potosí,Economic,High Risk
5570,Serafín Loera,24,239.35,1,620,0.55,Distrito Federal,Economic,High Risk
5571,Daniela Serrato,49,385.53,19,503,0.53,Tamaulipas,Economic,High Risk
5572,Hugo Figueroa,63,346.94,6,624,0.19,Puebla,Economic,High Risk
5573,Lucía Narváez Colunga,50,127.72,2,533,0.11,Tlaxcala,Economic,High Risk
5574,Dalia Patricia Menéndez Saldivar,43,382.66,3,523,0.44,Sonora,Economic,High Risk
5575,Juana Aragón Vega,48,141.38,16,579,0.15,Guerrero,Economic,High Risk
5576,Sr. Miguel Ángel Varela,25,164.64,0,608,0.56,Nayarit,Economic,High Risk
5577,Lic. Genaro Espinal,55,236.41,29,547,0.28,Nuevo León,Economic,High Risk
5578,Srita. Margarita Prado,30,241.33,1,644,0.55,Nayarit,Economic,High Risk
5579,Lic. Virginia Lugo,32,321.69,1,639,0.11,San Luis Potosí,Economic,High Risk
5580,Darío Aldo Zamudio,26,232.09,7,605,0.25,Puebla,Economic,High Risk
5581,Ing. Clemente Bustamante,55,160.24,22,503,0.31,Coahuila de Zaragoza,Economic,High Risk
5582,Irene Pacheco Robledo,54,100.02,23,655,0.13,Baja California Sur,Economic,Medium Risk
5583,Yolanda Abigail Altamirano,42,195.67,5,636,0.22,San Luis Potosí,Economic,High Risk
5584,Celia Campos Macías,41,437.86,15,562,0.31,Puebla,Economic,High Risk
5585,María Eugenia Verdugo Alarcón,60,98.65,27,582,0.11,Yucatán,Economic,High Risk
5586,Emilio Jerónimo Tórrez,28,166.42,4,503,0.58,Campeche,Economic,High Risk
5587,Víctor Jacobo Sandoval,24,128.44,1,504,0.55,Hidalgo,Economic,High Risk
5588,Gabriela Marisol Nieto,48,339.27,3,605,0.28,Quintana Roo,Economic,High Risk
5589,Blanca Marisela Martínez Mateo,56,177.22,4,542,0.2,Oaxaca,Economic,High Risk
5590,Sandra Báez Villalpando,23,208.08,3,632,0.4,Guanajuato,Economic,High Risk
5591,Lic. Gloria Barrera,34,242.71,13,543,0.28,Guerrero,Economic,High Risk
5592,Sr. Flavio Samaniego,56,405.58,25,667,0.3,Distrito Federal,Economic,Medium Risk
5593,Srita. María Luisa Ayala,49,167.16,0,652,0.23,Yucatán,Economic,Medium Risk
5594,Víctor Carrasco,51,150.76,0,668,0.53,Tamaulipas,Economic,Medium Risk
5595,Nicolás Porras,38,168.25,7,512,0.58,Baja California,Economic,High Risk
5596,Elisa Nayeli Arias,28,360.44,3,581,0.28,Durango,Economic,High Risk
5597,José Luis Madrid Vela,34,328.99,3,551,0.4,Tabasco,Economic,High Risk
5598,Elvira Tamez Gastélum,47,328.48,26,659,0.26,Baja California Sur,Economic,Medium Risk
5599,Ana Luisa Matos,29,211.15,4,562,0.14,Baja California Sur,Economic,High Risk
5600,José Eduardo Arroyo Cantú,24,338.88,0,639,0.4,Chiapas,Economic,High Risk
5601,Mauricio Cadena Lozada,24,131.34,0,608,0.27,San Luis Potosí,Economic,High Risk
5602,Citlali Georgina Alvarado,60,258.82,21,658,0.28,Baja California Sur,Economic,Medium Risk
5603,Cynthia Fabiola Casanova,38,169.65,3,578,0.34,Sonora,Economic,High Risk
5604,Adalberto Vásquez León,67,262.43,28,673,0.15,Baja California,Economic,Medium Risk
5605,Berta Muñoz Riojas,69,193.67,30,600,0.51,Chihuahua,Economic,High Risk
5606,Adalberto Raúl Muñoz Lovato,67,198.3,45,507,0.23,Tamaulipas,Economic,High Risk
5607,Lilia Soliz,69,210.65,0,657,0.17,Querétaro,Economic,Medium Risk
5608,Maximiliano Almanza,28,402.31,4,666,0.27,Michoacán de Ocampo,Economic,Medium Risk
5609,Dr. Santiago Rubio,53,194.58,19,625,0.2,Tabasco,Economic,High Risk
5610,Teodoro Raúl Granados,35,255.02,1,513,0.52,Baja California Sur,Economic,High Risk
5611,Ing. Josefina Ramírez,45,424.47,2,620,0.26,Coahuila de Zaragoza,Economic,High Risk
5612,Amelia Melgar,26,536.19,1,556,0.36,Hidalgo,Economic,High Risk
5613,Francisco Javier Aguirre,41,,11,668,0.27,Quintana Roo,Economic,Medium Risk
5614,Dr. Humberto Mascareñas,69,163.13,38,580,0.12,Veracruz de Ignacio de la Llave,Economic,High Risk
5615,Flavio Francisco Serrato Rivero,40,484.66,11,670,0.36,Campeche,Economic,Medium Risk
5616,Ivonne Barrientos,36,332.11,8,532,0.44,Chiapas,Economic,High Risk
5617,Renato Wilfrido Salas Archuleta,59,219.7,16,607,0.14,Coahuila de Zaragoza,Economic,High Risk
5618,Rosario Frida Rosales,45,306.36,9,523,0.23,Baja California,Economic,High Risk
5619,Espartaco Miguel Tamayo,56,67.6,5,528,0.56,Nayarit,Economic,High Risk
5620,Sr. Zacarías Chávez,59,309.29,7,562,0.53,Jalisco,Economic,High Risk
5621,Lic. Margarita Mesa,38,132.97,0,677,0.44,Baja California,Economic,Medium Risk
5622,Salvador Alba,29,166.55,0,552,0.35,Guerrero,Economic,High Risk
5623,Miguel René Báez Lebrón,50,226.8,4,514,0.5,Baja California,Economic,High Risk
5624,Rosalia Eva Lerma Cervantes,36,232.77,12,535,0.36,Sonora,Economic,High Risk
5625,Débora Garza Loera,50,164.45,23,515,0.34,México,Economic,High Risk
5626,Sara Griego Ramos,23,143.06,0,598,0.2,Colima,Economic,High Risk
5627,Octavio Ybarra,50,165.21,22,553,0.43,Nayarit,Economic,High Risk
5628,José Emilio Reynaldo Pelayo,51,387.24,3,524,0.14,Coahuila de Zaragoza,Economic,High Risk
5629,Paola Santacruz,33,80.68,3,623,0.41,Chihuahua,Economic,High Risk
5630,Rubén Manuel Santana,52,,31,645,0.2,Jalisco,Economic,High Risk
5631,Rufino Óliver Valle,35,115.7,9,517,0.34,San Luis Potosí,Economic,High Risk
5632,Juana Úrsula Vélez,52,169.76,9,526,0.22,Chihuahua,Economic,High Risk
5633,Ing. Catalina Luna,28,420.04,3,599,0.25,Hidalgo,Economic,High Risk
5634,Amador Jorge Luis Limón Raya,65,227.67,3,611,0.57,Morelos,Economic,High Risk
5635,Mitzy Verónica Mayorga,49,172.15,20,663,0.48,Guanajuato,Economic,Medium Risk
5636,Alta  Gracia Quiroz,30,526.54,0,514,0.21,Baja California,Economic,High Risk
5637,Sr. Gustavo López,30,179.76,4,647,0.6,Chiapas,Economic,High Risk
5638,Javier Zamora Caraballo,62,213.88,11,605,0.21,Yucatán,Economic,High Risk
5639,José Carlos Arevalo,66,310.68,44,590,0.26,Hidalgo,Economic,High Risk
5640,José Luis García Uribe,62,368.59,9,592,0.27,Tamaulipas,Economic,High Risk
5641,Lic. Octavio Quintana,52,203.04,19,584,0.22,Tamaulipas,Economic,High Risk
5642,Isabela Santiago,53,515.97,6,502,0.19,Tlaxcala,Economic,High Risk
5643,Camilo Pérez,40,168.42,16,586,0.4,México,Economic,High Risk
5644,Renato Lucas de la Fuente Elizondo,51,317.99,18,504,0.29,Guanajuato,Economic,High Risk
5645,Abigail Montañez Carmona,21,79.76,0,544,0.28,Zacatecas,Economic,High Risk
5646,Lic. Clemente Saldaña,53,196.99,10,551,0.23,Michoacán de Ocampo,Economic,High Risk
5647,Aurelio Felipe Hernandes Zapata,34,318.83,1,511,0.57,Baja California Sur,Economic,High Risk
5648,Marisol Casanova,66,328.56,22,545,0.49,Tabasco,Economic,High Risk
5649,Rebeca Mitzy Leal Palacios,34,262.36,4,522,0.33,Aguascalientes,Economic,High Risk
5650,Adalberto Rangel Tamayo,49,189.32,25,516,0.56,Puebla,Economic,High Risk
5651,Jorge Luis Silvano Valencia Maestas,37,123.2,3,636,0.24,Puebla,Economic,High Risk
5652,Jonás Santiago de la Rosa,45,189.18,7,646,0.29,Tamaulipas,Economic,High Risk
5653,Leticia Bustamante,50,142.59,5,534,0.31,Tamaulipas,Economic,High Risk
5654,Ricardo Carrera,41,226.91,3,515,0.19,Querétaro,Economic,High Risk
5655,Daniel Oswaldo García Menchaca,59,114.74,10,532,0.53,Puebla,Economic,High Risk
5656,Pamela Anabel Medina Chapa,38,171.29,11,663,0.55,Tabasco,Economic,Medium Risk
5657,Ángel Mateo Esquibel,64,513.76,12,504,0.18,Chiapas,Economic,High Risk
5658,Dr. Diego Ibarra,30,177.81,6,581,0.17,Distrito Federal,Economic,High Risk
5659,Antonio Hugo Gurule Salas,44,239.29,17,608,0.45,Michoacán de Ocampo,Economic,High Risk
5660,Claudia Elvira Cortez Blanco,39,119.27,18,601,0.26,Aguascalientes,Economic,High Risk
5661,Frida Paredes Medina,55,206.55,31,542,0.5,Sonora,Economic,High Risk
5662,Marisela Velásquez Pedraza,54,200.6,1,591,0.3,Veracruz de Ignacio de la Llave,Economic,High Risk
5663,Porfirio Amador Carranza,55,220.55,18,609,0.41,Yucatán,Economic,High Risk
5664,Soledad Marcela Loera Luevano,29,338.16,8,672,0.14,Durango,Economic,Medium Risk
5665,Raquel Gaona Márquez,50,239.88,22,666,0.19,Querétaro,Economic,Medium Risk
5666,Paulina Ruiz,59,308.31,27,510,0.26,Durango,Economic,High Risk
5667,Florencia Zapata,41,251.79,13,565,0.51,Jalisco,Economic,High Risk
5668,Jos Gálvez Cuellar,32,260.44,7,500,0.16,Oaxaca,Economic,High Risk
5669,Sr. Nicolás González,36,188.02,9,578,0.53,Nayarit,Economic,High Risk
5670,Armando Alvarado,31,184.27,6,567,0.29,Guerrero,Economic,High Risk
5671,Eugenio Pascual Lerma,31,152.74,0,549,0.24,Chihuahua,Economic,High Risk
5672,Darío Fajardo Ortega,38,270.38,11,607,0.54,Baja California Sur,Economic,High Risk
5673,Clara Laureano Parra,69,188.82,47,571,0.36,Colima,Economic,High Risk
5674,Dra. Zoé Campos,46,116.08,8,660,0.35,Morelos,Economic,Medium Risk
5675,Hilda Marisela Longoria,68,508.98,12,582,0.3,Distrito Federal,Economic,High Risk
5676,Timoteo Benítez,29,547.95,4,571,0.57,Puebla,Economic,High Risk
5677,Julia Cynthia Cabrera Contreras,40,164.43,12,596,0.43,Zacatecas,Economic,High Risk
5678,Aurelio Agustín Ocampo,21,98.89,0,591,0.21,Baja California,Economic,High Risk
5679,Lic. Luis Miguel Verdugo,45,247.64,6,512,0.54,Nuevo León,Economic,High Risk
5680,Trinidad Botello Marín,21,444.11,0,592,0.24,Nayarit,Economic,High Risk
5681,Nayeli Griego,25,198.92,0,603,0.55,Jalisco,Economic,High Risk
5682,Darío Eric Porras,69,293.18,37,638,0.35,Baja California,Economic,High Risk
5683,Dr. Bruno Montañez,32,307.19,5,665,0.45,Yucatán,Economic,Medium Risk
5684,Sra. María del Carmen Romero,25,156.48,0,630,0.45,Distrito Federal,Economic,High Risk
5685,Lic. Gonzalo Barreto,50,235.23,16,552,0.28,Yucatán,Economic,High Risk
5686,Dra. María Eugenia Mateo,68,431.77,27,633,0.17,Morelos,Economic,High Risk
5687,Jonás Agustín Varela Véliz,58,,31,528,0.35,Sonora,Economic,High Risk
5688,Luis Manuel Peres,59,169.23,31,607,0.29,Zacatecas,Economic,High Risk
5689,Dra. Celia Casillas,66,182.16,2,500,0.57,Coahuila de Zaragoza,Economic,High Risk
5690,Socorro Carbajal,51,151.67,26,505,0.56,Baja California Sur,Economic,High Risk
5691,Mónica Marcela Contreras Arellano,45,348.15,15,595,0.24,Distrito Federal,Economic,High Risk
5692,Mateo Salcido Ledesma,61,160.58,25,527,0.43,Distrito Federal,Economic,High Risk
5693,José Luis Juan Carlos Santacruz Tamez,64,159.13,44,537,0.46,Durango,Economic,High Risk
5694,Abraham Urrutia,39,249.36,1,588,0.25,Durango,Economic,High Risk
5695,Olivia Nieves Robledo,38,274.44,9,543,0.57,Nuevo León,Economic,High Risk
5696,Sr. Vicente Iglesias,50,191.87,18,667,0.12,Campeche,Economic,Medium Risk
5697,Adalberto Mares,23,135.98,1,662,0.53,Nayarit,Economic,Medium Risk
5698,Fidel Gaona Irizarry,23,192.27,3,515,0.59,Zacatecas,Economic,High Risk
5699,Ilse María Luisa Irizarry Lovato,32,199.06,3,506,0.19,Sonora,Economic,High Risk
5700,Reynaldo Felix Mascareñas Regalado,69,242.72,6,647,0.51,Sonora,Economic,High Risk
5701,Sofía Micaela Gallardo Cardona,30,328.97,10,584,0.26,Tlaxcala,Economic,High Risk
5702,Pedro Rosado,68,381.91,6,590,0.37,Zacatecas,Economic,High Risk
5703,Fabiola Casillas,65,179.32,16,540,0.19,Yucatán,Economic,High Risk
5704,Abril Eloisa Nájera Cruz,54,322.72,23,550,0.54,Guerrero,Economic,High Risk
5705,Lic. Perla Palacios,30,517.66,6,624,0.56,Distrito Federal,Economic,High Risk
5706,Srita. Juana Alcala,34,291.0,3,523,0.12,San Luis Potosí,Economic,High Risk
5707,Francisco Javier Oswaldo Rosas Chapa,26,673.17,0,660,0.42,Campeche,Economic,Medium Risk
5708,María del Carmen Archuleta Peres,67,196.86,38,555,0.24,Puebla,Economic,High Risk
5709,Cristal Grijalva,50,182.46,11,530,0.34,Yucatán,Economic,High Risk
5710,Sara Helena Serna,39,420.41,9,603,0.28,Colima,Economic,High Risk
5711,Renato Domínguez Rico,64,227.45,32,594,0.45,Veracruz de Ignacio de la Llave,Economic,High Risk
5712,Aldo Barrientos Guzmán,56,255.77,20,584,0.39,México,Economic,High Risk
5713,Sra. Aida Dávila,28,141.67,2,564,0.35,Distrito Federal,Economic,High Risk
5714,Olga de la Fuente Castro,62,562.53,24,603,0.37,Puebla,Economic,High Risk
5715,Dr. Darío Galarza,57,,23,551,0.2,México,Economic,High Risk
5716,Fernando Octavio Viera,24,220.06,1,580,0.38,Michoacán de Ocampo,Economic,High Risk
5717,Miguel Carrión,55,123.64,11,584,0.51,Baja California Sur,Economic,High Risk
5718,Óliver Genaro Espinoza Castellanos,51,223.49,9,634,0.45,Puebla,Economic,High Risk
5719,Julio Jos Casárez,49,158.82,2,549,0.34,Tabasco,Economic,High Risk
5720,Wilfrido Lugo Gaona,56,307.18,18,503,0.34,México,Economic,High Risk
5721,Lic. Jaime Villegas,33,213.14,13,655,0.53,Chiapas,Economic,Medium Risk
5722,David Santiago Centeno Meraz,42,244.16,2,579,0.51,Distrito Federal,Economic,High Risk
5723,Lic. Ofelia Vera,22,149.03,2,673,0.31,Baja California,Economic,Medium Risk
5724,Indira Claudia Crespo,59,172.97,28,662,0.51,Jalisco,Economic,Medium Risk
5725,Leonor Dulce María Ceja Alvarez,58,300.33,24,512,0.17,Puebla,Economic,High Risk
5726,Pedro Alonso Verduzco Jáquez,42,258.48,12,534,0.47,Hidalgo,Economic,High Risk
5727,Ángel Loera,46,257.59,8,632,0.55,Coahuila de Zaragoza,Economic,High Risk
5728,Ramiro Ángel Arriaga Segovia,30,93.05,2,593,0.22,Durango,Economic,High Risk
5729,Gloria Montañez Madera,22,133.33,0,595,0.22,Oaxaca,Economic,High Risk
5730,Lic. Mauricio Hidalgo,58,231.09,2,587,0.43,Tamaulipas,Economic,High Risk
5731,Citlali Gil,41,217.15,11,635,0.33,Campeche,Economic,High Risk
5732,Óliver Naranjo Calvillo,39,269.24,13,577,0.42,México,Economic,High Risk
5733,Beatriz Cotto,32,89.24,1,643,0.45,Puebla,Economic,High Risk
5734,Miguel Tejeda Salgado,29,115.82,1,532,0.25,Nuevo León,Economic,High Risk
5735,Benito Bernardo Rascón Alcala,28,168.56,1,506,0.36,Oaxaca,Economic,High Risk
5736,Silvano Ortiz,69,84.52,40,573,0.18,Querétaro,Economic,High Risk
5737,Ing. Carlota Alvarez,48,170.19,9,541,0.41,Jalisco,Economic,High Risk
5738,Felix René Pantoja Villarreal,33,163.79,8,605,0.15,Baja California Sur,Economic,High Risk
5739,Gustavo Matías,48,195.11,0,627,0.47,México,Economic,High Risk
5740,Lorena Wendolin Nieto,68,245.55,35,554,0.32,Sonora,Economic,High Risk
5741,Raúl Arredondo,60,187.51,25,540,0.58,Chiapas,Economic,High Risk
5742,Miguel Ángel Haro Menéndez,55,300.8,21,595,0.3,Tamaulipas,Economic,High Risk
5743,Clemente Villareal,60,335.38,28,575,0.4,Colima,Economic,High Risk
5744,María Luisa Victoria Ureña Roldán,28,385.94,1,622,0.32,Chihuahua,Economic,High Risk
5745,Amanda Martha Trejo,24,60.58,0,600,0.42,Colima,Economic,High Risk
5746,Lic. Maximiliano Razo,21,314.16,0,667,0.12,México,Economic,Medium Risk
5747,Julio César Renato Hurtado,53,293.26,6,653,0.32,Distrito Federal,Economic,Medium Risk
5748,Carlota Garica,24,275.06,0,629,0.21,Chihuahua,Economic,High Risk
5749,Lilia Estefanía Frías,58,301.33,22,547,0.42,Coahuila de Zaragoza,Economic,High Risk
5750,Lorena Saiz Lomeli,31,496.98,4,512,0.26,Puebla,Economic,High Risk
5751,Silvano Pedraza,48,179.99,23,551,0.19,Baja California Sur,Economic,High Risk
5752,Miguel Cornelio Olivo Salgado,52,223.23,3,586,0.22,Yucatán,Economic,High Risk
5753,Abel Urrutia,50,151.6,0,658,0.39,Baja California Sur,Economic,Medium Risk
5754,Mayte Mitzy Montoya,29,253.97,4,602,0.59,Nuevo León,Economic,High Risk
5755,Héctor Evelio Hurtado,58,233.26,26,512,0.3,Campeche,Economic,High Risk
5756,José Luis Berríos,25,383.45,0,650,0.23,Durango,Economic,Medium Risk
5757,María José Mónica Rivera Camacho,38,377.52,1,654,0.59,Tamaulipas,Economic,Medium Risk
5758,Frida Sarabia,31,70.45,6,631,0.12,Baja California Sur,Economic,High Risk
5759,Gilberto Maximiliano Delgado Marroquín,62,241.14,14,597,0.12,Colima,Economic,High Risk
5760,Cristobal Bruno Jiménez,45,107.49,17,555,0.13,Tabasco,Economic,High Risk
5761,Marcos Gonzalo Gollum Abreu,21,244.99,0,578,0.24,Tlaxcala,Economic,High Risk
5762,Estela Quiñónez Mireles,40,119.08,16,582,0.24,Guanajuato,Economic,High Risk
5763,Gustavo Delgadillo Valdez,39,366.42,19,592,0.36,Tabasco,Economic,High Risk
5764,Ramiro Becerra,45,678.87,13,581,0.39,Guanajuato,Economic,High Risk
5765,Ing. Úrsula Galarza,52,106.32,24,518,0.23,Chihuahua,Economic,High Risk
5766,Lic. César Urías,60,145.85,33,627,0.44,Guanajuato,Economic,High Risk
5767,María Luisa Minerva Soto Escalante,33,,2,577,0.55,Aguascalientes,Economic,High Risk
5768,Sofía Menchaca Pineda,64,259.99,39,608,0.56,Morelos,Economic,High Risk
5769,Sra. Guadalupe Jaramillo,68,182.26,12,616,0.53,San Luis Potosí,Economic,High Risk
5770,Esther Vanesa Casas,31,151.09,0,513,0.56,Sinaloa,Economic,High Risk
5771,Iván Oswaldo Centeno,50,206.06,17,573,0.34,Aguascalientes,Economic,High Risk
5772,Modesto Aguayo,23,212.88,1,513,0.18,Baja California Sur,Economic,High Risk
5773,Francisco Claudio Quintero Marrero,68,216.39,36,556,0.14,Chihuahua,Economic,High Risk
5774,Aldo Luis Miguel Barreto,52,307.17,33,569,0.23,México,Economic,High Risk
5775,Zacarías Cornelio Hernandes,22,238.31,0,524,0.22,Distrito Federal,Economic,High Risk
5776,Victoria de la Torre,46,288.42,12,665,0.17,Morelos,Economic,Medium Risk
5777,Hernán Martín Delgadillo Camarillo,24,148.02,0,650,0.57,Tamaulipas,Economic,Medium Risk
5778,Cristal Vargas Bétancourt,43,293.77,0,639,0.39,Baja California Sur,Economic,High Risk
5779,Javier Mateo,46,201.49,20,612,0.26,Chiapas,Economic,High Risk
5780,Srita. Arcelia Arroyo,33,210.92,2,671,0.58,Querétaro,Economic,Medium Risk
5781,Hugo Navarro Ojeda,45,240.55,16,666,0.27,Tabasco,Economic,Medium Risk
5782,Sra. Lilia Fuentes,59,137.1,13,561,0.47,Tabasco,Economic,High Risk
5783,José Manuél Héctor Gaytán,42,159.72,9,619,0.39,Oaxaca,Economic,High Risk
5784,Leticia Mayte Chávez,23,67.83,0,641,0.17,Guanajuato,Economic,High Risk
5785,Dr. Nicolás Beltrán,65,332.18,37,673,0.12,Coahuila de Zaragoza,Economic,Medium Risk
5786,Dra. Norma Esparza,31,326.45,1,543,0.33,Puebla,Economic,High Risk
5787,Minerva de la Fuente,40,203.82,11,530,0.57,Baja California,Economic,High Risk
5788,Francisco Javier Agustín Nieves,63,634.58,26,568,0.22,Oaxaca,Economic,High Risk
5789,Georgina Montes Armas,60,151.31,29,568,0.53,Coahuila de Zaragoza,Economic,High Risk
5790,Elvia Cordero,53,163.91,4,627,0.36,San Luis Potosí,Economic,High Risk
5791,Eva Navarro,26,123.67,0,577,0.53,Tlaxcala,Economic,High Risk
5792,Luis Miguel Muro,34,220.84,0,623,0.6,Sinaloa,Economic,High Risk
5793,Octavio Leonardo Véliz Beltrán,35,138.1,10,522,0.52,Colima,Economic,High Risk
5794,Sr. Santiago Olvera,56,514.21,27,662,0.38,Distrito Federal,Economic,Medium Risk
5795,Marisol Amador,48,125.66,7,659,0.26,Guerrero,Economic,Medium Risk
5796,Federico Mena,38,287.62,13,517,0.52,Nayarit,Economic,High Risk
5797,Héctor Darío Raya,48,139.08,9,661,0.52,Nuevo León,Economic,Medium Risk
5798,Gustavo Gilberto Vigil Esquibel,23,363.87,0,600,0.43,Tamaulipas,Economic,High Risk
5799,Carlota Alvarez Hernández,38,153.67,12,672,0.43,Zacatecas,Economic,Medium Risk
5800,Armando Julio Partida,40,156.3,11,640,0.33,Tamaulipas,Economic,High Risk
5801,Felix Molina Malave,37,193.81,9,633,0.41,Nuevo León,Economic,High Risk
5802,Magdalena Melgar,68,276.98,47,523,0.53,Colima,Economic,High Risk
5803,Berta Jaqueline Sanches,53,194.95,5,566,0.48,San Luis Potosí,Economic,High Risk
5804,Débora Eloisa Orellana,41,194.4,11,661,0.29,Sinaloa,Economic,Medium Risk
5805,Esteban Zamora,47,373.48,7,615,0.2,Querétaro,Economic,High Risk
5806,Sr. Óliver Hurtado,34,,8,642,0.39,Quintana Roo,Economic,High Risk
5807,Ernesto Clemente Arce,47,262.98,21,606,0.13,Tamaulipas,Economic,High Risk
5808,Ruby Rivera Aranda,58,326.83,32,587,0.36,Colima,Economic,High Risk
5809,Esparta Ybarra,57,153.47,20,609,0.31,Chiapas,Economic,High Risk
5810,Rolando Gonzales,61,227.82,0,536,0.56,Sonora,Economic,High Risk
5811,José Manuél Nieves,37,321.29,1,500,0.27,Oaxaca,Economic,High Risk
5812,Dra. Eloisa Valdés,57,60.73,17,660,0.2,Baja California Sur,Economic,Medium Risk
5813,Abigail Sánchez,34,348.62,5,502,0.27,Oaxaca,Economic,High Risk
5814,Horacio Daniel Camarillo Espino,25,281.14,0,543,0.49,Colima,Economic,High Risk
5815,Jorge Cedillo,22,291.95,0,621,0.47,Michoacán de Ocampo,Economic,High Risk
5816,Alejandra Espinal,40,283.48,12,659,0.23,Puebla,Economic,Medium Risk
5817,Diana Juana Aparicio,42,189.23,9,670,0.12,Nayarit,Economic,Medium Risk
5818,Abigail Nájera del Río,45,314.79,9,530,0.25,Morelos,Economic,High Risk
5819,Diana Daniela Marroquín Rendón,60,178.2,24,529,0.38,Tabasco,Economic,High Risk
5820,María Cristina Aldonza Caraballo,46,107.0,20,523,0.55,Sonora,Economic,High Risk
5821,Nelly Mata Barreto,62,131.57,5,645,0.53,San Luis Potosí,Economic,High Risk
5822,Ing. Jerónimo Uribe,63,355.26,25,543,0.1,Morelos,Economic,High Risk
5823,Araceli María Eugenia Godínez Mireles,26,219.7,2,514,0.41,Durango,Economic,High Risk
5824,Carolina Medrano Magaña,59,155.22,30,516,0.34,Hidalgo,Economic,High Risk
5825,Martín Gerónimo Echeverría,25,291.81,2,519,0.52,Veracruz de Ignacio de la Llave,Economic,High Risk
5826,Zacarías Terán,58,92.44,29,562,0.34,Morelos,Economic,High Risk
5827,Socorro Oquendo Ríos,45,231.62,20,645,0.39,Nuevo León,Economic,High Risk
5828,Yolanda Zapata Munguía,69,373.23,31,571,0.22,Tlaxcala,Economic,High Risk
5829,Carmen Arevalo Sepúlveda,28,182.27,2,563,0.22,Baja California Sur,Economic,High Risk
5830,Juan Burgos Munguía,31,190.51,2,622,0.55,Colima,Economic,High Risk
5831,Ing. César Tórrez,52,519.71,19,525,0.4,Querétaro,Economic,High Risk
5832,Sr. Alvaro Palomino,49,437.67,6,618,0.12,Campeche,Economic,High Risk
5833,Blanca Carlota Menéndez Hinojosa,32,308.28,2,531,0.42,Nuevo León,Economic,High Risk
5834,Judith Eugenia Archuleta,32,205.86,1,619,0.42,Baja California Sur,Economic,High Risk
5835,César Francisco Javier Porras Carbajal,24,796.42,2,596,0.51,Baja California,Economic,High Risk
5836,Lic. José Eduardo Laboy,43,235.54,17,511,0.3,San Luis Potosí,Economic,High Risk
5837,Benjamín Flavio Trejo,64,153.27,35,607,0.56,Veracruz de Ignacio de la Llave,Economic,High Risk
5838,Ing. Modesto Rascón,68,139.2,18,566,0.2,Querétaro,Economic,High Risk
5839,Jonás Díaz,40,196.56,13,656,0.19,Tabasco,Economic,Medium Risk
5840,Alicia Mascareñas Rocha,60,278.81,7,553,0.48,Veracruz de Ignacio de la Llave,Economic,High Risk
5841,Sra. Caridad Llamas,70,207.41,31,611,0.11,San Luis Potosí,Economic,High Risk
5842,Paola Aurora Sotelo,31,381.56,8,622,0.42,Jalisco,Economic,High Risk
5843,Jaqueline Cuellar de la Fuente,65,225.31,9,598,0.13,Aguascalientes,Economic,High Risk
5844,Dra. Elena Hernández,44,770.76,9,652,0.49,Campeche,Economic,Medium Risk
5845,Pilar Alma Quezada,59,302.98,20,592,0.23,Quintana Roo,Economic,High Risk
5846,Eloy José María Bravo Hernandes,33,169.35,10,531,0.42,Nuevo León,Economic,High Risk
5847,Verónica Ceballos Valdivia,39,219.17,14,558,0.53,Oaxaca,Economic,High Risk
5848,Carla Dalia Ruiz,59,243.11,31,529,0.39,Oaxaca,Economic,High Risk
5849,Lorena Catalina Sepúlveda,45,543.31,19,577,0.56,Campeche,Economic,High Risk
5850,Diego Magaña Arenas,56,120.44,21,619,0.21,Guanajuato,Economic,High Risk
5851,Serafín Hernán Gonzales,55,233.35,16,560,0.43,Guanajuato,Economic,High Risk
5852,Alonso Palomo,40,158.0,7,553,0.26,Puebla,Economic,High Risk
5853,Rosa Bianca Ramón Arevalo,54,149.39,10,574,0.58,Distrito Federal,Economic,High Risk
5854,Elisa Linares,51,104.07,23,504,0.39,Sinaloa,Economic,High Risk
5855,Estefanía Andrea Tejada,23,132.0,0,620,0.55,Distrito Federal,Economic,High Risk
5856,Liliana Noelia Domínguez Casillas,63,487.94,39,652,0.33,Campeche,Economic,Medium Risk
5857,Fidel Serafín Abreu Soria,47,249.92,6,571,0.49,Aguascalientes,Economic,High Risk
5858,Lucía Carmona Viera,26,111.91,3,645,0.51,Coahuila de Zaragoza,Economic,High Risk
5859,Mariana Alicia Flórez García,45,349.84,13,659,0.29,Coahuila de Zaragoza,Economic,Medium Risk
5860,Juana Vásquez,27,233.15,1,552,0.28,Yucatán,Economic,High Risk
5861,Elvira Salma Saavedra Alonzo,70,230.55,28,625,0.18,Nuevo León,Economic,High Risk
5862,Emiliano Benavides,46,313.98,8,511,0.29,Yucatán,Economic,High Risk
5863,Linda Marisela Montes,55,459.84,24,511,0.1,Puebla,Economic,High Risk
5864,Ing. Cristobal Zepeda,42,255.58,24,619,0.48,Zacatecas,Economic,High Risk
5865,Ing. Porfirio Barragán,49,,12,622,0.53,Nuevo León,Economic,High Risk
5866,Yeni Mendoza,68,302.92,49,623,0.22,Tlaxcala,Economic,High Risk
5867,Diego Nieves,64,291.45,4,540,0.22,Sinaloa,Economic,High Risk
5868,Úrsula Natalia Centeno,48,287.37,7,654,0.33,Jalisco,Economic,Medium Risk
5869,Alma Judith Estévez Nieto,36,140.67,16,647,0.15,Nayarit,Economic,High Risk
5870,Delia Cornejo Ledesma,44,126.02,11,549,0.39,Campeche,Economic,High Risk
5871,Olga Molina,48,171.72,22,557,0.58,Yucatán,Economic,High Risk
5872,Espartaco Ureña,67,307.48,4,595,0.36,Distrito Federal,Economic,High Risk
5873,Abraham Mauro Cornejo,61,240.58,37,651,0.33,Sinaloa,Economic,Medium Risk
5874,Rafaél Héctor Granado Salcido,47,190.27,22,514,0.35,México,Economic,High Risk
5875,María Bañuelos Camarillo,53,90.61,12,647,0.35,Tlaxcala,Economic,High Risk
5876,Olivia Baeza,66,278.29,5,624,0.5,Nayarit,Economic,High Risk
5877,Sr. Iván Gallardo,33,218.81,1,536,0.29,Quintana Roo,Economic,High Risk
5878,Lic. Gonzalo Ruelas,46,119.59,23,584,0.37,Hidalgo,Economic,High Risk
5879,Dra. Alicia Tamayo,68,143.99,7,521,0.46,Sinaloa,Economic,High Risk
5880,Reina Moreno,52,429.14,21,520,0.29,San Luis Potosí,Economic,High Risk
5881,Dr. Abelardo Tafoya,21,248.42,1,618,0.51,Puebla,Economic,High Risk
5882,Ana Luisa Bernal Barajas,27,348.91,6,545,0.44,Nayarit,Economic,High Risk
5883,Vanesa Cortés Trujillo,61,165.56,14,586,0.16,Guanajuato,Economic,High Risk
5884,José Segura,60,180.24,33,583,0.58,Nayarit,Economic,High Risk
5885,Ofelia Frías,61,254.82,37,611,0.57,Guanajuato,Economic,High Risk
5886,Augusto Rosas Córdova,24,119.44,0,521,0.53,Sonora,Economic,High Risk
5887,Dr. Vicente Fajardo,66,442.17,15,640,0.31,Distrito Federal,Economic,High Risk
5888,José Carlos Loera Archuleta,45,249.54,10,567,0.35,Tabasco,Economic,High Risk
5889,Iván Prieto Orozco,46,123.47,6,624,0.15,Distrito Federal,Economic,High Risk
5890,Jaime Salcido,55,278.86,26,501,0.59,Baja California Sur,Economic,High Risk
5891,Sr. Rolando Rivas,57,255.06,10,665,0.16,Colima,Economic,Medium Risk
5892,Jerónimo Reynaldo Gómez Mayorga,36,132.94,15,660,0.52,Tabasco,Economic,Medium Risk
5893,Dra. Conchita Ulloa,33,210.26,5,591,0.5,Distrito Federal,Economic,High Risk
5894,Ing. Jorge Luis Lemus,63,171.84,29,501,0.23,Nayarit,Economic,High Risk
5895,Estela de la Fuente Concepción,26,358.6,0,596,0.25,Quintana Roo,Economic,High Risk
5896,José Eduardo Saiz,38,300.26,6,634,0.14,Veracruz de Ignacio de la Llave,Economic,High Risk
5897,Fidel Octavio Matías,46,121.18,16,513,0.54,Tamaulipas,Economic,High Risk
5898,Ing. Elias Benítez,23,154.69,0,618,0.2,Chiapas,Economic,High Risk
5899,Germán Jacinto Cervántez,52,117.61,17,528,0.26,Nuevo León,Economic,High Risk
5900,Teresa Chapa Aguirre,70,271.12,10,621,0.52,Tabasco,Economic,High Risk
5901,Zoé Solís,59,227.32,18,596,0.27,Sinaloa,Economic,High Risk
5902,Anel Sandra Fajardo,32,251.97,2,586,0.41,Distrito Federal,Economic,High Risk
5903,Salma Calderón,70,128.85,27,598,0.36,Guanajuato,Economic,High Risk
5904,Eugenia Margarita Ortiz,35,248.67,8,571,0.34,Campeche,Economic,High Risk
5905,Arturo Vicente Mendoza,24,188.63,0,574,0.19,Zacatecas,Economic,High Risk
5906,Hugo Patricio Saldivar Bermúdez,60,168.15,19,588,0.38,Michoacán de Ocampo,Economic,High Risk
5907,Lic. Mauricio Huerta,55,223.61,26,600,0.37,Querétaro,Economic,High Risk
5908,Silvano Genaro Palacios,54,203.3,28,679,0.44,Aguascalientes,Economic,Medium Risk
5909,Mitzy Suárez,46,94.18,26,514,0.2,Campeche,Economic,High Risk
5910,Leonardo Montemayor,42,553.95,4,572,0.37,Sonora,Economic,High Risk
5911,Alfredo Cornelio Vanegas Campos,67,97.35,44,637,0.46,Oaxaca,Economic,High Risk
5912,Alma Leonor Mondragón Acevedo,64,143.48,32,514,0.38,Aguascalientes,Economic,High Risk
5913,Óscar Zapata,42,184.52,0,553,0.52,Jalisco,Economic,High Risk
5914,Gerardo Lemus Nieves,28,162.81,4,571,0.47,Sinaloa,Economic,High Risk
5915,Amalia Aida Fernández,64,153.98,41,517,0.23,Nayarit,Economic,High Risk
5916,Estela Bianca Montemayor Aranda,70,242.53,12,638,0.34,Jalisco,Economic,High Risk
5917,Rubén Villa,44,133.77,1,642,0.19,Nuevo León,Economic,High Risk
5918,Daniel Mauro Polanco,57,116.83,19,638,0.28,Aguascalientes,Economic,High Risk
5919,Rodolfo Leonel Alba Tamez,45,95.59,6,629,0.32,Baja California,Economic,High Risk
5920,María Eugenia Lucía Saavedra Otero,24,196.3,5,571,0.59,Veracruz de Ignacio de la Llave,Economic,High Risk
5921,Sr. Manuel Arreola,54,123.04,21,520,0.28,Guanajuato,Economic,High Risk
5922,Elsa Laura Lucio Olivo,70,369.56,11,645,0.21,Nuevo León,Economic,High Risk
5923,Lilia Tejada Negrón,32,327.28,7,564,0.28,Tamaulipas,Economic,High Risk
5924,Adriana Mayte Pacheco,45,150.68,10,674,0.42,San Luis Potosí,Economic,Medium Risk
5925,Víctor Cervantes,39,212.47,8,663,0.31,Aguascalientes,Economic,Medium Risk
5926,Lorenzo Gilberto Salinas Laboy,60,311.95,32,673,0.14,Nayarit,Economic,Medium Risk
5927,Dr. Gabino Rojas,56,763.81,25,526,0.35,Nayarit,Economic,High Risk
5928,Salvador Eric Balderas Cantú,40,333.95,18,668,0.11,Puebla,Economic,Medium Risk
5929,Esparta Henríquez,50,306.33,24,666,0.13,Tamaulipas,Economic,Medium Risk
5930,Iván Vicente Portillo Barreto,67,235.09,30,530,0.57,Yucatán,Economic,High Risk
5931,Francisco Javier Jorge Longoria Rosario,33,351.63,13,673,0.22,México,Economic,Medium Risk
5932,Gabino Miguel Benítez,55,,8,507,0.56,Campeche,Economic,High Risk
5933,Dr. Gustavo Urías,29,358.87,5,633,0.38,Tabasco,Economic,High Risk
5934,Lic. Roberto Arguello,68,257.42,1,509,0.38,Querétaro,Economic,High Risk
5935,Dra. Hermelinda Camacho,63,324.4,23,527,0.12,Oaxaca,Economic,High Risk
5936,Dr. Gabriel Leiva,32,341.74,6,617,0.3,Zacatecas,Economic,High Risk
5937,Virginia Catalina Villareal Aguilar,32,203.76,1,676,0.48,Tamaulipas,Economic,Medium Risk
5938,Jacobo Ortega,44,175.15,19,529,0.23,Sonora,Economic,High Risk
5939,Ángel Espinal,32,434.85,2,679,0.46,Veracruz de Ignacio de la Llave,Economic,Medium Risk
5940,Benito Verduzco de la Rosa,24,185.47,0,652,0.34,Yucatán,Economic,Medium Risk
5941,Ilse Luevano Nieto,68,166.66,6,604,0.35,Distrito Federal,Economic,High Risk
5942,Jacinto Granados Pabón,34,204.44,10,604,0.6,Nayarit,Economic,High Risk
5943,Abraham Luis Miguel Camacho,61,354.94,32,576,0.38,Puebla,Economic,High Risk
5944,Irma Eva Rojo Miramontes,61,393.53,30,532,0.35,Veracruz de Ignacio de la Llave,Economic,High Risk
5945,Elsa Ilse Carreón,36,123.84,4,568,0.32,Sinaloa,Economic,High Risk
5946,Jaime Juan Ledesma,33,340.48,3,561,0.15,Zacatecas,Economic,High Risk
5947,Alberto Luis Manuel Contreras,49,304.98,22,633,0.42,Morelos,Economic,High Risk
5948,Ing. Conchita Botello,69,265.41,1,524,0.54,Distrito Federal,Economic,High Risk
5949,Sra. Cristina Adame,31,176.97,6,602,0.12,Campeche,Economic,High Risk
5950,Gonzalo Mendoza Calderón,31,90.94,8,620,0.18,Baja California Sur,Economic,High Risk
5951,Helena Pilar Naranjo,34,182.36,5,591,0.42,Guerrero,Economic,High Risk
5952,José Eduardo Griego,38,384.34,1,667,0.4,San Luis Potosí,Economic,Medium Risk
5953,Elisa Paulina Reyes,37,169.68,12,625,0.17,Nayarit,Economic,High Risk
5954,Germán Óliver Jaime Niño,67,175.93,10,667,0.26,Veracruz de Ignacio de la Llave,Economic,Medium Risk
5955,Jacinto Hugo Cabán,27,211.29,1,609,0.39,Coahuila de Zaragoza,Economic,High Risk
5956,César Timoteo Olvera Barraza,25,541.93,2,597,0.17,Aguascalientes,Economic,High Risk
5957,Cristina Catalina Jiménez Quintana,25,106.57,1,620,0.13,Querétaro,Economic,High Risk
5958,Jonás Omar Aponte,65,246.19,19,548,0.17,Michoacán de Ocampo,Economic,High Risk
5959,César Tamayo,53,,4,610,0.47,Oaxaca,Economic,High Risk
5960,Dr. Flavio Archuleta,61,242.95,14,523,0.11,Tlaxcala,Economic,High Risk
5961,Cristina Paulina Zayas Venegas,66,172.91,9,670,0.38,Oaxaca,Economic,Medium Risk
5962,Ramiro Huerta Barela,26,249.55,2,592,0.55,Chihuahua,Economic,High Risk
5963,Flavio Cepeda,42,204.72,10,615,0.39,Baja California Sur,Economic,High Risk
5964,Caridad Caridad Mota,29,593.24,8,629,0.52,Quintana Roo,Economic,High Risk
5965,Pascual de la Rosa Castro,30,290.81,2,576,0.4,Puebla,Economic,High Risk
5966,Lorenzo Arguello Segura,39,546.03,4,623,0.16,Yucatán,Economic,High Risk
5967,Mauricio Curiel,56,173.12,6,502,0.4,Coahuila de Zaragoza,Economic,High Risk
5968,Ricardo Víctor Rico,30,330.44,2,587,0.3,México,Economic,High Risk
5969,Lic. Estela Hernández,24,201.03,4,565,0.18,Nuevo León,Economic,High Risk
5970,Ramiro Marroquín Gamboa,40,195.81,11,596,0.19,Puebla,Economic,High Risk
5971,Soledad Molina,34,118.91,9,599,0.16,Zacatecas,Economic,High Risk
5972,Oswaldo Alonso,52,402.95,19,664,0.28,Durango,Economic,Medium Risk
5973,Homero Esteban Urías,41,256.41,8,583,0.29,Zacatecas,Economic,High Risk
5974,Dr. Eduardo Garibay,41,92.41,8,575,0.51,Michoacán de Ocampo,Economic,High Risk
5975,Andrea Loera,67,317.37,32,520,0.5,Oaxaca,Economic,High Risk
5976,Ricardo Luevano,45,195.15,12,629,0.51,Campeche,Economic,High Risk
5977,Ing. Yeni Caraballo,35,133.48,0,511,0.49,Durango,Economic,High Risk
5978,Jos Salvador Saldivar,28,123.46,7,514,0.59,Nuevo León,Economic,High Risk
5979,Camila Elena Parra Córdova,51,417.91,6,630,0.57,Tabasco,Economic,High Risk
5980,María del Carmen Báez Alarcón,50,147.14,12,669,0.4,Hidalgo,Economic,Medium Risk
5981,Timoteo Quintanilla Macías,43,283.45,18,518,0.47,Yucatán,Economic,High Risk
5982,Ing. Víctor Gaytán,65,190.73,14,614,0.6,Morelos,Economic,High Risk
5983,Ariadna Balderas,25,332.13,4,680,0.46,Oaxaca,Economic,Medium Risk
5984,Alvaro Coronado,27,235.33,3,551,0.57,Veracruz de Ignacio de la Llave,Economic,High Risk
5985,Hermelinda Alva,51,186.21,3,607,0.51,Puebla,Economic,High Risk
5986,Jos Felix Batista Cadena,64,225.71,0,588,0.29,Baja California,Economic,High Risk
5987,Carmen Itzel Gastélum Molina,27,311.01,2,646,0.36,Sinaloa,Economic,High Risk
5988,Lic. Elvia Villalobos,33,326.57,14,503,0.53,Oaxaca,Economic,High Risk
5989,Dulce Gamez Ontiveros,30,134.32,3,606,0.11,Veracruz de Ignacio de la Llave,Economic,High Risk
5990,Blanca Salazar,30,192.21,0,557,0.48,Campeche,Economic,High Risk
5991,Francisco Carlos Magaña,41,266.47,0,678,0.22,Nuevo León,Economic,Medium Risk
5992,Juana Santillán Cabán,39,393.93,5,566,0.48,Tamaulipas,Economic,High Risk
5993,Srita. Yeni Montes,63,195.63,37,586,0.19,Veracruz de Ignacio de la Llave,Economic,High Risk
5994,Srita. Hermelinda Sandoval,66,109.17,0,604,0.47,Campeche,Economic,High Risk
5995,Sergio Ulloa,69,410.24,44,621,0.52,San Luis Potosí,Economic,High Risk
5996,José Carlos Rodolfo Lira,46,170.1,21,559,0.3,Tlaxcala,Economic,High Risk
5997,Itzel Osorio Salazar,53,151.85,18,568,0.26,Aguascalientes,Economic,High Risk
5998,Maximiliano Héctor Verduzco,25,240.33,3,578,0.39,Sinaloa,Economic,High Risk
5999,Ramiro Palomino,51,213.21,12,645,0.16,Sonora,Economic,High Risk
6000,Federico Eduardo Mesa,37,152.08,3,666,0.26,Tamaulipas,Economic,Medium Risk
6001,Santiago Camilo Almanza,28,75.37,3,506,0.17,Aguascalientes,Economic,High Risk
6002,Magdalena María José Alcántar Menchaca,63,204.85,15,595,0.47,Tabasco,Economic,High Risk
6003,Itzel Abigail Valdés Vera,62,345.3,19,596,0.21,Tamaulipas,Economic,High Risk
6004,Jesús Guevara Cabán,62,300.21,27,586,0.34,Puebla,Economic,High Risk
6005,Ariadna Elisa Carrera Zedillo,47,226.94,2,602,0.2,San Luis Potosí,Economic,High Risk
6006,Dolores del Río Olivas,62,461.88,23,571,0.54,Aguascalientes,Economic,High Risk
6007,Isabel Mitzy Ponce Barragán,46,202.95,9,566,0.45,Oaxaca,Economic,High Risk
6008,Yeni Aida Arevalo Luevano,27,291.55,1,595,0.38,Jalisco,Economic,High Risk
6009,Jerónimo Morales Cabrera,33,219.41,7,679,0.37,Nayarit,Economic,Medium Risk
6010,Dolores Alvarado,46,145.89,12,574,0.51,Sinaloa,Economic,High Risk
6011,Inés Elvia Guzmán,29,231.69,4,582,0.44,Zacatecas,Economic,High Risk
6012,Alejandra Susana Olivárez,42,125.81,14,623,0.12,Jalisco,Economic,High Risk
6013,Hermelinda Mercedes Muñiz Almonte,34,127.26,4,569,0.32,Morelos,Economic,High Risk
6014,Anabel Covarrubias Serna,46,116.42,11,656,0.43,Hidalgo,Economic,Medium Risk
6015,Marcos César Curiel Bermúdez,39,208.65,13,559,0.3,Baja California Sur,Economic,High Risk
6016,Marisela Zelaya,24,257.67,0,598,0.46,Michoacán de Ocampo,Economic,High Risk
6017,Ing. Guillermo Romero,51,187.33,10,573,0.21,Morelos,Economic,High Risk
6018,Ricardo Aguilar,25,200.38,0,578,0.15,Baja California Sur,Economic,High Risk
6019,Lic. Lucas Carrillo,47,225.46,7,554,0.51,Yucatán,Economic,High Risk
6020,Homero Cornelio Arteaga,55,191.62,21,612,0.25,Zacatecas,Economic,High Risk
6021,Delia Barela,38,159.65,2,671,0.24,Sinaloa,Economic,Medium Risk
6022,Martha Anguiano Chapa,33,229.38,7,645,0.3,Querétaro,Economic,High Risk
6023,Ángel Julio César Uribe Maya,58,167.93,30,561,0.5,Oaxaca,Economic,High Risk
6024,Gabino Montenegro,55,217.82,5,580,0.12,Chiapas,Economic,High Risk
6025,Ing. Mariano Nevárez,42,154.15,20,591,0.15,Tamaulipas,Economic,High Risk
6026,María Teresa Karina Sanabria Rangel,55,458.44,19,632,0.22,Yucatán,Economic,High Risk
6027,Porfirio Alberto Perea,44,135.04,14,552,0.1,Puebla,Economic,High Risk
6028,Emiliano Nicolás Montalvo,43,537.85,23,618,0.33,Jalisco,Economic,High Risk
6029,Dra. Mercedes Rentería,23,88.46,2,663,0.37,Tlaxcala,Economic,Medium Risk
6030,Sr. Santiago Luevano,54,161.78,20,510,0.36,Querétaro,Economic,High Risk
6031,Carlos Fonseca,33,302.22,1,593,0.29,Colima,Economic,High Risk
6032,María Centeno Zayas,60,264.58,3,638,0.43,Quintana Roo,Economic,High Risk
6033,Teodoro Zacarías Almanza Cabán,22,122.09,0,566,0.5,Baja California,Economic,High Risk
6034,Indira Raquel Colunga Castellanos,52,393.75,33,640,0.46,Michoacán de Ocampo,Economic,High Risk
6035,Florencia Casas,51,351.79,4,667,0.15,Veracruz de Ignacio de la Llave,Economic,Medium Risk
6036,Uriel Eugenio Carbajal,31,,8,514,0.43,Michoacán de Ocampo,Economic,High Risk
6037,Dr. Eloy Vega,64,181.15,29,548,0.56,Morelos,Economic,High Risk
6038,Srita. Claudia Ozuna,34,90.41,10,574,0.28,Hidalgo,Economic,High Risk
6039,Barbara Hernández Moreno,36,543.99,4,581,0.53,Coahuila de Zaragoza,Economic,High Risk
6040,Dr. José María Villaseñor,31,77.42,4,594,0.15,Baja California,Economic,High Risk
6041,Omar Enrique Jaramillo Malave,30,174.7,7,585,0.21,Oaxaca,Economic,High Risk
6042,Maximiliano Emilio Flores Hernandes,41,355.72,5,610,0.13,Morelos,Economic,High Risk
6043,Elisa Rebeca Aguayo Meraz,33,160.53,9,680,0.29,Tabasco,Economic,Medium Risk
6044,Aurelio Malave Olivo,53,183.9,5,628,0.31,Durango,Economic,High Risk
6045,Elvira Gloria Colón Tórrez,23,268.21,1,551,0.36,México,Economic,High Risk
6046,Francisca Cristal Moya Correa,53,243.44,0,516,0.35,Sonora,Economic,High Risk
6047,Berta Irene Marín,65,268.3,7,556,0.1,Baja California Sur,Economic,High Risk
6048,Rosario Marrero,68,448.48,23,505,0.56,Aguascalientes,Economic,High Risk
6049,José Luis Arguello Muñoz,23,106.35,0,526,0.27,Michoacán de Ocampo,Economic,High Risk
6050,Ramiro Jáquez Mireles,28,109.67,4,623,0.15,Baja California Sur,Economic,High Risk
6051,Rosalia Cynthia Parra,53,265.42,19,513,0.16,Puebla,Economic,High Risk
6052,Rocío Soledad Contreras Vela,23,181.16,1,597,0.35,Durango,Economic,High Risk
6053,Patricio Homero Sáenz Urbina,49,418.89,2,638,0.31,San Luis Potosí,Economic,High Risk
6054,Gabriela Yolanda Leyva,56,197.88,29,580,0.36,Veracruz de Ignacio de la Llave,Economic,High Risk
6055,Marco Antonio Marco Antonio Ledesma Santillán,64,225.27,25,616,0.5,Yucatán,Economic,High Risk
6056,Pedro Puga Cano,67,268.74,22,665,0.57,Guerrero,Economic,Medium Risk
6057,Perla Miriam Zapata Benavides,58,133.15,5,633,0.51,Distrito Federal,Economic,High Risk
6058,Humberto Durán Esquivel,38,218.03,4,503,0.27,Quintana Roo,Economic,High Risk
6059,Espartaco Armando Arenas,34,282.14,12,668,0.6,Baja California Sur,Economic,Medium Risk
6060,Sr. Santiago Mascareñas,28,174.87,1,658,0.29,Puebla,Economic,Medium Risk
6061,Nelly Galarza Montemayor,29,301.04,5,563,0.28,Aguascalientes,Economic,High Risk
6062,Elena Polanco,39,364.66,7,590,0.2,Baja California Sur,Economic,High Risk
6063,Dolores Conchita Jaramillo Olivera,50,272.99,8,630,0.57,Campeche,Economic,High Risk
6064,Itzel Elisa Maya,54,260.28,32,679,0.27,Durango,Economic,Medium Risk
6065,Ana Guadalupe Reynoso,63,184.39,26,527,0.29,México,Economic,High Risk
6066,Ignacio Gonzalo Loera,56,193.58,4,631,0.54,Guanajuato,Economic,High Risk
6067,Abraham Salazar Pelayo,32,399.03,1,555,0.38,Baja California Sur,Economic,High Risk
6068,Jaqueline Noriega Suárez,65,391.03,45,662,0.32,Tamaulipas,Economic,Medium Risk
6069,Rubén Carrillo,23,102.53,0,543,0.13,Tlaxcala,Economic,High Risk
6070,Cynthia Fajardo,24,313.15,0,611,0.49,Campeche,Economic,High Risk
6071,Amelia Verduzco Bustamante,24,164.71,3,552,0.18,Guanajuato,Economic,High Risk
6072,Samuel Meza,31,345.58,8,613,0.18,Sinaloa,Economic,High Risk
6073,Helena Alvarez Tijerina,50,356.43,3,551,0.15,Querétaro,Economic,High Risk
6074,César Tejeda Salinas,33,289.29,8,573,0.39,Tabasco,Economic,High Risk
6075,Nicolás Cristobal Solano,54,89.14,32,560,0.11,Campeche,Economic,High Risk
6076,José Carlos Carlos Tello,43,135.82,4,611,0.31,Sonora,Economic,High Risk
6077,Gerónimo Posada,59,175.22,7,669,0.59,Nuevo León,Economic,Medium Risk
6078,Abril Pedraza,33,285.09,8,500,0.44,Sonora,Economic,High Risk
6079,Elvia Ofelia Prieto,39,302.05,8,593,0.23,Durango,Economic,High Risk
6080,Sr. Jacinto de la Garza,50,170.43,11,576,0.33,Baja California Sur,Economic,High Risk
6081,Francisco Cintrón Pelayo,47,243.21,7,662,0.53,Coahuila de Zaragoza,Economic,Medium Risk
6082,Pilar Alvarado Cervántez,27,154.62,0,538,0.37,Nayarit,Economic,High Risk
6083,Renato Lerma Gaona,70,204.93,0,583,0.55,Chihuahua,Economic,High Risk
6084,Guadalupe Lemus,68,586.5,12,524,0.21,Querétaro,Economic,High Risk
6085,Federico Ocampo Fajardo,55,143.35,29,555,0.11,Tlaxcala,Economic,High Risk
6086,Claudia Julia Guevara Collazo,48,78.33,21,585,0.18,Guerrero,Economic,High Risk
6087,Eric Gaitán,53,340.16,0,679,0.34,Guerrero,Economic,Medium Risk
6088,Juana Barrientos Cazares,28,297.44,1,590,0.14,Sonora,Economic,High Risk
6089,Miriam Catalina Solorzano Roldán,39,192.22,13,602,0.4,Baja California,Economic,High Risk
6090,Lic. Nancy Carmona,38,289.27,0,664,0.39,Aguascalientes,Economic,Medium Risk
6091,Eduardo Bernal Burgos,39,167.86,10,540,0.33,Chihuahua,Economic,High Risk
6092,Ing. Alfonso Barraza,41,166.99,10,505,0.14,Guanajuato,Economic,High Risk
6093,Yuridia Soto Vaca,65,246.26,37,603,0.15,Tlaxcala,Economic,High Risk
6094,Sra. Alicia Zepeda,49,157.93,2,516,0.46,Jalisco,Economic,High Risk
6095,Sandra Violeta Candelaria Lugo,59,156.15,16,565,0.1,Morelos,Economic,High Risk
6096,Nancy Godínez,63,169.11,16,522,0.29,México,Economic,High Risk
6097,Rocío Wendolin Gurule Escamilla,53,346.45,35,674,0.45,México,Economic,Medium Risk
6098,Porfirio Núñez,26,357.68,4,563,0.27,México,Economic,High Risk
6099,Esteban Gaytán,39,127.02,10,512,0.33,Sinaloa,Economic,High Risk
6100,Abril Estrada Benítez,26,312.21,3,603,0.46,Hidalgo,Economic,High Risk
6101,Dr. José Manuél Matías,59,249.47,36,606,0.18,Aguascalientes,Economic,High Risk
6102,Carmen Marrero Castro,32,182.92,3,650,0.35,Aguascalientes,Economic,Medium Risk
6103,Lic. Violeta Hidalgo,70,178.14,8,596,0.36,Michoacán de Ocampo,Economic,High Risk
6104,Marisela Munguía,67,189.89,31,514,0.42,Veracruz de Ignacio de la Llave,Economic,High Risk
6105,Dr. Manuel Zayas,60,175.74,16,632,0.14,Sonora,Economic,High Risk
6106,Dra. Eugenia Bermúdez,59,257.21,9,595,0.38,Durango,Economic,High Risk
6107,Olivia Martha Aponte,59,173.33,6,569,0.38,Querétaro,Economic,High Risk
6108,Sr. Juan Carlos Urías,46,,4,644,0.21,San Luis Potosí,Economic,High Risk
6109,Aurelio Mariano Ozuna Serrano,47,133.28,16,666,0.46,Yucatán,Economic,Medium Risk
6110,Adriana Medina Caldera,52,,1,638,0.1,Guerrero,Economic,High Risk
6111,Gonzalo Camilo Castañeda Llamas,53,399.47,29,566,0.46,Tabasco,Economic,High Risk
6112,Francisca Alta  Gracia de la Fuente Fonseca,65,231.13,39,610,0.56,Nayarit,Economic,High Risk
6113,Natividad María José Jaime Garica,67,106.02,2,622,0.28,Veracruz de Ignacio de la Llave,Economic,High Risk
6114,Martha Collado,26,197.62,0,546,0.27,Oaxaca,Economic,High Risk
6115,Lucía Zepeda,21,121.04,0,588,0.11,Sonora,Economic,High Risk
6116,Rebeca Cisneros Enríquez,47,137.2,12,533,0.32,Morelos,Economic,High Risk
6117,Ernesto Gálvez,31,222.73,1,660,0.37,Colima,Economic,Medium Risk
6118,Dr. Tomás Gaitán,35,212.77,5,627,0.13,Michoacán de Ocampo,Economic,High Risk
6119,Elsa Arredondo Macías,46,169.37,20,509,0.25,Guerrero,Economic,High Risk
6120,Angélica Yolanda Valadez,57,335.39,10,568,0.3,Guanajuato,Economic,High Risk
6121,Alonso Olmos,63,163.25,3,513,0.51,Guanajuato,Economic,High Risk
6122,Nancy Berta Rascón,25,425.36,5,573,0.54,Chiapas,Economic,High Risk
6123,Sra. Concepción Tamayo,70,288.86,40,560,0.56,Sinaloa,Economic,High Risk
6124,Irma Verduzco Rodríguez,64,287.56,45,544,0.14,Baja California Sur,Economic,High Risk
6125,Ramiro Arreola,23,266.37,3,503,0.4,Michoacán de Ocampo,Economic,High Risk
6126,Perla Alejandra Pichardo,23,161.6,0,552,0.53,Puebla,Economic,High Risk
6127,Juan Carlos Felipe Meza,35,308.87,17,504,0.12,Oaxaca,Economic,High Risk
6128,Nadia Rendón Vergara,48,245.74,13,512,0.21,Durango,Economic,High Risk
6129,Eugenia Jáquez,27,324.02,6,668,0.5,Querétaro,Economic,Medium Risk
6130,Amanda Escamilla Franco,44,284.5,10,546,0.43,Campeche,Economic,High Risk
6131,Isabel Cristal Olvera Castellanos,27,248.18,1,535,0.16,Guanajuato,Economic,High Risk
6132,María Cristina Marisol Ulibarri Medrano,59,282.4,27,508,0.24,Michoacán de Ocampo,Economic,High Risk
6133,Dr. Lorenzo Iglesias,34,213.91,6,611,0.31,Sonora,Economic,High Risk
6134,Renato Clemente Aragón Saucedo,61,92.26,25,674,0.31,Guanajuato,Economic,Medium Risk
6135,Alejandra Amelia Padilla,65,452.73,8,528,0.6,Chiapas,Economic,High Risk
6136,Raquel Ana María Campos Pineda,57,155.77,24,671,0.56,Chiapas,Economic,Medium Risk
6137,Andrea Vélez Zaragoza,55,115.29,18,604,0.28,Sonora,Economic,High Risk
6138,Antonio Samuel Cabán,41,195.55,5,589,0.4,Nayarit,Economic,High Risk
6139,Flavio Bétancourt Fernández,22,384.37,1,641,0.18,Nuevo León,Economic,High Risk
6140,Sra. Guadalupe Casas,34,464.05,3,593,0.35,Colima,Economic,High Risk
6141,Arcelia Yuridia Orellana Almaraz,34,356.82,0,578,0.35,Nuevo León,Economic,High Risk
6142,Timoteo Porfirio Botello,64,832.0,36,570,0.14,Nuevo León,Economic,High Risk
6143,Raúl Mondragón Botello,44,259.32,16,507,0.22,Quintana Roo,Economic,High Risk
6144,Luisa Nayeli Meléndez,69,259.81,22,638,0.46,Distrito Federal,Economic,High Risk
6145,Fidel Jesús Corona,50,249.16,0,628,0.35,San Luis Potosí,Economic,High Risk
6146,Ana Abigail Aranda Villarreal,22,219.28,3,522,0.31,Campeche,Economic,High Risk
6147,Sr. Augusto Carrión,35,265.37,8,595,0.16,Michoacán de Ocampo,Economic,High Risk
6148,Dra. Beatriz Caraballo,42,191.51,13,532,0.56,Guerrero,Economic,High Risk
6149,Gustavo Patricio Valenzuela Ruiz,38,167.77,15,536,0.26,Nayarit,Economic,High Risk
6150,Aida Pérez,65,236.91,20,542,0.56,Sinaloa,Economic,High Risk
6151,Citlali Zelaya Aponte,41,176.05,3,581,0.3,Distrito Federal,Economic,High Risk
6152,Sr. Martín Zamudio,37,148.94,12,597,0.5,Aguascalientes,Economic,High Risk
6153,Diego Gilberto Mares,36,395.45,14,668,0.48,Yucatán,Economic,Medium Risk
6154,Vanesa Cotto Solano,52,221.58,10,642,0.35,Coahuila de Zaragoza,Economic,High Risk
6155,Miguel Ángel Gustavo Arteaga Mejía,51,54.97,11,586,0.29,Querétaro,Economic,High Risk
6156,Josefina Quiñones,32,399.62,6,573,0.46,Colima,Economic,High Risk
6157,Amalia Gonzales,31,258.36,10,594,0.31,Colima,Economic,High Risk
6158,Germán Benjamín Garza Almaraz,29,125.02,2,564,0.43,México,Economic,High Risk
6159,Espartaco Agustín Martínez Méndez,43,318.41,4,626,0.25,Michoacán de Ocampo,Economic,High Risk
6160,Horacio Germán Santillán Lebrón,25,167.68,0,549,0.38,Tabasco,Economic,High Risk
6161,Ana Luisa María Luisa Porras,27,224.57,4,540,0.39,Yucatán,Economic,High Risk
6162,Lic. Andrea Yáñez,56,246.09,26,603,0.19,Nuevo León,Economic,High Risk
6163,Maximiliano Burgos,40,236.0,14,609,0.2,Aguascalientes,Economic,High Risk
6164,Dra. Clara Morales,41,187.9,4,580,0.51,Oaxaca,Economic,High Risk
6165,Humberto Jonás Herrera,44,257.11,20,509,0.11,Coahuila de Zaragoza,Economic,High Risk
6166,Estela Padrón,47,222.62,17,508,0.2,Puebla,Economic,High Risk
6167,Bernardo Rodríquez Dueñas,54,205.4,20,570,0.21,Yucatán,Economic,High Risk
6168,Sessa Paulina Tejeda Hurtado,27,374.93,1,633,0.17,Querétaro,Economic,High Risk
6169,Gerardo Martín Santiago,56,312.41,12,594,0.25,Quintana Roo,Economic,High Risk
6170,Ariadna Loera,57,297.97,12,552,0.47,Michoacán de Ocampo,Economic,High Risk
6171,Abraham Felix Vela Rojas,43,337.64,13,610,0.33,Tlaxcala,Economic,High Risk
6172,Beatriz Borrego Jaimes,69,127.3,41,543,0.47,Guanajuato,Economic,High Risk
6173,Luis Manuel Adán Castro,53,345.55,32,620,0.43,México,Economic,High Risk
6174,Laura Vega,57,277.0,23,680,0.47,Tamaulipas,Economic,Medium Risk
6175,Dra. Minerva Narváez,37,335.02,4,620,0.38,Guanajuato,Economic,High Risk
6176,Aurora Blanco,50,236.06,26,534,0.55,Colima,Economic,High Risk
6177,Eva Almaraz Zaragoza,60,117.22,37,533,0.48,Veracruz de Ignacio de la Llave,Economic,High Risk
6178,Dra. María Elena Nieto,26,168.53,2,679,0.39,Nayarit,Economic,Medium Risk
6179,Carlos Jonás Montemayor,32,148.61,4,633,0.21,Chihuahua,Economic,High Risk
6180,Juan Carlos Leal Franco,53,407.95,31,530,0.6,Coahuila de Zaragoza,Economic,High Risk
6181,Leonel Olivera Gurule,67,170.1,38,631,0.3,Querétaro,Economic,High Risk
6182,Rafaél Casas,24,320.27,1,517,0.47,Morelos,Economic,High Risk
6183,Amelia Arias,67,,23,633,0.44,Tlaxcala,Economic,High Risk
6184,Lic. Hernán Laboy,21,142.73,0,576,0.39,Michoacán de Ocampo,Economic,High Risk
6185,Genaro Ignacio Varela,44,184.01,0,634,0.14,Guerrero,Economic,High Risk
6186,Dra. Delia Altamirano,64,168.46,17,543,0.35,Chihuahua,Economic,High Risk
6187,Alberto Santillán Ferrer,29,152.52,5,592,0.22,Aguascalientes,Economic,High Risk
6188,Gloria Guerrero,27,271.77,1,552,0.48,Veracruz de Ignacio de la Llave,Economic,High Risk
6189,Ramiro Rodrigo Garza,33,149.97,7,586,0.56,Sinaloa,Economic,High Risk
6190,Eduardo Contreras,58,426.34,0,591,0.15,México,Economic,High Risk
6191,Magdalena Estela Tamayo,67,252.95,36,622,0.2,Baja California Sur,Economic,High Risk
6192,Ing. Rebeca de la O,30,265.04,4,598,0.41,Tabasco,Economic,High Risk
6193,Sonia Soliz,70,147.13,11,610,0.33,Sonora,Economic,High Risk
6194,Jonás Pedro Urbina,26,161.77,4,521,0.11,Tamaulipas,Economic,High Risk
6195,Isabel Salma Pabón Olivas,54,243.32,8,523,0.27,Tlaxcala,Economic,High Risk
6196,Clemente Cornelio Figueroa,48,190.36,19,637,0.49,Nayarit,Economic,High Risk
6197,Flavio Eduardo Bueno Santana,35,260.94,0,509,0.39,Tlaxcala,Economic,High Risk
6198,Leonor Márquez Ortega,26,386.48,0,674,0.23,Veracruz de Ignacio de la Llave,Economic,Medium Risk
6199,Uriel Víctor León,63,114.2,39,585,0.35,Campeche,Economic,High Risk
6200,Socorro Benavídez,50,96.45,19,676,0.36,Colima,Economic,Medium Risk
6201,José Carlos Ocasio Zayas,27,214.92,4,602,0.2,Morelos,Economic,High Risk
6202,Lic. Dolores Zúñiga,27,108.72,3,608,0.11,Veracruz de Ignacio de la Llave,Economic,High Risk
6203,Guillermo Esteban Zedillo Tapia,44,156.08,2,672,0.58,Puebla,Economic,Medium Risk
6204,Evelio Lebrón,55,281.16,10,593,0.31,Tamaulipas,Economic,High Risk
6205,Gabriela Mesa Roque,47,382.0,14,639,0.59,Nayarit,Economic,High Risk
6206,Benito Emilio Córdova Arroyo,65,388.0,44,667,0.48,Distrito Federal,Economic,Medium Risk
6207,Teodoro Robles Corona,34,254.49,2,597,0.26,Nayarit,Economic,High Risk
6208,Miriam Heredia,68,202.42,8,581,0.16,Nayarit,Economic,High Risk
6209,Salvador Lerma Gurule,40,267.52,9,596,0.33,Durango,Economic,High Risk
6210,Lic. José Benítez,66,356.1,13,544,0.29,Jalisco,Economic,High Risk
6211,Judith Narváez,26,127.6,0,669,0.34,Tlaxcala,Economic,Medium Risk
6212,Jerónimo José Eduardo Abrego,34,237.28,9,516,0.36,Chiapas,Economic,High Risk
6213,Esther Sessa Echeverría,65,302.25,34,670,0.38,Jalisco,Economic,Medium Risk
6214,Timoteo Cornelio García Vélez,29,422.8,2,648,0.57,Oaxaca,Economic,High Risk
6215,Gustavo Maximiliano Cabán Baca,40,206.57,15,571,0.34,Sinaloa,Economic,High Risk
6216,Eric Bernardo Alemán,41,254.15,20,606,0.15,México,Economic,High Risk
6217,Elsa Caridad Rincón,61,319.22,4,646,0.44,Chiapas,Economic,High Risk
6218,Rafaél Alfredo Godínez Acosta,58,69.98,7,517,0.25,Puebla,Economic,High Risk
6219,Marisol Ríos Menéndez,27,138.46,9,574,0.24,Distrito Federal,Economic,High Risk
6220,Pablo Bernabé Gutiérrez,28,299.33,5,617,0.36,Morelos,Economic,High Risk
6221,Natalia Mota,66,292.7,5,548,0.57,Colima,Economic,High Risk
6222,Jorge Luis Maximiliano Muñiz Aranda,41,165.14,13,580,0.4,Jalisco,Economic,High Risk
6223,Esther Frías Orozco,30,442.96,9,500,0.56,Tamaulipas,Economic,High Risk
6224,Amelia Marisol Tello Gurule,31,90.22,6,527,0.42,Michoacán de Ocampo,Economic,High Risk
6225,Pedro Juan Carlos Sáenz,40,461.64,10,533,0.26,Querétaro,Economic,High Risk
6226,Zoé Ledesma,70,321.44,41,578,0.24,Guanajuato,Economic,High Risk
6227,Mariano Dávila,65,137.2,2,522,0.36,Hidalgo,Economic,High Risk
6228,Ing. Elisa Dávila,23,390.64,0,659,0.5,Guerrero,Economic,Medium Risk
6229,Gabriel Heredia,49,218.13,11,511,0.52,Tlaxcala,Economic,High Risk
6230,Arcelia Mesa Soto,46,361.42,26,592,0.16,Nayarit,Economic,High Risk
6231,Rolando Gabriel Trujillo Cantú,53,102.58,14,513,0.26,Chihuahua,Economic,High Risk
6232,Lilia Salcido,64,448.37,34,651,0.34,Aguascalientes,Economic,Medium Risk
6233,Renato Abraham Nájera Olivo,24,118.85,0,660,0.13,Quintana Roo,Economic,Medium Risk
6234,Delia Reina Ozuna,32,210.05,8,560,0.39,Quintana Roo,Economic,High Risk
6235,Dr. Tomás Carrero,60,266.73,12,503,0.44,Durango,Economic,High Risk
6236,Dalia Adame,41,114.73,4,641,0.6,Michoacán de Ocampo,Economic,High Risk
6237,Karina Bétancourt Zaragoza,30,204.63,2,642,0.32,Durango,Economic,High Risk
6238,Débora Nelly Barajas Valle,27,141.77,3,552,0.58,Hidalgo,Economic,High Risk
6239,Evelio Limón,70,144.73,23,588,0.1,Tamaulipas,Economic,High Risk
6240,Srita. Cristal Noriega,46,298.31,22,527,0.3,Guanajuato,Economic,High Risk
6241,Cristian Leiva Montes,45,196.43,2,551,0.28,Zacatecas,Economic,High Risk
6242,Tania Perla Calderón,23,274.25,3,653,0.1,Hidalgo,Economic,Medium Risk
6243,Salvador Juan Gollum Olivas,49,157.96,2,590,0.48,Quintana Roo,Economic,High Risk
6244,José Carlos Gustavo Solano,31,124.26,8,607,0.48,Durango,Economic,High Risk
6245,Marcela Manzanares,32,194.84,3,662,0.34,Yucatán,Economic,Medium Risk
6246,Judith Asunción Villagómez,48,381.73,0,540,0.37,Guanajuato,Economic,High Risk
6247,Rocío Sofía Echeverría,22,172.56,3,534,0.39,Coahuila de Zaragoza,Economic,High Risk
6248,Enrique Chávez,22,251.48,0,618,0.13,Guanajuato,Economic,High Risk
6249,Lic. Tania Olivo,68,247.62,0,504,0.42,Sonora,Economic,High Risk
6250,Gerardo Valentín Mayorga,25,302.95,1,663,0.13,Baja California Sur,Economic,Medium Risk
6251,Jonás Germán Gamez,32,155.64,2,669,0.29,Coahuila de Zaragoza,Economic,Medium Risk
6252,Ana Luisa Claudia Vigil Soria,56,176.63,25,601,0.35,Tamaulipas,Economic,High Risk
6253,Josefina Barrientos Ramírez,56,257.89,4,665,0.37,Puebla,Economic,Medium Risk
6254,Lic. Amador Laboy,53,195.96,33,643,0.5,San Luis Potosí,Economic,High Risk
6255,Esteban Patricio Flórez,29,246.49,0,609,0.26,Colima,Economic,High Risk
6256,Martha Elisa Robledo Patiño,25,220.84,2,554,0.17,Hidalgo,Economic,High Risk
6257,Sr. Rufino Cepeda,45,207.81,4,526,0.51,Puebla,Economic,High Risk
6258,Natalia Valencia,21,524.35,0,667,0.41,Distrito Federal,Economic,Medium Risk
6259,Sra. Rosa Corral,27,278.66,1,558,0.23,Morelos,Economic,High Risk
6260,Lic. Sonia Vergara,42,142.58,9,512,0.34,Morelos,Economic,High Risk
6261,Vicente Wilfrido Peralta Saucedo,37,237.84,14,668,0.15,Zacatecas,Economic,Medium Risk
6262,Pascual Sosa,30,326.34,2,524,0.45,Tabasco,Economic,High Risk
6263,Sessa Angulo Matías,24,137.46,1,506,0.17,Colima,Economic,High Risk
6264,Sr. Jonás Laureano,64,382.18,32,585,0.17,Baja California Sur,Economic,High Risk
6265,Verónica Daniela Loera,65,175.79,28,623,0.16,Colima,Economic,High Risk
6266,Dr. Leonardo Correa,32,379.04,6,590,0.27,Morelos,Economic,High Risk
6267,Jonás Timoteo Almanza,43,276.94,9,641,0.49,Michoacán de Ocampo,Economic,High Risk
6268,Elias Marcos Mora Curiel,51,97.0,8,566,0.3,Oaxaca,Economic,High Risk
6269,María Cristina Celia Esparza Esparza,64,165.28,32,637,0.42,Yucatán,Economic,High Risk
6270,Sr. Isaac Mota,25,202.53,3,559,0.43,Aguascalientes,Economic,High Risk
6271,Julio César Rivas,60,123.1,19,609,0.13,Nayarit,Economic,High Risk
6272,Alicia Sonia Bermúdez,33,116.85,12,596,0.59,Chihuahua,Economic,High Risk
6273,Srita. Natividad de Jesús,62,96.54,33,582,0.34,Tamaulipas,Economic,High Risk
6274,Diana Verduzco,54,146.89,4,643,0.53,Distrito Federal,Economic,High Risk
6275,Diego Ulibarri Meza,29,211.79,2,675,0.25,Campeche,Economic,Medium Risk
6276,Dalia María Teresa Villegas,37,125.68,13,622,0.21,Colima,Economic,High Risk
6277,Julio Ramiro Valenzuela,35,160.08,0,518,0.12,Morelos,Economic,High Risk
6278,Noemí María Castañeda Gallardo,54,70.5,10,561,0.21,Chihuahua,Economic,High Risk
6279,Daniel Carrero,27,325.33,2,656,0.21,Nuevo León,Economic,Medium Risk
6280,Catalina Clara Estévez,21,801.37,0,646,0.6,Querétaro,Economic,High Risk
6281,Ing. Liliana Jimínez,64,186.04,18,611,0.31,Hidalgo,Economic,High Risk
6282,Karina Casárez Camacho,22,216.51,1,653,0.26,Tlaxcala,Economic,Medium Risk
6283,Patricio Anaya,36,237.57,7,555,0.23,Tamaulipas,Economic,High Risk
6284,Amanda Rosalia Feliciano,26,422.16,5,541,0.45,Hidalgo,Economic,High Risk
6285,Mercedes Altamirano,21,377.73,0,551,0.42,Baja California Sur,Economic,High Risk
6286,María Cristina Armenta,59,103.71,40,504,0.18,Zacatecas,Economic,High Risk
6287,Rosa Virginia Aguayo Robledo,50,238.09,7,560,0.37,Quintana Roo,Economic,High Risk
6288,María Luisa Inés Urías,61,258.73,12,567,0.48,Distrito Federal,Economic,High Risk
6289,Modesto Cervántez Bermúdez,49,417.66,0,620,0.21,Tabasco,Economic,High Risk
6290,María del Carmen Vanegas,66,118.87,16,640,0.47,Oaxaca,Economic,High Risk
6291,Nadia Virginia Casares,31,246.44,2,613,0.51,San Luis Potosí,Economic,High Risk
6292,Israel Velasco Valadez,31,242.86,3,659,0.58,Baja California Sur,Economic,Medium Risk
6293,Sr. Rafaél Estrada,57,309.7,37,549,0.43,Sinaloa,Economic,High Risk
6294,Jonás Caldera,42,186.21,11,595,0.58,Guerrero,Economic,High Risk
6295,Leonardo Chavarría Macías,70,169.11,24,577,0.42,Sonora,Economic,High Risk
6296,Delia Adame Nava,70,,6,504,0.25,Tamaulipas,Economic,High Risk
6297,Renato Cisneros,32,357.5,5,547,0.12,Chihuahua,Economic,High Risk
6298,Ing. Lorena Trujillo,34,230.67,8,510,0.43,Nuevo León,Economic,High Risk
6299,Eduardo Urías Carmona,52,186.1,15,630,0.53,Distrito Federal,Economic,High Risk
6300,Emiliano Esquivel,58,341.83,30,509,0.35,Distrito Federal,Economic,High Risk
6301,Jaqueline Mayte Vaca,58,313.04,14,634,0.43,Yucatán,Economic,High Risk
6302,José Carlos Valadez Ocampo,58,196.54,13,561,0.6,Chihuahua,Economic,High Risk
6303,Mario Salvador Espino Romo,67,202.31,14,598,0.39,Hidalgo,Economic,High Risk
6304,Paola Dulce María Ruiz,32,448.24,7,534,0.43,Tamaulipas,Economic,High Risk
6305,Reynaldo Ordóñez Gastélum,27,304.46,2,557,0.35,Tlaxcala,Economic,High Risk
6306,David Noriega,64,217.95,15,607,0.27,Yucatán,Economic,High Risk
6307,Beatriz Elena Muñoz,64,213.82,3,674,0.51,San Luis Potosí,Economic,Medium Risk
6308,Carolina Suárez Nazario,51,166.31,25,594,0.54,Veracruz de Ignacio de la Llave,Economic,High Risk
6309,Lic. Inés Hidalgo,25,204.57,0,652,0.56,Tamaulipas,Economic,Medium Risk
6310,Cristian Hernán Macías Marrero,31,139.09,0,629,0.46,Baja California Sur,Economic,High Risk
6311,Arcelia María Teresa Beltrán,68,377.92,22,556,0.49,Sonora,Economic,High Risk
6312,Abraham Jorge Luis Villalobos,70,705.34,25,579,0.33,Tlaxcala,Economic,High Risk
6313,Héctor Tomás Padrón,64,217.78,38,572,0.55,Querétaro,Economic,High Risk
6314,Natalia Helena Yáñez Vázquez,30,112.68,3,565,0.19,Tlaxcala,Economic,High Risk
6315,José María José Luis Beltrán Cepeda,44,147.72,2,535,0.18,Puebla,Economic,High Risk
6316,Dr. Gustavo Cordero,60,565.17,35,651,0.39,Puebla,Economic,Medium Risk
6317,Esteban Acevedo,32,155.88,7,531,0.24,Oaxaca,Economic,High Risk
6318,Ing. Serafín Carvajal,66,506.3,44,535,0.2,Sinaloa,Economic,High Risk
6319,Ramiro Silvano Téllez Griego,34,208.75,7,507,0.55,Querétaro,Economic,High Risk
6320,Daniel Ocasio,67,,0,527,0.13,México,Economic,High Risk
6321,René Cepeda,23,124.98,1,668,0.29,Veracruz de Ignacio de la Llave,Economic,Medium Risk
6322,Rafaél Alcaraz,61,240.92,29,628,0.4,Nuevo León,Economic,High Risk
6323,Sr. Cornelio Ojeda,61,367.57,28,503,0.52,Coahuila de Zaragoza,Economic,High Risk
6324,Conchita María Luisa Barrera,37,,5,533,0.54,Tlaxcala,Economic,High Risk
6325,Carmen Diana Almaraz Ávalos,44,259.87,12,600,0.6,Colima,Economic,High Risk
6326,Maximiliano Garrido,39,189.64,14,663,0.32,Tamaulipas,Economic,Medium Risk
6327,Teodoro Rangel,41,322.56,16,645,0.38,Coahuila de Zaragoza,Economic,High Risk
6328,Sr. Adán Carreón,68,283.64,17,664,0.49,Chihuahua,Economic,Medium Risk
6329,Lic. Rodrigo Mendoza,70,342.34,10,578,0.58,Coahuila de Zaragoza,Economic,High Risk
6330,Ignacio Barajas,30,99.43,0,589,0.29,Tlaxcala,Economic,High Risk
6331,Leonel Ureña,63,117.17,38,606,0.28,Guanajuato,Economic,High Risk
6332,Dra. Guillermina Hernandes,64,224.32,27,575,0.29,Tlaxcala,Economic,High Risk
6333,Magdalena Guardado,27,194.08,1,673,0.16,Querétaro,Economic,Medium Risk
6334,Juan Carlos Tejada Espinoza,52,246.08,24,615,0.23,Guerrero,Economic,High Risk
6335,Agustín Badillo,50,279.34,25,549,0.49,Tabasco,Economic,High Risk
6336,Ramón Preciado,59,247.18,18,630,0.46,Veracruz de Ignacio de la Llave,Economic,High Risk
6337,Sr. Miguel Ángel Llamas,22,623.26,0,600,0.27,Morelos,Economic,High Risk
6338,Yolanda Josefina Lara Casanova,70,151.86,44,635,0.47,Tlaxcala,Economic,High Risk
6339,Úrsula Eugenia Brito Sandoval,40,171.37,1,594,0.13,Puebla,Economic,High Risk
6340,Cornelio Villa Carrasco,60,159.28,6,676,0.23,Puebla,Economic,Medium Risk
6341,Amador Ricardo Mayorga,24,343.13,1,673,0.25,Tamaulipas,Economic,Medium Risk
6342,Sr. José Carlos Gurule,70,364.97,39,552,0.37,Durango,Economic,High Risk
6343,Lic. Cristobal Serrato,34,198.72,4,655,0.13,Querétaro,Economic,Medium Risk
6344,Estela Barreto Rosales,45,191.27,11,535,0.18,Campeche,Economic,High Risk
6345,Eloy Camarillo,40,251.52,7,645,0.41,Baja California Sur,Economic,High Risk
6346,Irene Miranda Menchaca,44,324.19,12,509,0.47,Nayarit,Economic,High Risk
6347,Héctor Villanueva,48,211.81,4,669,0.52,Quintana Roo,Economic,Medium Risk
6348,María Luisa Nadia Ruelas,43,214.44,9,573,0.42,Colima,Economic,High Risk
6349,Mariano Felipe Adame Gaona,67,326.57,42,661,0.57,Tamaulipas,Economic,Medium Risk
6350,Rosa Gloria Montemayor,34,180.28,10,630,0.11,Quintana Roo,Economic,High Risk
6351,Ing. Israel Briseño,27,,2,616,0.26,Yucatán,Economic,High Risk
6352,Humberto Juan Carlos Escobar Montez,41,704.08,5,608,0.28,Zacatecas,Economic,High Risk
6353,María Luisa Peña Zamora,51,130.85,15,592,0.17,Chiapas,Economic,High Risk
6354,Sr. Genaro Cervántez,70,186.81,28,527,0.31,Yucatán,Economic,High Risk
6355,Jacinto Tomás Cortés Vigil,23,159.89,0,590,0.27,Aguascalientes,Economic,High Risk
6356,Rufino Estrada Muro,54,220.91,0,647,0.47,Quintana Roo,Economic,High Risk
6357,Fernando Maya del Valle,56,115.56,20,537,0.57,Aguascalientes,Economic,High Risk
6358,Gonzalo Negrete Collado,38,223.62,5,542,0.23,Zacatecas,Economic,High Risk
6359,Sr. Rolando Estévez,43,122.18,11,627,0.32,Puebla,Economic,High Risk
6360,Silvano Pablo Chacón,33,91.58,4,502,0.16,Oaxaca,Economic,High Risk
6361,Antonia Patricia Serrato,65,187.22,36,563,0.56,Guerrero,Economic,High Risk
6362,Darío Valle,36,209.22,9,650,0.21,Oaxaca,Economic,Medium Risk
6363,Violeta Páez,47,140.58,8,590,0.36,Jalisco,Economic,High Risk
6364,Daniela Pedroza,51,390.13,14,609,0.24,Michoacán de Ocampo,Economic,High Risk
6365,Óscar Alarcón Laureano,69,195.8,13,529,0.21,Tlaxcala,Economic,High Risk
6366,Conchita Blanco,64,554.45,36,605,0.31,Baja California Sur,Economic,High Risk
6367,Ruby Ramírez Casanova,30,155.89,10,549,0.25,Chihuahua,Economic,High Risk
6368,Manuel Apodaca,52,332.72,10,646,0.26,Michoacán de Ocampo,Economic,High Risk
6369,Jesús Beltrán,64,121.62,40,546,0.53,Durango,Economic,High Risk
6370,Bernardo Chacón,42,187.67,17,673,0.32,Campeche,Economic,Medium Risk
6371,Luis Solorio Castañeda,59,123.44,12,598,0.59,Querétaro,Economic,High Risk
6372,Miguel Salinas Valdez,62,136.7,34,605,0.16,Puebla,Economic,High Risk
6373,Bruno Aguirre,55,297.99,12,660,0.38,Nuevo León,Economic,Medium Risk
6374,Germán Báez Lemus,46,388.79,1,651,0.36,Oaxaca,Economic,Medium Risk
6375,Soledad Bañuelos Lomeli,54,223.89,25,568,0.22,Campeche,Economic,High Risk
6376,Esther Teresa Garibay Luna,48,121.07,15,611,0.48,Hidalgo,Economic,High Risk
6377,Javier Serafín Miranda,63,220.61,20,517,0.53,Aguascalientes,Economic,High Risk
6378,José Carlos Ramón Figueroa,48,213.17,22,671,0.29,Yucatán,Economic,Medium Risk
6379,Sra. Cristal Alvarez,41,150.38,9,593,0.2,Chiapas,Economic,High Risk
6380,Ing. Mariana Madrigal,38,93.76,15,659,0.16,Campeche,Economic,Medium Risk
6381,Estela Lara Colón,30,123.39,8,511,0.38,Colima,Economic,High Risk
6382,Sandra Aida Pedroza,26,78.87,0,654,0.55,Tlaxcala,Economic,Medium Risk
6383,Yeni Alta  Gracia Madrid,46,,16,672,0.14,Oaxaca,Economic,Medium Risk
6384,Susana Carvajal Carreón,58,367.42,35,632,0.23,Tamaulipas,Economic,High Risk
6385,Aldo Lira Rosado,60,245.34,16,618,0.58,San Luis Potosí,Economic,High Risk
6386,Sr. Julio Escobedo,55,146.12,26,595,0.33,Tamaulipas,Economic,High Risk
6387,Paola Avilés Soria,62,182.24,34,674,0.4,Nuevo León,Economic,Medium Risk
6388,Bruno Rodolfo Berríos,58,95.68,29,624,0.47,Hidalgo,Economic,High Risk
6389,Citlali Lilia Raya Roybal,59,188.07,19,548,0.41,Chihuahua,Economic,High Risk
6390,José Manuél Huerta Mata,56,119.56,21,547,0.32,San Luis Potosí,Economic,High Risk
6391,Lic. Emiliano Sevilla,55,237.18,28,542,0.59,Quintana Roo,Economic,High Risk
6392,Sara Orellana,21,117.11,0,649,0.51,Chiapas,Economic,High Risk
6393,Gregorio Juan Carlos Caldera Medina,70,379.86,45,608,0.2,Chiapas,Economic,High Risk
6394,Armando Zamudio,31,154.33,6,587,0.6,Jalisco,Economic,High Risk
6395,Delia Dulce Arteaga,70,162.77,15,618,0.29,Baja California,Economic,High Risk
6396,César Leonel Mascareñas Reynoso,45,110.46,15,504,0.33,Hidalgo,Economic,High Risk
6397,Sra. Natalia Martínez,23,164.33,0,545,0.13,Aguascalientes,Economic,High Risk
6398,Barbara Yolanda Esparza Montaño,42,79.03,1,673,0.45,Quintana Roo,Economic,Medium Risk
6399,Dulce Lucero,67,117.09,4,634,0.59,Coahuila de Zaragoza,Economic,High Risk
6400,Dra. Susana Tejeda,24,268.99,2,500,0.5,Morelos,Economic,High Risk
6401,Carlos Rufino Lerma,61,364.32,15,638,0.49,Nuevo León,Economic,High Risk
6402,Alfredo Quintana Aguilera,39,151.06,8,680,0.31,Baja California Sur,Economic,Medium Risk
6403,Asunción Hinojosa,49,436.18,21,613,0.46,Baja California,Economic,High Risk
6404,Juan Arturo Sanabria,54,212.74,23,640,0.36,Tamaulipas,Economic,High Risk
6405,Omar Cabán,34,309.99,2,535,0.28,Sonora,Economic,High Risk
6406,Angélica Loya Baeza,35,200.2,15,645,0.49,Coahuila de Zaragoza,Economic,High Risk
6407,Eugenia Córdova Peres,46,312.54,13,627,0.43,Quintana Roo,Economic,High Risk
6408,Rufino Germán Arteaga,37,169.3,0,597,0.35,Jalisco,Economic,High Risk
6409,Natividad Guadalupe Tórrez Herrera,33,193.97,0,621,0.12,Chiapas,Economic,High Risk
6410,Gilberto Mariano Gollum Alejandro,21,401.2,2,545,0.57,Tamaulipas,Economic,High Risk
6411,Aldonza Varela,70,327.02,22,560,0.58,Yucatán,Economic,High Risk
6412,Juan de la Fuente Palomino,44,203.13,2,601,0.6,Querétaro,Economic,High Risk
6413,César León,30,205.34,5,641,0.44,Oaxaca,Economic,High Risk
6414,Renato Cristian Salinas,68,301.67,11,674,0.38,Chihuahua,Economic,Medium Risk
6415,Humberto Rafaél Durán Cedillo,39,149.25,14,598,0.47,Querétaro,Economic,High Risk
6416,Srita. Leticia Véliz,59,182.95,26,561,0.32,Chiapas,Economic,High Risk
6417,Srita. Cynthia Ojeda,32,196.64,2,519,0.13,Colima,Economic,High Risk
6418,Irene Bañuelos,53,300.96,28,678,0.33,México,Economic,Medium Risk
6419,Francisco Armando Gutiérrez,50,186.98,6,641,0.15,Sonora,Economic,High Risk
6420,Juana Cecilia Porras Rosales,33,144.34,8,679,0.32,Puebla,Economic,Medium Risk
6421,Citlali Barbara Trujillo,23,227.44,4,632,0.34,Chihuahua,Economic,High Risk
6422,Alfredo Escobar Roque,29,244.95,4,625,0.32,Sinaloa,Economic,High Risk
6423,Carla Casares Segovia,39,163.27,15,623,0.5,Tlaxcala,Economic,High Risk
6424,Homero Patricio Fierro,24,167.85,1,600,0.3,Michoacán de Ocampo,Economic,High Risk
6425,Ernesto Moreno,41,201.63,20,594,0.23,San Luis Potosí,Economic,High Risk
6426,Irene Olivia Orellana,65,199.58,28,599,0.45,Veracruz de Ignacio de la Llave,Economic,High Risk
6427,Zoé Alma Quintanilla,35,155.35,0,540,0.26,México,Economic,High Risk
6428,Isabel Batista,67,152.17,20,541,0.26,Jalisco,Economic,High Risk
6429,José Luis Aldo Olmos Gollum,33,298.19,0,657,0.45,Chihuahua,Economic,Medium Risk
6430,Estela Peres,47,208.14,29,545,0.46,Nayarit,Economic,High Risk
6431,Ing. José María Quiroz,58,349.77,32,518,0.48,Sinaloa,Economic,High Risk
6432,Noelia Virginia Jáquez,56,127.33,35,630,0.43,Coahuila de Zaragoza,Economic,High Risk
6433,Ramón Leonardo Leiva Beltrán,26,299.38,2,618,0.5,Quintana Roo,Economic,High Risk
6434,Iván Nieves Murillo,30,477.52,5,647,0.13,Querétaro,Economic,High Risk
6435,Nelly Vigil Holguín,68,133.53,23,578,0.38,Nuevo León,Economic,High Risk
6436,Rosa María Luisa Henríquez,28,187.69,5,513,0.26,Durango,Economic,High Risk
6437,Gabriela Pamela Mota Maestas,22,235.83,0,529,0.36,Chiapas,Economic,High Risk
6438,Antonio Hernádez,34,208.93,4,638,0.11,Hidalgo,Economic,High Risk
6439,Adalberto Claudio Henríquez,44,222.14,0,603,0.24,Puebla,Economic,High Risk
6440,Gustavo Zepeda,39,,6,609,0.24,Veracruz de Ignacio de la Llave,Economic,High Risk
6441,Eugenia Socorro Campos,67,257.64,23,626,0.14,San Luis Potosí,Economic,High Risk
6442,Guadalupe Arcelia Valdivia,60,98.05,29,595,0.41,Veracruz de Ignacio de la Llave,Economic,High Risk
6443,María Eugenia Godoy,59,254.67,26,633,0.31,Chiapas,Economic,High Risk
6444,René Esparza Viera,27,341.66,7,522,0.56,Quintana Roo,Economic,High Risk
6445,Tomás Tijerina Romero,49,212.42,27,640,0.15,Nuevo León,Economic,High Risk
6446,Abraham Ozuna,26,126.5,3,616,0.42,Aguascalientes,Economic,High Risk
6447,César Horacio Alarcón,50,161.21,6,539,0.26,Colima,Economic,High Risk
6448,Norma Muro,21,240.83,1,678,0.17,Morelos,Economic,Medium Risk
6449,Octavio Olivera,60,190.89,26,517,0.17,Quintana Roo,Economic,High Risk
6450,Amalia Elvia Alba Girón,49,189.99,2,578,0.4,Nuevo León,Economic,High Risk
6451,Rosalia Ivonne Garrido,36,395.79,9,500,0.26,Distrito Federal,Economic,High Risk
6452,Salma Posada Laboy,52,125.02,30,620,0.51,Tabasco,Economic,High Risk
6453,Lic. Alvaro de la Crúz,54,174.7,28,507,0.22,Sinaloa,Economic,High Risk
6454,Jerónimo Villareal Calvillo,62,226.01,7,676,0.57,Michoacán de Ocampo,Economic,Medium Risk
6455,Itzel Cepeda Navarro,70,170.9,29,521,0.54,Zacatecas,Economic,High Risk
6456,Ing. Barbara Lira,25,268.73,4,558,0.51,Yucatán,Economic,High Risk
6457,Celia Elena Farías,31,190.4,10,675,0.59,Zacatecas,Economic,Medium Risk
6458,Caridad Méndez,34,254.22,6,566,0.39,Coahuila de Zaragoza,Economic,High Risk
6459,José María Ramón,68,207.48,12,629,0.33,Querétaro,Economic,High Risk
6460,Jorge Luis Carreón,54,488.13,15,558,0.32,Distrito Federal,Economic,High Risk
6461,Dr. Lorenzo Carrera,63,228.81,3,542,0.12,Michoacán de Ocampo,Economic,High Risk
6462,Diana Catalina Barrios,49,230.96,21,586,0.47,Morelos,Economic,High Risk
6463,Arcelia Rael Linares,35,173.79,17,575,0.29,Jalisco,Economic,High Risk
6464,Estela Araceli Acuña,62,208.37,2,667,0.17,Guerrero,Economic,Medium Risk
6465,Marco Antonio Esquibel Concepción,36,246.35,12,572,0.1,Guerrero,Economic,High Risk
6466,Jos Tórrez Archuleta,27,135.45,0,562,0.29,Coahuila de Zaragoza,Economic,High Risk
6467,Lic. Alta  Gracia Nevárez,60,157.89,22,512,0.29,Jalisco,Economic,High Risk
6468,Andrea Almanza Estévez,63,156.39,21,615,0.1,Chihuahua,Economic,High Risk
6469,Mauricio Meléndez,23,187.11,0,640,0.59,Baja California,Economic,High Risk
6470,Alfredo Madrid,46,221.15,26,606,0.14,Chiapas,Economic,High Risk
6471,Uriel Gaitán Arevalo,35,454.4,7,608,0.36,Chihuahua,Economic,High Risk
6472,Serafín Vera Navarro,33,121.99,0,504,0.54,Sonora,Economic,High Risk
6473,Dr. Francisco Rael,56,524.23,27,539,0.42,Jalisco,Economic,High Risk
6474,Lic. Mauricio Arevalo,21,73.81,0,607,0.45,México,Economic,High Risk
6475,Débora Antonia Aguirre Velásquez,67,189.11,47,580,0.33,Guerrero,Economic,High Risk
6476,Lic. Cristian Bustos,47,117.47,2,521,0.13,Querétaro,Economic,High Risk
6477,Dra. Adela Duarte,57,320.32,31,642,0.48,Yucatán,Economic,High Risk
6478,Eric Correa,51,82.15,24,623,0.17,Querétaro,Economic,High Risk
6479,Dulce Sofía Gurule,32,148.76,7,589,0.58,Guerrero,Economic,High Risk
6480,Humberto Franco Viera,61,117.77,25,608,0.58,Tlaxcala,Economic,High Risk
6481,Jesús Pablo Olivares Galván,65,768.63,18,602,0.41,Guerrero,Economic,High Risk
6482,Guadalupe Ana María Montero Meléndez,67,239.36,0,643,0.23,Aguascalientes,Economic,High Risk
6483,Lic. Raquel Caballero,55,198.46,11,625,0.53,Sonora,Economic,High Risk
6484,Marco Antonio Maximiliano Quintero Serna,23,226.38,2,591,0.29,Aguascalientes,Economic,High Risk
6485,Eloisa Benavides Concepción,40,147.98,6,534,0.13,Veracruz de Ignacio de la Llave,Economic,High Risk
6486,Úrsula Verónica Fajardo,32,201.98,13,612,0.21,Nuevo León,Economic,High Risk
6487,Renato Magaña Zelaya,51,214.03,22,609,0.21,Querétaro,Economic,High Risk
6488,Srita. Abigail Luevano,43,249.15,7,620,0.18,Yucatán,Economic,High Risk
6489,Javier Rosado,39,438.78,2,655,0.37,Chihuahua,Economic,Medium Risk
6490,Bianca Caraballo,30,308.43,0,576,0.4,Baja California,Economic,High Risk
6491,Felix Felipe Montero Lovato,68,176.0,20,521,0.25,Colima,Economic,High Risk
6492,Javier Bétancourt,23,116.68,1,563,0.42,Tamaulipas,Economic,High Risk
6493,Lucía Fajardo,48,299.03,3,552,0.55,Zacatecas,Economic,High Risk
6494,Marisela Sessa Ceja,44,239.07,20,600,0.12,Aguascalientes,Economic,High Risk
6495,Srita. Helena Alfaro,22,207.04,0,504,0.37,Campeche,Economic,High Risk
6496,Ing. Luisa Reséndez,45,190.81,6,544,0.34,Baja California,Economic,High Risk
6497,Zeferino Barela,56,,25,578,0.59,Jalisco,Economic,High Risk
6498,Jonás Carranza Alarcón,48,423.07,13,507,0.16,Colima,Economic,High Risk
6499,Jaqueline Lira Espinosa,60,159.26,39,622,0.21,Distrito Federal,Economic,High Risk
6500,Rodrigo Gonzales,46,107.99,23,594,0.35,Sinaloa,Economic,High Risk
6501,Ing. Lilia Ortiz,60,167.97,33,624,0.12,Sonora,Economic,High Risk
6502,Antonia Valdés Amaya,22,207.28,0,528,0.2,Oaxaca,Economic,High Risk
6503,Óscar Espartaco Orellana,46,208.76,24,561,0.44,Coahuila de Zaragoza,Economic,High Risk
6504,Soledad Ivonne Polanco,60,232.74,20,550,0.28,Querétaro,Economic,High Risk
6505,Srita. Carolina Aguilar,56,248.52,20,668,0.42,Tamaulipas,Economic,Medium Risk
6506,Angélica Rivera Franco,26,113.75,2,616,0.15,Veracruz de Ignacio de la Llave,Economic,High Risk
6507,Hilda Rebeca Pacheco,44,129.46,17,568,0.4,Distrito Federal,Economic,High Risk
6508,Aldo Alvaro Viera Frías,55,224.61,23,644,0.5,Guerrero,Economic,High Risk
6509,Renato Ayala Palomo,46,215.97,10,543,0.27,San Luis Potosí,Economic,High Risk
6510,María Eugenia Ortega Verdugo,37,261.38,2,678,0.58,Baja California Sur,Economic,Medium Risk
6511,José Manuél Adán Alvarado Ramos,52,340.54,12,541,0.39,Chiapas,Economic,High Risk
6512,Fabiola María Teresa Gálvez,50,345.48,0,620,0.54,Chihuahua,Economic,High Risk
6513,Isabel Emilia Velasco,55,302.61,0,551,0.3,Tabasco,Economic,High Risk
6514,Karina María José León,40,645.81,4,584,0.15,Guerrero,Economic,High Risk
6515,Citlali Elvia Raya,41,186.94,9,571,0.36,Tabasco,Economic,High Risk
6516,Inés Alcántar,33,137.38,9,538,0.33,Guerrero,Economic,High Risk
6517,Inés Navarro Venegas,46,175.16,9,677,0.3,Guerrero,Economic,Medium Risk
6518,Rodrigo Carvajal Merino,23,256.33,0,596,0.43,Guanajuato,Economic,High Risk
6519,Alma Palacios,38,105.47,0,672,0.1,Tabasco,Economic,Medium Risk
6520,Martín Mateo Sarabia,41,165.99,14,646,0.26,Jalisco,Economic,High Risk
6521,Abril Olvera,22,192.69,0,531,0.27,Aguascalientes,Economic,High Risk
6522,Fidel Patricio Lozada Quintero,63,120.25,30,557,0.56,Coahuila de Zaragoza,Economic,High Risk
6523,Bruno Lugo Parra,45,181.71,12,643,0.57,Tlaxcala,Economic,High Risk
6524,Oswaldo Mojica,43,154.09,11,596,0.28,Querétaro,Economic,High Risk
6525,Enrique Castellanos Arenas,60,247.53,17,515,0.26,Guerrero,Economic,High Risk
6526,Clara Suárez,39,292.36,10,544,0.45,Puebla,Economic,High Risk
6527,Ofelia Rocío Gurule Zepeda,63,177.11,19,546,0.22,Tamaulipas,Economic,High Risk
6528,Renato Casas,59,138.48,1,672,0.2,Tamaulipas,Economic,Medium Risk
6529,Porfirio Jonás Martínez,45,130.37,23,564,0.52,Durango,Economic,High Risk
6530,Ing. Alfredo Mireles,46,119.42,22,656,0.38,Tlaxcala,Economic,Medium Risk
6531,Rebeca Cepeda,36,322.19,6,549,0.23,Guanajuato,Economic,High Risk
6532,Úrsula Baca Vélez,29,341.98,1,630,0.13,Yucatán,Economic,High Risk
6533,Ing. Martín Galarza,67,,37,659,0.19,Campeche,Economic,Medium Risk
6534,Liliana Cano Riojas,70,78.44,28,561,0.54,Baja California Sur,Economic,High Risk
6535,Noemí Rocío Nieto,22,181.58,1,526,0.19,Baja California,Economic,High Risk
6536,Emilia Lucía Valdés,44,203.48,7,611,0.41,Sinaloa,Economic,High Risk
6537,Francisco Javier Arturo Tejeda Gurule,23,184.58,2,673,0.22,Guerrero,Economic,Medium Risk
6538,Rocío Leal,65,200.7,20,626,0.3,Quintana Roo,Economic,High Risk
6539,Ramón Óscar Madrid Cervantes,31,268.1,4,561,0.51,Guerrero,Economic,High Risk
6540,Dr. Lucas Razo,51,418.16,13,577,0.19,Sonora,Economic,High Risk
6541,Sra. Leonor Osorio,49,199.56,12,517,0.26,Colima,Economic,High Risk
6542,Sra. Liliana Benítez,41,710.76,11,560,0.21,Sinaloa,Economic,High Risk
6543,Claudio Grijalva,45,285.15,17,546,0.55,Morelos,Economic,High Risk
6544,Marcos Garica Negrete,30,164.02,11,663,0.23,Jalisco,Economic,Medium Risk
6545,Gloria Arcelia Badillo Monroy,37,314.01,2,511,0.5,Colima,Economic,High Risk
6546,Rufino Evelio Romo,39,125.49,10,617,0.21,Distrito Federal,Economic,High Risk
6547,Alvaro Rodolfo Partida Gurule,42,310.44,18,620,0.32,Aguascalientes,Economic,High Risk
6548,Isaac Reyna,34,,4,509,0.41,Guerrero,Economic,High Risk
6549,Silvia Lilia Merino Gutiérrez,38,614.03,19,522,0.14,Guerrero,Economic,High Risk
6550,Hilda Angélica Castillo Marrero,59,63.86,33,622,0.2,México,Economic,High Risk
6551,Jaqueline Osorio,44,184.3,13,622,0.11,Querétaro,Economic,High Risk
6552,Graciela Silvia Lira Franco,29,347.32,4,516,0.13,Durango,Economic,High Risk
6553,Lorenzo Mario Mesa Acuña,62,264.61,12,672,0.31,Chiapas,Economic,Medium Risk
6554,Flavio Viera,50,314.62,20,508,0.31,Guerrero,Economic,High Risk
6555,Cristian Valdivia Gracia,53,262.71,16,623,0.44,Guanajuato,Economic,High Risk
6556,Catalina Luisa Cepeda Guillen,69,389.67,14,570,0.31,Sonora,Economic,High Risk
6557,Cornelio Ontiveros González,64,271.93,43,671,0.15,Morelos,Economic,Medium Risk
6558,Jesús Víctor Olivas,69,169.85,2,610,0.36,Zacatecas,Economic,High Risk
6559,Héctor Javier Sanabria,64,213.84,28,611,0.55,Zacatecas,Economic,High Risk
6560,Arcelia Berríos,31,91.13,7,559,0.19,Guanajuato,Economic,High Risk
6561,Sra. Daniela Barajas,46,203.76,7,678,0.4,Quintana Roo,Economic,Medium Risk
6562,Alonso Lucio,29,181.02,0,516,0.57,Nayarit,Economic,High Risk
6563,Lucía Benavídez Mateo,22,280.01,0,604,0.47,Coahuila de Zaragoza,Economic,High Risk
6564,Abraham David Abrego Sarabia,53,74.44,25,656,0.29,Zacatecas,Economic,Medium Risk
6565,Genaro Cortez León,49,241.59,11,631,0.47,Aguascalientes,Economic,High Risk
6566,Martín Gerónimo Madera,26,217.45,7,602,0.18,México,Economic,High Risk
6567,Teodoro Gerardo Tejeda Castellanos,35,286.39,11,613,0.23,Jalisco,Economic,High Risk
6568,Magdalena Olmos Toledo,46,490.39,9,534,0.55,Baja California,Economic,High Risk
6569,Eduardo Mateo Villa,37,64.83,14,588,0.34,Tlaxcala,Economic,High Risk
6570,Aldonza Jáquez Badillo,31,194.47,5,590,0.41,Jalisco,Economic,High Risk
6571,Ing. David Castillo,44,464.01,23,664,0.33,Yucatán,Economic,Medium Risk
6572,Yuridia María Teresa Garibay,48,109.17,12,506,0.38,Querétaro,Economic,High Risk
6573,Miguel Hugo Rosado Cortez,46,245.14,24,527,0.2,Durango,Economic,High Risk
6574,Flavio Gustavo Pichardo,48,258.8,8,602,0.27,Sinaloa,Economic,High Risk
6575,María Cristina Lourdes Jimínez Medina,56,189.56,2,620,0.18,Yucatán,Economic,High Risk
6576,Serafín José Emilio Gómez,21,202.96,0,533,0.42,Jalisco,Economic,High Risk
6577,Sara Morales,23,209.66,1,637,0.26,Tabasco,Economic,High Risk
6578,Graciela María Teresa Pineda,51,303.92,16,520,0.46,Distrito Federal,Economic,High Risk
6579,Wendolin Ángela Nevárez,70,312.77,28,566,0.24,Quintana Roo,Economic,High Risk
6580,Dra. Juana Patiño,49,,19,609,0.53,Hidalgo,Economic,High Risk
6581,César Leonel Caballero Posada,32,130.72,3,585,0.24,Baja California,Economic,High Risk
6582,Nayeli Margarita Lemus Casillas,69,165.06,40,620,0.53,Baja California Sur,Economic,High Risk
6583,Vicente Valladares Mena,66,329.4,8,585,0.34,Sonora,Economic,High Risk
6584,Daniela Ana María Cervantes,21,215.29,0,562,0.13,Michoacán de Ocampo,Economic,High Risk
6585,Francisco Javier Pineda Gonzales,69,97.85,7,611,0.28,Querétaro,Economic,High Risk
6586,Inés Alejandra Tejeda Ceja,66,296.8,5,641,0.1,Aguascalientes,Economic,High Risk
6587,Blanca Madrid Lovato,39,343.94,0,613,0.55,Tabasco,Economic,High Risk
6588,Sr. Benito Patiño,25,298.33,0,564,0.23,Quintana Roo,Economic,High Risk
6589,Srita. Teresa Villaseñor,30,420.94,4,504,0.48,Durango,Economic,High Risk
6590,Claudia Ojeda,42,58.36,7,623,0.51,Chiapas,Economic,High Risk
6591,Eloisa Concepción Leal,29,501.2,5,635,0.35,Baja California,Economic,High Risk
6592,Dra. Citlali Carrero,50,179.27,11,583,0.12,Jalisco,Economic,High Risk
6593,Lorenzo Cornelio Coronado,46,92.44,21,580,0.58,Colima,Economic,High Risk
6594,Alejandro Abel Lugo,52,431.18,3,590,0.37,Oaxaca,Economic,High Risk
6595,Cristina Concepción Covarrubias,42,107.62,8,662,0.26,Baja California Sur,Economic,Medium Risk
6596,Porfirio Peres,57,213.17,19,676,0.34,Baja California,Economic,Medium Risk
6597,Leonel Quiñónez,32,202.82,2,543,0.19,Tabasco,Economic,High Risk
6598,Jacinto Dueñas,61,309.01,17,576,0.15,Durango,Economic,High Risk
6599,Jaqueline Anabel de Anda,44,353.92,3,665,0.15,Nayarit,Economic,Medium Risk
6600,Eugenia Báez,52,341.99,14,537,0.55,Sonora,Economic,High Risk
6601,Lic. Susana Sandoval,43,532.4,22,642,0.17,Zacatecas,Economic,High Risk
6602,Iván Castañeda León,29,259.19,0,611,0.42,México,Economic,High Risk
6603,Adriana Micaela Juárez Dávila,51,169.1,25,554,0.41,Sinaloa,Economic,High Risk
6604,Lorena Aragón Chacón,43,,13,599,0.22,Baja California,Economic,High Risk
6605,Alvaro Duarte León,58,178.98,3,592,0.19,Baja California,Economic,High Risk
6606,Arturo Silvano Ortega Ocasio,49,70.6,9,588,0.1,Tabasco,Economic,High Risk
6607,Elvira Teresa Frías,67,260.52,30,602,0.12,Tamaulipas,Economic,High Risk
6608,Emilia Emilia Rojas Posada,62,288.99,11,509,0.38,Zacatecas,Economic,High Risk
6609,Gabriel Portillo Haro,21,220.78,0,500,0.21,Colima,Economic,High Risk
6610,Gabino Cadena Palomo,24,266.26,0,649,0.15,Zacatecas,Economic,High Risk
6611,Cynthia Torres Aguirre,26,224.41,4,526,0.15,Tlaxcala,Economic,High Risk
6612,Mercedes Venegas Sarabia,63,154.79,13,564,0.54,Tabasco,Economic,High Risk
6613,Elvira Eva Rascón,25,239.28,7,654,0.22,Quintana Roo,Economic,Medium Risk
6614,Julia Morales,30,100.18,10,514,0.38,Puebla,Economic,High Risk
6615,Genaro Alvarado Casares,48,219.82,4,514,0.42,Yucatán,Economic,High Risk
6616,Caridad Sonia Solís Apodaca,47,148.79,8,585,0.15,Querétaro,Economic,High Risk
6617,Dr. Agustín Lugo,66,278.57,33,538,0.47,Tabasco,Economic,High Risk
6618,Ing. Samuel Palomo,26,185.94,3,675,0.44,Sonora,Economic,Medium Risk
6619,Óliver Oswaldo Guillen,26,175.22,4,578,0.46,Tamaulipas,Economic,High Risk
6620,Srita. Ivonne Escobedo,48,69.39,4,518,0.17,Chiapas,Economic,High Risk
6621,Ángela Gálvez,36,217.26,15,627,0.46,Guanajuato,Economic,High Risk
6622,Tomás José Manuél Gaytán Galván,35,217.09,2,535,0.47,San Luis Potosí,Economic,High Risk
6623,Marisol Ruby Salgado,32,281.46,2,514,0.43,San Luis Potosí,Economic,High Risk
6624,Sra. Jaqueline Hernandes,47,481.47,10,645,0.13,Michoacán de Ocampo,Economic,High Risk
6625,Jerónimo Urrutia,66,243.26,22,537,0.46,México,Economic,High Risk
6626,Catalina Lorena Sandoval,24,185.07,0,552,0.56,Aguascalientes,Economic,High Risk
6627,Magdalena Mora,49,205.32,22,660,0.13,Colima,Economic,Medium Risk
6628,Rosario Amanda Pedroza,44,158.11,21,556,0.27,Sinaloa,Economic,High Risk
6629,Alejandro Diego Saldaña,27,,3,636,0.18,Coahuila de Zaragoza,Economic,High Risk
6630,Esther Navarro,52,197.92,5,621,0.3,Sinaloa,Economic,High Risk
6631,Elias Hugo Niño Alfaro,63,416.31,15,534,0.13,Baja California Sur,Economic,High Risk
6632,María José Itzel Varela,27,151.41,6,600,0.28,Guanajuato,Economic,High Risk
6633,Rosario Rendón Godínez,38,175.58,16,553,0.26,Hidalgo,Economic,High Risk
6634,Gabriel Montes,41,145.65,14,539,0.42,Baja California Sur,Economic,High Risk
6635,María Elena Soliz Soto,64,422.42,28,549,0.51,Yucatán,Economic,High Risk
6636,Irene Loya Abreu,57,343.44,32,603,0.37,Coahuila de Zaragoza,Economic,High Risk
6637,Bianca Tafoya,54,146.42,31,608,0.3,Oaxaca,Economic,High Risk
6638,Sessa Lorena Velasco,40,160.11,7,591,0.28,Nayarit,Economic,High Risk
6639,Serafín Evelio Puga Jasso,42,298.51,10,580,0.38,Veracruz de Ignacio de la Llave,Economic,High Risk
6640,Guillermina Alma Leal,38,480.52,0,509,0.44,Colima,Economic,High Risk
6641,Rosa Gloria Tijerina Echeverría,57,151.82,10,603,0.31,Campeche,Economic,High Risk
6642,Fernando Dueñas Mata,40,293.7,0,541,0.19,Yucatán,Economic,High Risk
6643,Ana María María Luisa Ybarra,56,418.38,1,668,0.5,Baja California,Economic,Medium Risk
6644,Alvaro Zeferino Dueñas,33,333.43,6,568,0.1,Tamaulipas,Economic,High Risk
6645,Noemí Beatriz Quintana,27,85.42,6,529,0.49,Chiapas,Economic,High Risk
6646,Lic. Abel Chavarría,68,247.03,18,609,0.6,Chihuahua,Economic,High Risk
6647,Rosalia Vega,47,433.31,18,530,0.4,Durango,Economic,High Risk
6648,Susana Eva Granado Cavazos,52,116.64,10,630,0.31,Guerrero,Economic,High Risk
6649,Natividad Flórez Saavedra,21,169.24,1,529,0.35,Veracruz de Ignacio de la Llave,Economic,High Risk
6650,Jacinto Santana,32,202.16,2,591,0.15,Distrito Federal,Economic,High Risk
6651,Leticia Baeza Mercado,48,318.32,0,665,0.56,Chihuahua,Economic,Medium Risk
6652,Reina Arenas,55,240.01,23,591,0.28,San Luis Potosí,Economic,High Risk
6653,Ing. Adalberto Gaona,23,189.26,0,655,0.2,Aguascalientes,Economic,Medium Risk
6654,Agustín Omar Villegas Ornelas,50,518.05,12,601,0.56,Distrito Federal,Economic,High Risk
6655,Enrique Marco Antonio Montero Ochoa,39,273.15,11,646,0.41,Campeche,Economic,High Risk
6656,Karla Arevalo,59,291.52,11,526,0.59,Querétaro,Economic,High Risk
6657,Teodoro Pineda,21,278.14,0,659,0.2,Tabasco,Economic,Medium Risk
6658,Pamela Irma Estévez,42,124.04,19,663,0.32,Baja California Sur,Economic,Medium Risk
6659,Marcela Esparza,64,187.35,27,505,0.19,Baja California Sur,Economic,High Risk
6660,Lic. Víctor Fonseca,39,221.17,6,651,0.57,Tlaxcala,Economic,Medium Risk
6661,José Manuél Samuel Arredondo Tello,69,178.17,28,508,0.21,Nayarit,Economic,High Risk
6662,Aida Mora,26,217.5,6,524,0.44,Oaxaca,Economic,High Risk
6663,Jerónimo Rodríquez,37,459.82,0,507,0.53,Veracruz de Ignacio de la Llave,Economic,High Risk
6664,María María Luisa de la O,47,235.61,9,593,0.4,Nayarit,Economic,High Risk
6665,Olga Cecilia Collado,49,245.51,17,545,0.39,Oaxaca,Economic,High Risk
6666,Jorge Luis Aurelio Adame Márquez,40,454.23,8,609,0.11,Morelos,Economic,High Risk
6667,Verónica Marcela Garza Jaramillo,50,185.48,23,620,0.12,Durango,Economic,High Risk
6668,Miguel Páez,21,195.48,0,531,0.54,Veracruz de Ignacio de la Llave,Economic,High Risk
6669,César Véliz,35,259.46,9,673,0.58,Quintana Roo,Economic,Medium Risk
6670,José Robles,39,198.05,7,540,0.31,Colima,Economic,High Risk
6671,Olivia Benítez Sarabia,45,223.69,10,515,0.19,Sinaloa,Economic,High Risk
6672,Yolanda Sarabia Corona,39,273.11,8,519,0.46,Hidalgo,Economic,High Risk
6673,Leonor Clara Véliz Bonilla,44,183.27,12,677,0.56,Morelos,Economic,Medium Risk
6674,Srita. Catalina Ortiz,68,67.18,30,643,0.55,Querétaro,Economic,High Risk
6675,Dr. Francisco Javier Zamudio,52,78.93,7,501,0.11,Hidalgo,Economic,High Risk
6676,Ana María Norma Delgado,29,189.47,6,650,0.58,Hidalgo,Economic,Medium Risk
6677,Sr. Maximiliano Ponce,61,191.25,38,603,0.51,Jalisco,Economic,High Risk
6678,Octavio Gonzales,45,165.14,14,652,0.37,Hidalgo,Economic,Medium Risk
6679,César Cortés Olivárez,36,349.46,13,604,0.25,Morelos,Economic,High Risk
6680,Miriam Raquel Miramontes Feliciano,40,91.87,16,570,0.19,Oaxaca,Economic,High Risk
6681,Cristian Rodarte Nava,43,320.53,9,536,0.1,Durango,Economic,High Risk
6682,Norma de la Fuente,38,398.22,0,643,0.29,Guerrero,Economic,High Risk
6683,Federico Guardado,47,239.06,20,665,0.17,Sonora,Economic,Medium Risk
6684,Cristobal Pablo Ramón Barrios,36,294.4,5,509,0.16,Coahuila de Zaragoza,Economic,High Risk
6685,Itzel María Teresa Paredes,67,379.52,20,562,0.14,Tamaulipas,Economic,High Risk
6686,Olivia Montes Mesa,43,176.64,20,556,0.42,Tlaxcala,Economic,High Risk
6687,Ángela Ramírez,55,291.44,24,545,0.49,Veracruz de Ignacio de la Llave,Economic,High Risk
6688,Flavio Bañuelos,36,314.68,10,537,0.38,Nayarit,Economic,High Risk
6689,Rosario Calvillo,47,313.08,11,581,0.41,Hidalgo,Economic,High Risk
6690,Bruno Luis Miguel Corona,65,157.31,30,615,0.13,Colima,Economic,High Risk
6691,Gonzalo Amador Quintero,41,264.41,7,533,0.42,México,Economic,High Risk
6692,Claudia Domínguez,40,232.53,7,616,0.57,Nayarit,Economic,High Risk
6693,Lic. Estela Becerra,44,,19,541,0.29,Jalisco,Economic,High Risk
6694,Carla Celia Barajas,30,253.89,3,632,0.55,Guerrero,Economic,High Risk
6695,Rocío Débora Tello,26,395.76,2,635,0.11,Oaxaca,Economic,High Risk
6696,Marcos Maximiliano Madera Elizondo,31,221.08,2,575,0.58,Sinaloa,Economic,High Risk
6697,Diego Alvaro Salcido,32,304.38,7,621,0.49,Querétaro,Economic,High Risk
6698,Arcelia Alva Ceballos,58,277.08,16,670,0.39,Jalisco,Economic,Medium Risk
6699,Gerónimo Armando Mesa,63,174.1,14,596,0.17,México,Economic,High Risk
6700,Amelia Lourdes Garibay,60,260.51,4,645,0.2,Yucatán,Economic,High Risk
6701,Uriel Casárez,47,106.55,15,584,0.39,Yucatán,Economic,High Risk
6702,Ing. Trinidad Barrera,61,125.5,27,634,0.15,Durango,Economic,High Risk
6703,Emilia Tamez Mateo,42,160.0,12,579,0.36,Tamaulipas,Economic,High Risk
6704,Luis Jonás Robledo Medina,46,,1,606,0.47,Durango,Economic,High Risk
6705,Dalia Yolanda Calvillo Aguirre,67,526.86,45,643,0.47,Guanajuato,Economic,High Risk
6706,Marco Antonio Alonso Carvajal Sevilla,23,302.57,1,581,0.38,Campeche,Economic,High Risk
6707,Juan Carlos Báez,35,168.31,8,642,0.12,México,Economic,High Risk
6708,Antonia Merino,38,203.9,12,648,0.24,Guerrero,Economic,High Risk
6709,Mariano Joaquín Fernández Barajas,70,693.72,10,538,0.59,Distrito Federal,Economic,High Risk
6710,Lic. Horacio Quintero,69,238.73,5,532,0.16,Guanajuato,Economic,High Risk
6711,Homero Soria Razo,48,157.9,22,526,0.19,Campeche,Economic,High Risk
6712,Sr. David Quintana,54,267.45,1,549,0.37,Puebla,Economic,High Risk
6713,Elvia Luisa Anaya,55,255.67,17,556,0.4,Tamaulipas,Economic,High Risk
6714,María Teresa de la Garza,36,236.52,13,593,0.2,Yucatán,Economic,High Risk
6715,Marisol Silvia Jimínez,66,243.29,9,646,0.13,Tlaxcala,Economic,High Risk
6716,Dr. Enrique Alonzo,28,196.63,1,650,0.5,Tlaxcala,Economic,Medium Risk
6717,Augusto Ureña,48,430.84,1,565,0.12,Baja California,Economic,High Risk
6718,Fernando Nieves Soto,23,319.42,2,517,0.35,Zacatecas,Economic,High Risk
6719,Srita. Abril Jiménez,54,171.09,35,649,0.39,Distrito Federal,Economic,High Risk
6720,Ing. Alonso Abreu,49,258.0,9,620,0.47,Chiapas,Economic,High Risk
6721,Alejandro Loya Piña,28,182.28,2,624,0.32,Puebla,Economic,High Risk
6722,María del Carmen Márquez,33,131.93,5,619,0.23,San Luis Potosí,Economic,High Risk
6723,José Emilio Armendáriz de Jesús,56,204.75,21,600,0.55,Morelos,Economic,High Risk
6724,Ramiro Eduardo Montaño Cordero,47,429.3,1,583,0.43,Hidalgo,Economic,High Risk
6725,Verónica Débora Abreu Aguilar,66,211.78,8,561,0.25,Tlaxcala,Economic,High Risk
6726,Mónica Elvira Rosas Santillán,22,322.27,0,523,0.23,Yucatán,Economic,High Risk
6727,Luis Manuel Lorenzo Olivo Becerra,24,352.14,0,552,0.27,Coahuila de Zaragoza,Economic,High Risk
6728,Ing. Itzel Calvillo,22,344.81,0,511,0.44,Colima,Economic,High Risk
6729,Flavio José Emilio Chavarría,45,453.1,16,500,0.54,Sinaloa,Economic,High Risk
6730,Jonás Espartaco Pulido,67,271.88,2,515,0.3,Coahuila de Zaragoza,Economic,High Risk
6731,Adriana Olivas Elizondo,22,183.71,0,504,0.14,Guerrero,Economic,High Risk
6732,Ing. Jaqueline Perales,61,234.06,16,505,0.34,Nayarit,Economic,High Risk
6733,Gabino Villalpando Puente,30,109.21,1,516,0.59,Chihuahua,Economic,High Risk
6734,Sr. José Eduardo del Río,47,246.41,6,571,0.11,Veracruz de Ignacio de la Llave,Economic,High Risk
6735,Gabriel Lucio Amaya,57,469.91,13,676,0.21,Sinaloa,Economic,Medium Risk
6736,Felix Humberto Mares Casas,44,249.77,9,601,0.31,Baja California,Economic,High Risk
6737,Arturo Solorio Grijalva,56,171.04,37,669,0.55,Quintana Roo,Economic,Medium Risk
6738,Josefina Castañeda Martínez,31,180.79,5,674,0.54,Tlaxcala,Economic,Medium Risk
6739,Dr. Luis Villaseñor,26,137.03,4,534,0.12,Tlaxcala,Economic,High Risk
6740,Abel Alberto Ávalos,53,150.07,17,506,0.17,Campeche,Economic,High Risk
6741,Enrique Héctor Valdés Montoya,51,282.18,25,632,0.24,Distrito Federal,Economic,High Risk
6742,Rocío Godínez Rael,68,205.86,14,537,0.17,Colima,Economic,High Risk
6743,Ing. Rolando Aponte,40,136.82,13,537,0.27,Tabasco,Economic,High Risk
6744,María Teresa Yeni Orosco,25,136.8,0,546,0.45,México,Economic,High Risk
6745,Sessa Nieto,65,129.32,19,588,0.29,Baja California,Economic,High Risk
6746,Luis Manuel Eric Urrutia,23,172.15,0,501,0.33,Chiapas,Economic,High Risk
6747,Dr. Gonzalo Mora,55,229.81,26,507,0.45,Nuevo León,Economic,High Risk
6748,Araceli Cavazos Zayas,46,306.04,6,584,0.37,Yucatán,Economic,High Risk
6749,Óscar Casas,53,167.25,0,552,0.28,Zacatecas,Economic,High Risk
6750,Luis Juan Carlos Saldaña Ramos,39,197.9,11,545,0.55,Nuevo León,Economic,High Risk
6751,Débora Méndez,25,203.95,0,540,0.19,Jalisco,Economic,High Risk
6752,Lucas Ruiz,53,156.67,11,503,0.26,Durango,Economic,High Risk
6753,Nicolás Cristobal Villareal Ulloa,44,151.3,12,641,0.13,Tlaxcala,Economic,High Risk
6754,Rosa Barrientos,67,119.27,26,652,0.19,Hidalgo,Economic,Medium Risk
6755,Óscar Ángel Barajas,62,124.9,3,548,0.48,Quintana Roo,Economic,High Risk
6756,Cristina Villalobos Posada,51,58.26,9,539,0.34,Querétaro,Economic,High Risk
6757,Dra. Emilia Padrón,39,188.83,18,577,0.39,Michoacán de Ocampo,Economic,High Risk
6758,Ing. Benjamín de la O,63,135.6,17,591,0.45,Yucatán,Economic,High Risk
6759,Daniel Negrón Quiroz,41,271.82,3,662,0.22,Querétaro,Economic,Medium Risk
6760,Nelly Mariana Burgos,59,289.87,14,658,0.45,Guanajuato,Economic,Medium Risk
6761,Armando Magaña Sosa,22,200.72,0,524,0.29,Tabasco,Economic,High Risk
6762,Esther Noemí Urbina Jasso,58,,28,596,0.14,Morelos,Economic,High Risk
6763,Miguel Ángel Rufino Serna Razo,58,178.07,24,575,0.36,Tabasco,Economic,High Risk
6764,Amanda Nelly Barela Alfaro,30,231.56,0,566,0.56,Tamaulipas,Economic,High Risk
6765,Dalia Caraballo,33,153.68,3,553,0.41,Sinaloa,Economic,High Risk
6766,Abril Abril Bueno Pantoja,51,295.08,5,656,0.37,Baja California Sur,Economic,Medium Risk
6767,Germán José Luis Moya Espinoza,59,133.74,19,625,0.21,Nuevo León,Economic,High Risk
6768,Óliver Manuel Raya Reyna,40,870.27,5,529,0.55,Nuevo León,Economic,High Risk
6769,Jerónimo Santiago Guzmán,27,154.26,7,648,0.46,Colima,Economic,High Risk
6770,Ing. Natividad Ferrer,42,394.44,7,542,0.37,Jalisco,Economic,High Risk
6771,Abelardo Montoya Guzmán,21,119.27,0,599,0.29,Durango,Economic,High Risk
6772,Sr. José Carlos Aponte,28,290.25,1,551,0.4,Colima,Economic,High Risk
6773,Aida Díaz,49,349.54,10,631,0.51,Oaxaca,Economic,High Risk
6774,Humberto Porfirio Cervantes Valdez,55,184.84,12,528,0.52,Quintana Roo,Economic,High Risk
6775,Modesto Urrutia,56,250.64,6,553,0.58,Campeche,Economic,High Risk
6776,Elvia Mercedes Paz,24,227.18,5,609,0.26,San Luis Potosí,Economic,High Risk
6777,Miriam Berta Santiago,40,254.93,8,645,0.33,Zacatecas,Economic,High Risk
6778,Lic. Zoé Porras,31,159.02,2,568,0.5,Michoacán de Ocampo,Economic,High Risk
6779,Camila Beatriz Preciado,26,308.48,6,515,0.35,Chihuahua,Economic,High Risk
6780,Silvano Rangel Perea,21,170.14,0,657,0.34,Querétaro,Economic,Medium Risk
6781,Rodolfo Tomás Alarcón,61,279.88,25,600,0.26,Zacatecas,Economic,High Risk
6782,Roberto José Manuél Polanco González,42,255.41,22,565,0.21,Chihuahua,Economic,High Risk
6783,Vicente Barraza,45,303.15,20,532,0.12,Veracruz de Ignacio de la Llave,Economic,High Risk
6784,Dra. Cristal Navarro,33,275.25,5,632,0.16,Distrito Federal,Economic,High Risk
6785,José Manuél Renato Sandoval Montoya,24,210.62,1,638,0.25,Baja California,Economic,High Risk
6786,Yuridia Tania Nava Serrato,69,166.61,28,546,0.4,Querétaro,Economic,High Risk
6787,Concepción Luz Marín,38,366.48,14,522,0.14,Guanajuato,Economic,High Risk
6788,Micaela Teresa Estévez,66,297.2,12,591,0.58,Tabasco,Economic,High Risk
6789,Ing. Sonia Vallejo,39,176.81,0,589,0.24,Quintana Roo,Economic,High Risk
6790,Rodrigo José Eduardo Armas,59,140.31,13,589,0.47,San Luis Potosí,Economic,High Risk
6791,Aldo Moreno,60,236.59,4,522,0.44,Morelos,Economic,High Risk
6792,Anabel Toledo,63,194.81,36,614,0.46,Campeche,Economic,High Risk
6793,Antonia Barreto Parra,66,148.01,41,664,0.35,Querétaro,Economic,Medium Risk
6794,Benito Bruno Montez Rincón,32,103.94,8,644,0.16,Aguascalientes,Economic,High Risk
6795,Débora Indira Rentería,35,157.4,3,680,0.11,Aguascalientes,Economic,Medium Risk
6796,Luis Manuel Rascón Almanza,25,192.87,0,537,0.46,Chihuahua,Economic,High Risk
6797,Carmen Berríos Urbina,21,256.61,0,583,0.35,Baja California Sur,Economic,High Risk
6798,Florencia Sara Lerma Montemayor,37,228.51,3,525,0.11,Quintana Roo,Economic,High Risk
6799,Modesto José María Luevano Caraballo,49,382.71,4,599,0.34,Campeche,Economic,High Risk
6800,Ofelia Alta  Gracia Cornejo,40,208.48,18,626,0.34,Querétaro,Economic,High Risk
6801,Srita. Aldonza Mares,34,584.65,2,587,0.43,Aguascalientes,Economic,High Risk
6802,Omar Salas Díaz,51,363.01,6,543,0.26,Durango,Economic,High Risk
6803,Ana María Concepción Heredia,28,299.51,2,515,0.5,Morelos,Economic,High Risk
6804,Felipe Sepúlveda,64,228.22,27,569,0.21,Querétaro,Economic,High Risk
6805,Cristian Lozada,68,162.29,32,655,0.49,Oaxaca,Economic,Medium Risk
6806,María del Carmen Julia Pichardo Campos,39,433.39,9,508,0.25,Nayarit,Economic,High Risk
6807,Dr. Antonio Alfaro,66,125.46,9,675,0.52,Oaxaca,Economic,Medium Risk
6808,María Luisa Hernádez Bañuelos,22,205.96,0,670,0.12,Tamaulipas,Economic,Medium Risk
6809,Srita. Trinidad Miramontes,69,477.71,28,561,0.19,Oaxaca,Economic,High Risk
6810,Liliana Hidalgo Cazares,27,215.7,4,521,0.42,Nayarit,Economic,High Risk
6811,Olivia Adela Bahena Barela,53,136.96,11,567,0.35,Yucatán,Economic,High Risk
6812,Sr. Isaac Sandoval,38,241.55,3,529,0.19,Hidalgo,Economic,High Risk
6813,Luis Teodoro Bustos Cedillo,60,278.33,32,528,0.41,Baja California Sur,Economic,High Risk
6814,Ing. Eduardo Rael,21,215.67,0,668,0.14,Guanajuato,Economic,Medium Risk
6815,Mariano Avilés,63,275.65,4,500,0.2,Coahuila de Zaragoza,Economic,High Risk
6816,Amalia Leyva,25,,0,530,0.25,Zacatecas,Economic,High Risk
6817,Dulce María Yeni Castañeda,48,203.66,4,594,0.5,Sonora,Economic,High Risk
6818,Ing. Gustavo Aragón,26,388.1,3,507,0.36,Yucatán,Economic,High Risk
6819,René José María Zavala Salcido,52,166.81,23,670,0.54,Tlaxcala,Economic,Medium Risk
6820,Rocío Prieto Hidalgo,45,271.59,9,586,0.39,Distrito Federal,Economic,High Risk
6821,Alejandra Pilar Griego Corona,45,115.44,20,546,0.14,Querétaro,Economic,High Risk
6822,Ramón Guerrero,26,332.7,1,605,0.17,Jalisco,Economic,High Risk
6823,Ing. Esparta Saldaña,65,430.28,14,561,0.52,Campeche,Economic,High Risk
6824,Mónica Ramón,57,444.14,7,558,0.51,Tabasco,Economic,High Risk
6825,Blanca Juana Castañeda Perea,49,221.98,9,643,0.36,Baja California,Economic,High Risk
6826,Alonso Jorge Luis Mejía,26,250.37,1,612,0.33,Nayarit,Economic,High Risk
6827,Catalina Judith Noriega,49,143.74,14,588,0.15,Tlaxcala,Economic,High Risk
6828,Natividad Zepeda,42,148.03,14,649,0.37,Hidalgo,Economic,High Risk
6829,Teresa Miriam Velásquez,69,198.94,38,581,0.24,Colima,Economic,High Risk
6830,Aurelio Marcos Estévez,70,150.99,12,658,0.23,Guerrero,Economic,Medium Risk
6831,Mauro Serafín Alvarado,39,254.52,16,643,0.17,Baja California Sur,Economic,High Risk
6832,Bianca Margarita Ruelas,70,149.48,42,516,0.14,Querétaro,Economic,High Risk
6833,Dr. Antonio Zamudio,27,298.45,3,517,0.43,Baja California,Economic,High Risk
6834,Estefanía Ontiveros,32,69.4,5,665,0.23,México,Economic,Medium Risk
6835,Gilberto Loya Escalante,36,193.74,10,643,0.32,Baja California,Economic,High Risk
6836,Srita. Aurora Castañeda,29,235.8,5,564,0.24,Jalisco,Economic,High Risk
6837,Sessa Soto Rojo,62,240.78,15,515,0.39,Guerrero,Economic,High Risk
6838,Dr. Amador Castañeda,66,217.21,25,642,0.46,Tamaulipas,Economic,High Risk
6839,Guillermina Madera Dávila,22,187.09,2,509,0.55,Jalisco,Economic,High Risk
6840,Ing. Verónica Martínez,31,318.53,8,538,0.44,Chihuahua,Economic,High Risk
6841,Rufino René Espino Gallardo,56,181.3,28,537,0.25,Baja California Sur,Economic,High Risk
6842,Mario Jerónimo Peres Ornelas,34,161.7,3,592,0.45,Nayarit,Economic,High Risk
6843,Karina Noemí Lemus Madrigal,55,67.44,12,568,0.42,Colima,Economic,High Risk
6844,Minerva Graciela Palomino,62,209.6,39,676,0.14,Nuevo León,Economic,Medium Risk
6845,Renato Horacio Pedraza,53,309.7,30,630,0.38,Guanajuato,Economic,High Risk
6846,Carla Blanca Menchaca Olivares,35,430.85,0,638,0.53,Sonora,Economic,High Risk
6847,Zoé Carrasco Barela,66,246.35,8,679,0.11,Baja California Sur,Economic,Medium Risk
6848,José Eduardo Angulo,30,192.54,2,504,0.41,Michoacán de Ocampo,Economic,High Risk
6849,Abraham Loera Alcaraz,42,179.53,17,554,0.53,Veracruz de Ignacio de la Llave,Economic,High Risk
6850,Asunción Carmen Patiño Collado,41,283.93,16,605,0.53,Durango,Economic,High Risk
6851,Berta Teresa Ponce,30,246.87,6,601,0.14,Michoacán de Ocampo,Economic,High Risk
6852,Oswaldo Isaac Zamudio Parra,35,281.44,7,567,0.34,Chihuahua,Economic,High Risk
6853,Rocío María Elena Magaña Griego,48,183.44,13,670,0.25,Hidalgo,Economic,Medium Risk
6854,Julia Hurtado Tamayo,41,243.65,4,635,0.22,México,Economic,High Risk
6855,Nadia Terrazas,53,149.54,6,671,0.46,Sinaloa,Economic,Medium Risk
6856,Sr. Jesús Cortez,60,347.65,38,615,0.27,Sonora,Economic,High Risk
6857,Gonzalo Humberto Tapia,65,182.45,30,518,0.16,Tlaxcala,Economic,High Risk
6858,Alma Ortiz Velázquez,21,347.55,2,661,0.48,Jalisco,Economic,Medium Risk
6859,Dra. Guadalupe Noriega,46,110.61,21,609,0.42,Baja California Sur,Economic,High Risk
6860,Lic. Gabino Valdez,42,249.84,9,670,0.54,Sonora,Economic,Medium Risk
6861,Teodoro Francisco Javier Reyes Trujillo,33,171.42,6,650,0.22,San Luis Potosí,Economic,Medium Risk
6862,Eugenia Elsa Mata Villalpando,59,81.29,16,604,0.21,Michoacán de Ocampo,Economic,High Risk
6863,Karina Ilse Arreola Montaño,63,150.89,43,556,0.19,Guerrero,Economic,High Risk
6864,Graciela Cervantes,34,194.31,5,563,0.58,México,Economic,High Risk
6865,Oswaldo Arenas Carreón,22,200.09,0,595,0.41,Veracruz de Ignacio de la Llave,Economic,High Risk
6866,Santiago Fernández,25,231.78,3,506,0.42,Michoacán de Ocampo,Economic,High Risk
6867,Oswaldo Martín Calderón Galván,51,211.65,29,626,0.3,Sinaloa,Economic,High Risk
6868,Alta  Gracia Aurora Santiago,23,169.5,2,509,0.24,Oaxaca,Economic,High Risk
6869,Soledad Salcedo,53,610.58,7,536,0.44,Jalisco,Economic,High Risk
6870,Antonio Reynaldo Segura Lugo,43,232.85,8,600,0.48,Hidalgo,Economic,High Risk
6871,Jaqueline Lucía Tello,40,520.43,16,624,0.27,Morelos,Economic,High Risk
6872,Armando Mariano Montoya Hurtado,39,158.94,13,649,0.53,Guerrero,Economic,High Risk
6873,Jaime Jaime Rivero Soria,44,144.04,12,539,0.53,Puebla,Economic,High Risk
6874,José Rael,35,349.75,4,562,0.31,Chihuahua,Economic,High Risk
6875,Dr. Jos Dávila,50,208.2,3,672,0.11,Chiapas,Economic,Medium Risk
6876,Salma Méndez,63,149.89,42,664,0.51,Colima,Economic,Medium Risk
6877,Dra. Amalia Jaramillo,44,240.99,20,656,0.16,Distrito Federal,Economic,Medium Risk
6878,Beatriz Natalia Barrera,70,209.73,44,502,0.52,San Luis Potosí,Economic,High Risk
6879,Sra. Fabiola Sierra,31,122.23,5,534,0.15,Chihuahua,Economic,High Risk
6880,Elisa Perla Toledo Saavedra,46,111.12,5,593,0.18,Chihuahua,Economic,High Risk
6881,Sergio Echeverría,29,295.66,3,524,0.38,Oaxaca,Economic,High Risk
6882,Dr. Patricio Arce,67,192.49,25,566,0.2,Guerrero,Economic,High Risk
6883,Celia Corral Garrido,48,126.88,18,528,0.38,Tabasco,Economic,High Risk
6884,José Manuél Adán Tamayo,54,,32,666,0.47,Chihuahua,Economic,Medium Risk
6885,Dr. Alvaro Quintana,28,237.86,3,571,0.5,Colima,Economic,High Risk
6886,Irma Díaz Aranda,58,197.89,7,549,0.22,Durango,Economic,High Risk
6887,Vanesa Martínez Chávez,58,96.38,33,525,0.14,Tamaulipas,Economic,High Risk
6888,Alvaro Pantoja,32,,13,516,0.13,Zacatecas,Economic,High Risk
6889,Cristobal Valdez Corral,36,284.99,2,563,0.25,Jalisco,Economic,High Risk
6890,Lic. Homero Ceja,36,199.48,13,629,0.22,México,Economic,High Risk
6891,Silvano Renato Arevalo,40,124.0,11,636,0.5,Veracruz de Ignacio de la Llave,Economic,High Risk
6892,Isabel Isabela Urbina Tamez,54,332.67,10,597,0.55,Coahuila de Zaragoza,Economic,High Risk
6893,Tomás Cristobal Verduzco,59,379.16,33,642,0.32,Colima,Economic,High Risk
6894,Isabela Sofía Santacruz Pedraza,45,328.22,16,616,0.59,Chiapas,Economic,High Risk
6895,Soledad Correa,37,,12,594,0.18,Tabasco,Economic,High Risk
6896,Arturo Miguel Ángel Lara Villareal,23,260.97,2,511,0.28,Puebla,Economic,High Risk
6897,Eric Zayas,63,228.31,23,517,0.49,México,Economic,High Risk
6898,Sara Itzel Lerma Salinas,30,238.17,2,633,0.23,Guerrero,Economic,High Risk
6899,Nelly Ruelas,22,296.79,2,592,0.22,Querétaro,Economic,High Risk
6900,Adriana Naranjo,31,235.5,5,660,0.25,Tlaxcala,Economic,Medium Risk
6901,Jerónimo Arevalo Lira,29,246.83,8,566,0.13,Michoacán de Ocampo,Economic,High Risk
6902,Sr. Zacarías Riojas,45,153.06,5,654,0.25,Sonora,Economic,Medium Risk
6903,Óliver Melgar,40,176.98,20,573,0.34,México,Economic,High Risk
6904,Yuridia Dulce Sanabria Gil,35,216.36,13,680,0.25,Colima,Economic,Medium Risk
6905,Ing. Alvaro Naranjo,29,133.79,2,574,0.13,San Luis Potosí,Economic,High Risk
6906,Beatriz Rodríguez,39,332.33,13,645,0.51,Guerrero,Economic,High Risk
6907,Emiliano Saiz Heredia,66,241.8,31,658,0.44,Zacatecas,Economic,Medium Risk
6908,Octavio Carrera,41,246.7,2,656,0.49,Guerrero,Economic,Medium Risk
6909,Sr. Alonso Badillo,62,344.65,1,533,0.32,Chihuahua,Economic,High Risk
6910,Óscar Gonzalo Sandoval Díaz,33,222.33,2,668,0.34,México,Economic,Medium Risk
6911,Itzel Ramos Fierro,54,147.56,18,566,0.37,Quintana Roo,Economic,High Risk
6912,Abraham Lugo Malave,65,98.65,7,673,0.26,Aguascalientes,Economic,Medium Risk
6913,Lic. Aurelio Robledo,70,467.81,40,628,0.42,Tabasco,Economic,High Risk
6914,Sr. Mario Palacios,35,294.38,0,648,0.22,Sinaloa,Economic,High Risk
6915,Eugenio Mateo Olivárez Griego,58,436.07,12,530,0.46,Zacatecas,Economic,High Risk
6916,Julia Arce Tello,69,103.7,7,643,0.44,Chiapas,Economic,High Risk
6917,Florencia Guadalupe Huerta Peralta,36,141.69,11,547,0.45,Tabasco,Economic,High Risk
6918,Ing. Armando Urrutia,45,149.25,12,532,0.37,Baja California Sur,Economic,High Risk
6919,Mayte Georgina Tórrez Abreu,34,719.8,11,504,0.44,Tamaulipas,Economic,High Risk
6920,Natalia Eugenia Heredia de León,54,154.23,0,658,0.15,Nuevo León,Economic,Medium Risk
6921,Oswaldo Timoteo Razo,42,203.04,1,645,0.29,Yucatán,Economic,High Risk
6922,Eugenia Almonte,30,130.09,9,614,0.4,Quintana Roo,Economic,High Risk
6923,Lic. Leonor Garza,57,136.05,28,670,0.16,Coahuila de Zaragoza,Economic,Medium Risk
6924,Conchita Romero Ocampo,50,222.74,15,578,0.53,Sinaloa,Economic,High Risk
6925,Isabel Díaz,62,290.36,17,544,0.31,Aguascalientes,Economic,High Risk
6926,Gabriel Lucas Arteaga Casillas,54,207.45,36,550,0.58,Chiapas,Economic,High Risk
6927,Gregorio Rocha Gallardo,31,171.03,10,547,0.14,Querétaro,Economic,High Risk
6928,Elvira Noelia Salazar Gamez,43,213.46,15,505,0.54,Morelos,Economic,High Risk
6929,Violeta Cabán Almonte,68,228.1,29,644,0.58,Veracruz de Ignacio de la Llave,Economic,High Risk
6930,Hugo Julio de Jesús,68,197.06,23,500,0.38,Sonora,Economic,High Risk
6931,Virginia Molina,27,192.9,0,596,0.15,Nayarit,Economic,High Risk
6932,Ing. Renato Espinal,64,155.87,20,610,0.28,Nuevo León,Economic,High Risk
6933,Linda Helena Alvarado,59,,23,506,0.17,Baja California Sur,Economic,High Risk
6934,Carolina Mitzy Escamilla,33,194.07,1,640,0.35,México,Economic,High Risk
6935,Mariana Sofía Merino,29,437.74,0,633,0.54,Sonora,Economic,High Risk
6936,María Eugenia Olivia Lomeli,62,282.09,34,519,0.4,Michoacán de Ocampo,Economic,High Risk
6937,Lic. Leonel Robles,34,74.98,5,608,0.55,Chiapas,Economic,High Risk
6938,Débora Velásquez,37,120.98,7,656,0.2,Chiapas,Economic,Medium Risk
6939,Felix Jacobo Maya Laboy,59,248.15,28,504,0.36,Colima,Economic,High Risk
6940,Cornelio Nicolás Jurado,36,233.19,15,503,0.34,Durango,Economic,High Risk
6941,Aldonza Inés Quiñones,22,424.71,1,519,0.17,Tabasco,Economic,High Risk
6942,Javier Manuel Cardenas Sauceda,23,214.84,4,528,0.13,Nayarit,Economic,High Risk
6943,Cristal Rosa Jimínez,45,102.44,5,614,0.14,Aguascalientes,Economic,High Risk
6944,Graciela Ángela Ordóñez,63,404.24,5,556,0.23,Distrito Federal,Economic,High Risk
6945,Cornelio Luis Miguel Gonzales Mares,48,405.32,15,605,0.2,Baja California Sur,Economic,High Risk
6946,Sra. Adela Cedillo,38,342.1,8,622,0.21,Morelos,Economic,High Risk
6947,Sr. Fidel Gamez,22,134.48,0,564,0.48,Baja California,Economic,High Risk
6948,Ing. Antonio Mireles,46,230.7,0,679,0.21,Baja California Sur,Economic,Medium Risk
6949,Cristobal Luis Miguel Granados,51,168.36,31,549,0.26,Tabasco,Economic,High Risk
6950,Silvano Salinas Galindo,52,312.14,13,584,0.54,Aguascalientes,Economic,High Risk
6951,Ruby Prado,49,133.52,24,539,0.59,Hidalgo,Economic,High Risk
6952,Agustín Herrera,34,77.17,9,664,0.3,Baja California,Economic,Medium Risk
6953,Ana Luisa Mercedes Marrero Alonzo,44,194.66,7,630,0.39,Oaxaca,Economic,High Risk
6954,Hernán Óliver Magaña,24,1021.77,1,573,0.16,Baja California,Economic,High Risk
6955,Fabiola Heredia Saucedo,70,260.1,36,584,0.34,Tamaulipas,Economic,High Risk
6956,Ing. Clemente Velázquez,66,194.28,35,537,0.49,Tlaxcala,Economic,High Risk
6957,Elisa Socorro Tello,31,212.49,9,596,0.29,Campeche,Economic,High Risk
6958,Débora Garrido Marrero,23,56.28,0,655,0.57,Aguascalientes,Economic,Medium Risk
6959,Ruby Concepción Montaño Alarcón,27,119.69,6,546,0.3,Colima,Economic,High Risk
6960,Abril Pilar Mata,66,256.05,46,538,0.32,Hidalgo,Economic,High Risk
6961,Helena Ruiz Archuleta,69,158.87,42,541,0.36,Guanajuato,Economic,High Risk
6962,Georgina Cedillo,38,185.75,12,575,0.14,Morelos,Economic,High Risk
6963,José Luis Matías Quiñones,38,424.04,15,506,0.42,Jalisco,Economic,High Risk
6964,Miguel Ángel Elias Tijerina,60,638.45,4,539,0.13,Guanajuato,Economic,High Risk
6965,Martha Berta León,66,154.62,21,599,0.1,Campeche,Economic,High Risk
6966,Adriana Georgina Pedraza,35,216.69,5,653,0.34,Oaxaca,Economic,Medium Risk
6967,Lic. Humberto Prieto,24,319.1,0,510,0.11,Jalisco,Economic,High Risk
6968,Mariano Abel Quiñónez Ferrer,31,370.64,0,641,0.35,Tamaulipas,Economic,High Risk
6969,Lic. Yolanda Jaimes,52,121.7,31,609,0.25,Distrito Federal,Economic,High Risk
6970,José Emilio Jacinto Gómez,37,260.59,11,520,0.39,Campeche,Economic,High Risk
6971,Juan Alemán Barraza,65,130.29,1,545,0.48,Oaxaca,Economic,High Risk
6972,Gregorio Rodarte,27,70.94,7,601,0.46,Chiapas,Economic,High Risk
6973,Diego Venegas,22,,1,634,0.53,Quintana Roo,Economic,High Risk
6974,Dr. Amador Baca,55,,31,608,0.53,Baja California Sur,Economic,High Risk
6975,Lucas Lemus,49,256.4,5,646,0.58,Chiapas,Economic,High Risk
6976,Cynthia Olmos,28,90.3,5,501,0.26,Aguascalientes,Economic,High Risk
6977,Débora Bañuelos,42,219.89,0,651,0.21,México,Economic,Medium Risk
6978,Esteban Madrid Lebrón,65,162.37,18,652,0.5,Colima,Economic,Medium Risk
6979,Lilia Irene Armenta,27,142.48,1,652,0.32,Guanajuato,Economic,Medium Risk
6980,Sr. Gabino Alejandro,44,261.35,15,517,0.14,Guanajuato,Economic,High Risk
6981,Sra. Isabel Gaitán,42,193.65,19,570,0.44,Baja California Sur,Economic,High Risk
6982,Germán Tafoya Torres,31,144.11,2,524,0.46,Guerrero,Economic,High Risk
6983,María del Carmen Esperanza Naranjo,27,201.58,3,558,0.28,Baja California,Economic,High Risk
6984,Jesús Gustavo Mojica Luevano,48,147.22,8,501,0.11,Tamaulipas,Economic,High Risk
6985,Francisco Javier Contreras Huerta,53,169.17,0,650,0.45,Veracruz de Ignacio de la Llave,Economic,Medium Risk
6986,Alvaro Valencia Malave,22,447.91,2,517,0.57,Sinaloa,Economic,High Risk
6987,Amalia Carranza Aragón,69,287.59,19,517,0.48,Michoacán de Ocampo,Economic,High Risk
6988,Ing. Patricio Osorio,31,109.22,3,657,0.36,México,Economic,Medium Risk
6989,Jaqueline Lorena Fernández Torres,37,169.85,5,569,0.28,Jalisco,Economic,High Risk
6990,Srita. Ilse Aguirre,28,185.72,3,558,0.22,Tabasco,Economic,High Risk
6991,Alejandra Anel Matos,62,215.8,38,550,0.53,Colima,Economic,High Risk
6992,Gerardo José María Arguello Alcántar,56,472.1,17,635,0.13,Baja California,Economic,High Risk
6993,Jos Flavio Prieto,34,75.47,6,649,0.14,Guanajuato,Economic,High Risk
6994,Elisa de la Fuente,34,211.02,4,656,0.18,Michoacán de Ocampo,Economic,Medium Risk
6995,Silvia Esquivel Muro,40,321.65,14,581,0.4,Zacatecas,Economic,High Risk
6996,Alta  Gracia Teresa Enríquez,29,435.12,4,615,0.12,Michoacán de Ocampo,Economic,High Risk
6997,Marisela Vera Bueno,51,133.63,6,538,0.56,Quintana Roo,Economic,High Risk
6998,Mateo Heredia Guerrero,34,200.27,7,623,0.48,Distrito Federal,Economic,High Risk
6999,Georgina Leticia Irizarry,22,166.78,1,533,0.48,Chiapas,Economic,High Risk
7000,Octavio Eduardo Almaraz Quintanilla,56,168.81,27,542,0.43,Coahuila de Zaragoza,Economic,High Risk
7001,María Elena Montalvo Carmona,36,199.86,2,603,0.17,Querétaro,Economic,High Risk
7002,Sra. Esmeralda Valdez,48,218.88,16,663,0.57,Tamaulipas,Economic,Medium Risk
7003,Srita. Carmen Elizondo,70,175.48,32,582,0.58,México,Economic,High Risk
7004,María Teresa Lourdes Miranda Cazares,49,138.51,15,648,0.12,México,Economic,High Risk
7005,Olivia Salma Santiago Moya,25,286.62,2,674,0.32,Aguascalientes,Economic,Medium Risk
7006,Elias Eugenio de la Crúz,55,336.94,24,635,0.53,Colima,Economic,High Risk
7007,Octavio Peres,49,100.03,5,586,0.52,Quintana Roo,Economic,High Risk
7008,Sra. Violeta Torres,26,111.33,0,533,0.2,Campeche,Economic,High Risk
7009,Tania Rael,44,156.21,1,533,0.4,Guanajuato,Economic,High Risk
7010,Evelio Germán Rincón,29,182.07,4,622,0.37,Chiapas,Economic,High Risk
7011,Sara Itzel Apodaca,28,129.9,3,638,0.41,San Luis Potosí,Economic,High Risk
7012,Ramón Rafaél Gaitán Arriaga,51,206.75,28,507,0.57,Michoacán de Ocampo,Economic,High Risk
7013,Vicente Aurelio Rangel Zúñiga,41,186.11,0,632,0.53,Puebla,Economic,High Risk
7014,Modesto Rolando Iglesias,34,270.31,10,537,0.36,Durango,Economic,High Risk
7015,Eduardo Martínez,50,207.11,7,526,0.53,Zacatecas,Economic,High Risk
7016,Lic. David Ceballos,34,171.41,0,583,0.32,Aguascalientes,Economic,High Risk
7017,Olga Armendáriz Apodaca,35,134.62,0,548,0.53,Guerrero,Economic,High Risk
7018,Hilda Inés Villarreal Barraza,46,285.8,20,568,0.45,Quintana Roo,Economic,High Risk
7019,Cornelio Wilfrido Tejada Téllez,36,181.21,9,568,0.32,Distrito Federal,Economic,High Risk
7020,Agustín Palomo,69,156.25,6,526,0.13,San Luis Potosí,Economic,High Risk
7021,René Melgar,30,121.84,2,616,0.18,Aguascalientes,Economic,High Risk
7022,Lic. Alonso Mata,65,347.97,3,653,0.29,Sonora,Economic,Medium Risk
7023,Alejandro Santiago Uribe,69,148.16,5,655,0.26,Quintana Roo,Economic,Medium Risk
7024,Marcos Santiago Valdés Viera,38,476.93,13,580,0.4,Veracruz de Ignacio de la Llave,Economic,High Risk
7025,Caridad Yeni Corrales Laboy,62,355.32,10,614,0.44,Aguascalientes,Economic,High Risk
7026,Samuel Francisco Arias Carrero,29,152.94,10,627,0.12,Tabasco,Economic,High Risk
7027,Patricia Paola Collado Peres,48,284.24,12,572,0.17,México,Economic,High Risk
7028,Dalia Bermúdez,60,205.38,39,601,0.35,Chihuahua,Economic,High Risk
7029,Eugenio Flavio Aragón Aponte,70,,21,572,0.4,Baja California,Economic,High Risk
7030,Manuel Homero Rodríguez,65,387.88,15,561,0.51,Tlaxcala,Economic,High Risk
7031,Alma Dulce Robles,53,105.59,14,637,0.2,Hidalgo,Economic,High Risk
7032,Silvano Ortiz,61,694.46,17,546,0.13,Hidalgo,Economic,High Risk
7033,Cornelio Sotelo,31,321.64,4,550,0.14,Querétaro,Economic,High Risk
7034,Eric Niño Ontiveros,31,151.58,1,549,0.42,Tabasco,Economic,High Risk
7035,Marisol Florencia Bonilla,37,316.73,16,577,0.38,Zacatecas,Economic,High Risk
7036,Paola Sessa Ordóñez,24,78.06,0,532,0.36,Zacatecas,Economic,High Risk
7037,Juana Lucio Mena,37,150.35,13,652,0.16,Hidalgo,Economic,Medium Risk
7038,Eloy Guillermo Beltrán Benavídez,70,378.35,3,647,0.43,Quintana Roo,Economic,High Risk
7039,Berta Olivares,53,205.21,4,522,0.49,Michoacán de Ocampo,Economic,High Risk
7040,Gabriela Rosario Villalpando Ayala,35,161.66,5,554,0.47,Querétaro,Economic,High Risk
7041,Francisco Mariano Valdivia,52,153.51,2,581,0.38,Morelos,Economic,High Risk
7042,Clara Torres Gollum,55,304.21,24,647,0.58,Hidalgo,Economic,High Risk
7043,Luis Manuel Humberto Barrera,24,169.33,1,579,0.53,Tamaulipas,Economic,High Risk
7044,Frida Armas,59,108.36,12,632,0.37,Tamaulipas,Economic,High Risk
7045,Alta  Gracia Mónica Loya Pedroza,55,220.67,16,540,0.6,Nuevo León,Economic,High Risk
7046,Dulce Gallardo Muro,56,177.92,18,607,0.43,Tamaulipas,Economic,High Risk
7047,Dra. Eva Zambrano,35,260.41,7,632,0.39,Tlaxcala,Economic,High Risk
7048,Concepción Grijalva Chávez,28,179.58,3,599,0.3,Durango,Economic,High Risk
7049,Eloisa Débora Gálvez,57,300.01,8,566,0.54,Chiapas,Economic,High Risk
7050,José Luis Francisco Paz,31,298.24,5,598,0.34,Tabasco,Economic,High Risk
7051,Teodoro Bruno Guajardo Hernández,35,549.89,1,617,0.6,Nayarit,Economic,High Risk
7052,Armando Leonardo Verdugo,38,168.55,4,549,0.47,Chiapas,Economic,High Risk
7053,Rufino Blanco Ortega,37,242.76,7,609,0.49,Distrito Federal,Economic,High Risk
7054,Sr. Serafín Urrutia,56,276.89,21,517,0.54,Veracruz de Ignacio de la Llave,Economic,High Risk
7055,Lic. Armando Cortez,55,143.85,3,554,0.45,Coahuila de Zaragoza,Economic,High Risk
7056,Reynaldo Esteban Chacón Cruz,25,149.59,7,649,0.49,Veracruz de Ignacio de la Llave,Economic,High Risk
7057,Esperanza Preciado,35,219.31,2,573,0.54,Baja California,Economic,High Risk
7058,Mauricio Serna Gonzales,62,119.15,22,570,0.41,Tlaxcala,Economic,High Risk
7059,Luis Miguel Olivas Gallardo,61,175.05,29,555,0.29,Morelos,Economic,High Risk
7060,Gustavo Martín Maldonado,26,,5,554,0.24,Sinaloa,Economic,High Risk
7061,Dalia Esmeralda Patiño,64,212.94,29,571,0.21,Distrito Federal,Economic,High Risk
7062,Silvia Dueñas Durán,43,163.06,0,565,0.17,Nuevo León,Economic,High Risk
7063,Dra. Anel Gaona,26,274.31,4,593,0.51,México,Economic,High Risk
7064,Srita. Guadalupe Grijalva,50,178.53,20,576,0.57,Puebla,Economic,High Risk
7065,Humberto Hernán Garica,42,431.75,12,631,0.42,Nayarit,Economic,High Risk
7066,Luis Miguel Salgado Castañeda,29,345.15,3,660,0.24,Morelos,Economic,Medium Risk
7067,Berta Arcelia Olivera Sánchez,42,181.73,20,626,0.49,Chiapas,Economic,High Risk
7068,Ing. Angélica Velasco,53,179.93,18,608,0.46,Chiapas,Economic,High Risk
7069,Genaro Federico Sauceda Grijalva,58,306.95,33,580,0.38,Jalisco,Economic,High Risk
7070,Ricardo Sergio Roque Ocampo,50,419.15,10,503,0.42,Yucatán,Economic,High Risk
7071,Lic. Felix Olivera,26,91.22,2,540,0.29,Guanajuato,Economic,High Risk
7072,Camila Miranda,58,546.75,7,590,0.26,Baja California,Economic,High Risk
7073,Rubén Cristian Briones Aparicio,67,180.25,6,613,0.45,Morelos,Economic,High Risk
7074,Angélica Saavedra,57,364.07,32,521,0.45,Morelos,Economic,High Risk
7075,Gonzalo Guzmán,48,137.75,29,504,0.45,Tlaxcala,Economic,High Risk
7076,Sr. Gonzalo Quiroz,41,395.27,3,624,0.17,Querétaro,Economic,High Risk
7077,Alvaro Manuel Escamilla Corral,62,153.67,22,532,0.16,San Luis Potosí,Economic,High Risk
7078,Leticia Mercado Henríquez,49,344.2,4,615,0.12,Tabasco,Economic,High Risk
7079,Socorro Perea Perea,29,306.06,4,630,0.57,Michoacán de Ocampo,Economic,High Risk
7080,Anabel Vera Cotto,45,348.57,9,507,0.4,México,Economic,High Risk
7081,Susana Solorzano Bustos,65,141.38,21,605,0.37,Colima,Economic,High Risk
7082,Dr. Gabriel Rodríguez,24,227.28,0,572,0.19,Campeche,Economic,High Risk
7083,Uriel Julio César Robles,30,532.19,4,543,0.55,Zacatecas,Economic,High Risk
7084,Vicente Evelio Perales,40,113.94,12,584,0.28,Durango,Economic,High Risk
7085,Jesús Carlos Villalobos Barrios,67,89.68,4,602,0.27,México,Economic,High Risk
7086,Dr. Ricardo Matos,34,527.87,10,648,0.41,Sinaloa,Economic,High Risk
7087,Antonia Estela Arevalo,54,244.86,19,554,0.58,Tlaxcala,Economic,High Risk
7088,Ing. Ruby Alva,28,224.75,3,635,0.55,Chihuahua,Economic,High Risk
7089,Sra. Guadalupe Holguín,45,424.35,10,642,0.6,Nayarit,Economic,High Risk
7090,Benito Carrera Barrientos,22,191.94,0,661,0.23,Chihuahua,Economic,Medium Risk
7091,Ernesto Carmona Rendón,52,210.07,3,575,0.18,Sinaloa,Economic,High Risk
7092,Ing. Ricardo Amaya,44,300.39,11,507,0.18,Guerrero,Economic,High Risk
7093,Alberto Jerónimo Gaytán,41,405.92,15,520,0.16,Querétaro,Economic,High Risk
7094,Dulce María Asunción de Anda Vergara,32,135.07,3,583,0.6,Baja California Sur,Economic,High Risk
7095,Timoteo Homero Berríos Sierra,51,225.11,25,651,0.38,Querétaro,Economic,Medium Risk
7096,Luis Gabriel Fierro Jasso,62,182.72,19,605,0.26,Tamaulipas,Economic,High Risk
7097,Guillermina Celia Valdivia Reynoso,32,130.73,2,624,0.27,Campeche,Economic,High Risk
7098,Araceli Madrigal Casanova,24,742.51,1,584,0.54,Guanajuato,Economic,High Risk
7099,Margarita Cordero,52,344.48,23,553,0.58,Tlaxcala,Economic,High Risk
7100,Sr. Daniel Roybal,70,209.12,43,628,0.23,Jalisco,Economic,High Risk
7101,Jesús Aponte Reséndez,40,196.81,6,569,0.43,Sonora,Economic,High Risk
7102,Emiliano del Río Salgado,53,338.1,26,504,0.36,Tlaxcala,Economic,High Risk
7103,Gustavo Leal Zúñiga,50,375.72,26,592,0.45,Sinaloa,Economic,High Risk
7104,Pablo Yáñez Pedraza,29,197.0,3,535,0.4,Chiapas,Economic,High Risk
7105,Adriana Batista Girón,65,223.54,20,595,0.47,Distrito Federal,Economic,High Risk
7106,Estela Corona Medrano,43,181.37,18,633,0.13,Baja California Sur,Economic,High Risk
7107,Cornelio Alonso Roybal Laboy,33,125.62,4,624,0.43,Tamaulipas,Economic,High Risk
7108,Dulce Nadia Limón,46,264.63,12,594,0.51,Morelos,Economic,High Risk
7109,Lorenzo Villagómez,27,159.31,8,555,0.23,Veracruz de Ignacio de la Llave,Economic,High Risk
7110,Genaro Madera,31,235.07,3,594,0.46,Oaxaca,Economic,High Risk
7111,César Huerta,69,289.7,2,639,0.16,San Luis Potosí,Economic,High Risk
7112,Anel Meraz,29,115.31,4,622,0.32,Distrito Federal,Economic,High Risk
7113,Mayte Ivonne Collado Mesa,34,300.96,4,590,0.21,Guanajuato,Economic,High Risk
7114,Sra. Angélica Arguello,50,150.39,30,632,0.16,Guerrero,Economic,High Risk
7115,Jos Mario de León,31,233.55,5,579,0.58,Distrito Federal,Economic,High Risk
7116,Fernando Gaitán,33,273.95,7,652,0.43,Campeche,Economic,Medium Risk
7117,José María Villagómez,60,289.73,30,638,0.34,Guerrero,Economic,High Risk
7118,Ángela Olga Echeverría Alva,59,359.71,24,520,0.15,Morelos,Economic,High Risk
7119,Sergio Nicolás Naranjo Ocampo,29,148.16,3,536,0.6,Chihuahua,Economic,High Risk
7120,Mauro Noriega Reséndez,46,,0,570,0.14,Tabasco,Economic,High Risk
7121,Mariana Camila Moreno Alfaro,22,225.56,0,647,0.52,Nuevo León,Economic,High Risk
7122,Genaro Escalante Carrillo,35,174.05,1,629,0.33,Sinaloa,Economic,High Risk
7123,Liliana Murillo Lugo,69,174.24,22,658,0.21,Durango,Economic,Medium Risk
7124,Dr. Cristian Soliz,51,201.8,7,556,0.33,Tlaxcala,Economic,High Risk
7125,Leonor Perea,55,170.39,0,507,0.19,Guerrero,Economic,High Risk
7126,Andrea Carlota Chacón,26,137.83,2,634,0.32,San Luis Potosí,Economic,High Risk
7127,Georgina Escobar,66,388.08,10,568,0.47,Oaxaca,Economic,High Risk
7128,Benjamín Camacho,46,385.11,7,579,0.58,Nayarit,Economic,High Risk
7129,Mauro González,23,120.9,0,502,0.3,Jalisco,Economic,High Risk
7130,Francisca Asunción Lucero,28,316.62,2,525,0.56,Distrito Federal,Economic,High Risk
7131,Aida Palomino,50,249.37,14,629,0.25,Tamaulipas,Economic,High Risk
7132,Lourdes Rael,64,297.31,12,628,0.46,Baja California Sur,Economic,High Risk
7133,Ing. Homero Carrión,32,97.54,5,562,0.44,Oaxaca,Economic,High Risk
7134,Camilo Uriel Arellano Oquendo,54,158.28,13,650,0.31,Yucatán,Economic,Medium Risk
7135,Diego Esteban Márquez Candelaria,37,255.44,15,589,0.43,Durango,Economic,High Risk
7136,María José Marcela Gallardo,41,331.29,3,651,0.54,Colima,Economic,Medium Risk
7137,Alta  Gracia Santacruz Vergara,49,402.27,20,585,0.24,Coahuila de Zaragoza,Economic,High Risk
7138,Timoteo Reyna Baca,62,304.93,21,594,0.12,Puebla,Economic,High Risk
7139,Agustín Guajardo León,38,74.76,16,504,0.24,Michoacán de Ocampo,Economic,High Risk
7140,Salvador Paredes,52,464.06,21,673,0.19,Hidalgo,Economic,Medium Risk
7141,Anel Inés Padilla Solorzano,68,457.48,18,636,0.18,Coahuila de Zaragoza,Economic,High Risk
7142,Indira Sandra Blanco Nieves,61,221.09,27,575,0.31,Puebla,Economic,High Risk
7143,Carla Eloisa Aranda,60,153.56,14,530,0.3,Distrito Federal,Economic,High Risk
7144,Natalia Elvia Sanabria Ojeda,36,191.02,5,569,0.36,Campeche,Economic,High Risk
7145,Diana Diana Ferrer,57,246.58,11,554,0.16,Sonora,Economic,High Risk
7146,Verónica Rosa Lomeli Ocasio,28,205.29,3,500,0.18,Hidalgo,Economic,High Risk
7147,Enrique Segovia,65,239.12,41,624,0.21,Hidalgo,Economic,High Risk
7148,Andrés Gerardo Solís Leyva,22,263.8,1,574,0.56,Tlaxcala,Economic,High Risk
7149,Lic. Aida Angulo,44,143.13,20,521,0.26,Coahuila de Zaragoza,Economic,High Risk
7150,María Teresa Zoé Ornelas Vázquez,60,315.01,23,507,0.49,Michoacán de Ocampo,Economic,High Risk
7151,Víctor Francisco Javier Benavídez Gaytán,42,220.61,8,507,0.16,Guerrero,Economic,High Risk
7152,Alejandro Solís,63,91.03,37,596,0.51,Colima,Economic,High Risk
7153,Eugenio Mateo Rosales Acuña,37,96.98,7,511,0.36,Veracruz de Ignacio de la Llave,Economic,High Risk
7154,Dra. María Elena Quiroz,38,145.57,8,546,0.34,Querétaro,Economic,High Risk
7155,Omar Arce Verduzco,36,323.11,8,514,0.26,San Luis Potosí,Economic,High Risk
7156,Tania Lucio,37,288.9,11,621,0.4,Guanajuato,Economic,High Risk
7157,Amelia Dulce María Gonzales,39,272.1,1,527,0.53,Chiapas,Economic,High Risk
7158,Miriam Castillo,67,92.42,30,556,0.13,Yucatán,Economic,High Risk
7159,Arturo Luis Manuel Lemus,21,224.91,0,646,0.12,Coahuila de Zaragoza,Economic,High Risk
7160,Antonio Jacinto Montaño,48,108.73,0,537,0.13,Tabasco,Economic,High Risk
7161,Cristal Ocasio de la Crúz,60,151.65,21,679,0.53,Chiapas,Economic,Medium Risk
7162,Elena Robledo,29,258.39,5,528,0.57,Quintana Roo,Economic,High Risk
7163,Mario Puga,68,203.7,44,533,0.28,Chihuahua,Economic,High Risk
7164,Dr. Gilberto Acosta,22,70.57,0,654,0.55,Tamaulipas,Economic,Medium Risk
7165,Pamela Natividad Guillen Sanches,57,356.09,4,565,0.12,Tlaxcala,Economic,High Risk
7166,Jacobo Homero Vigil,47,534.43,4,555,0.52,Tamaulipas,Economic,High Risk
7167,Octavio Darío Acevedo,53,226.8,22,654,0.41,Jalisco,Economic,Medium Risk
7168,Ing. Timoteo Estrada,29,116.51,5,620,0.29,Chihuahua,Economic,High Risk
7169,Estela Bétancourt,30,271.24,8,636,0.44,Baja California Sur,Economic,High Risk
7170,Lic. Julio César Munguía,67,113.98,18,656,0.21,Durango,Economic,Medium Risk
7171,Alma Villaseñor,52,286.74,31,637,0.49,Chihuahua,Economic,High Risk
7172,Silvano Aurelio Solano Escobedo,50,265.37,29,598,0.51,Baja California,Economic,High Risk
7173,Elvira Osorio Ayala,43,173.99,0,559,0.39,Querétaro,Economic,High Risk
7174,Elena Mayte Rocha Jurado,60,404.39,2,554,0.47,Sonora,Economic,High Risk
7175,Leonardo del Valle Malave,43,260.24,22,539,0.22,San Luis Potosí,Economic,High Risk
7176,Clemente Archuleta Acevedo,46,376.89,20,654,0.15,Sonora,Economic,Medium Risk
7177,Ángel Cristobal Enríquez,28,114.86,2,584,0.17,Veracruz de Ignacio de la Llave,Economic,High Risk
7178,Federico Solorio,65,331.01,39,534,0.52,Sinaloa,Economic,High Risk
7179,Sonia Helena Posada Rodarte,41,206.5,17,618,0.36,Querétaro,Economic,High Risk
7180,José Eduardo Pablo Arias Bravo,30,319.7,11,646,0.38,Morelos,Economic,High Risk
7181,Dra. Eva Olmos,49,100.52,16,552,0.41,Tabasco,Economic,High Risk
7182,María José Beltrán Jaimes,55,127.96,5,547,0.11,Sinaloa,Economic,High Risk
7183,María del Carmen Mónica Salcedo Saldivar,47,314.45,11,647,0.19,Zacatecas,Economic,High Risk
7184,Jaime Modesto Fajardo Holguín,34,306.02,11,678,0.14,Campeche,Economic,Medium Risk
7185,José Manuél Gustavo Barragán,39,165.65,9,536,0.19,Veracruz de Ignacio de la Llave,Economic,High Risk
7186,Lic. Martín Ojeda,66,168.8,21,620,0.34,Sonora,Economic,High Risk
7187,Noelia Liliana Vela,27,283.28,6,576,0.47,Michoacán de Ocampo,Economic,High Risk
7188,Genaro Colunga,32,481.99,0,523,0.39,Guerrero,Economic,High Risk
7189,María Teresa Hermelinda Dávila,41,92.52,5,582,0.11,San Luis Potosí,Economic,High Risk
7190,Ing. Jaime Torres,35,184.11,6,534,0.45,México,Economic,High Risk
7191,Sessa Rodrígez,56,291.45,14,634,0.23,Jalisco,Economic,High Risk
7192,Cristian Enríquez,51,127.9,19,617,0.32,Puebla,Economic,High Risk
7193,Miriam María Teresa Ortiz Dueñas,50,134.18,6,591,0.36,Chihuahua,Economic,High Risk
7194,Lic. Felix de la Crúz,33,233.61,8,534,0.13,Puebla,Economic,High Risk
7195,Conchita Violeta Blanco,67,225.8,18,643,0.57,Jalisco,Economic,High Risk
7196,Pamela Clara Villalobos Garza,60,200.12,31,634,0.41,Oaxaca,Economic,High Risk
7197,Hermelinda Florencia Menchaca Jaime,56,229.97,26,630,0.48,Tlaxcala,Economic,High Risk
7198,Ing. Emilia Barajas,58,177.91,4,650,0.54,Distrito Federal,Economic,Medium Risk
7199,Juan Carlos Morales Carvajal,64,351.56,21,577,0.34,Jalisco,Economic,High Risk
7200,Hilda Hermelinda Escalante,64,225.78,5,525,0.3,Sinaloa,Economic,High Risk
7201,Abraham Eugenio Benavides Cardona,48,183.02,18,680,0.36,Querétaro,Economic,Medium Risk
7202,Karla Corrales,65,214.13,33,642,0.33,Guanajuato,Economic,High Risk
7203,Benito Moya,33,225.78,7,545,0.57,Baja California,Economic,High Risk
7204,Rebeca Abril Aparicio,52,324.39,17,503,0.2,Puebla,Economic,High Risk
7205,Delia Echeverría,53,,22,675,0.56,Tlaxcala,Economic,Medium Risk
7206,Luis Miguel Flavio Puga,66,231.9,12,615,0.14,Nayarit,Economic,High Risk
7207,Ing. Clara Quintanilla,29,292.06,4,611,0.59,Baja California,Economic,High Risk
7208,Mayte Mariana Meléndez Borrego,31,184.97,11,636,0.45,Morelos,Economic,High Risk
7209,Irma Lilia Alemán Rivera,65,210.78,8,638,0.41,Veracruz de Ignacio de la Llave,Economic,High Risk
7210,Porfirio Rodarte Peralta,24,355.45,0,671,0.53,Nayarit,Economic,Medium Risk
7211,Dra. Pamela de Jesús,56,318.87,15,548,0.35,Nayarit,Economic,High Risk
7212,Patricia Mora,68,180.28,1,677,0.5,Nuevo León,Economic,Medium Risk
7213,Hilda Alicia Mireles,44,286.72,15,593,0.5,Sinaloa,Economic,High Risk
7214,Dr. Antonio Zamora,45,380.04,21,598,0.54,Morelos,Economic,High Risk
7215,Tomás Benavídez Velázquez,44,109.52,13,674,0.42,Quintana Roo,Economic,Medium Risk
7216,Fidel Valle,23,168.69,0,581,0.37,Guerrero,Economic,High Risk
7217,Georgina Caballero,30,493.31,0,540,0.18,Yucatán,Economic,High Risk
7218,Bernardo Jorge Luis Loera,41,187.69,0,628,0.27,San Luis Potosí,Economic,High Risk
7219,Francisco Ballesteros Coronado,50,424.84,6,505,0.39,Guanajuato,Economic,High Risk
7220,Ángel Vigil,30,334.88,1,500,0.19,Michoacán de Ocampo,Economic,High Risk
7221,Zeferino Puga Orozco,32,315.66,0,652,0.25,Morelos,Economic,Medium Risk
7222,Sr. Augusto Peres,22,284.91,0,545,0.25,Baja California Sur,Economic,High Risk
7223,Graciela Paola Leyva Velázquez,70,100.18,5,542,0.24,Guerrero,Economic,High Risk
7224,Eric Guerrero,63,682.18,33,509,0.58,San Luis Potosí,Economic,High Risk
7225,Ing. Jesús Godínez,46,103.53,6,648,0.16,Tamaulipas,Economic,High Risk
7226,Armando Jaime Villagómez Valdivia,44,221.32,3,571,0.25,Sonora,Economic,High Risk
7227,Dr. Manuel Guzmán,55,223.92,18,505,0.3,Tamaulipas,Economic,High Risk
7228,Nadia Beatriz de la Torre Leal,61,203.21,38,528,0.42,Baja California,Economic,High Risk
7229,Ana Luisa de la O Crespo,62,157.22,15,579,0.34,Querétaro,Economic,High Risk
7230,Alma Molina Uribe,44,419.42,24,515,0.5,Jalisco,Economic,High Risk
7231,Ángela Asunción Ruelas,52,169.04,7,515,0.57,Aguascalientes,Economic,High Risk
7232,Ofelia Catalina Soliz,26,195.53,1,503,0.26,Baja California Sur,Economic,High Risk
7233,Modesto Zapata Rosas,55,259.62,23,555,0.39,Chiapas,Economic,High Risk
7234,Sr. Claudio Valverde,23,385.64,4,529,0.29,Jalisco,Economic,High Risk
7235,Gonzalo Pizarro,22,647.69,0,622,0.11,Sinaloa,Economic,High Risk
7236,Delia Marisol Palomino,30,416.26,4,633,0.51,Yucatán,Economic,High Risk
7237,José Zapata,66,251.56,46,515,0.52,Nuevo León,Economic,High Risk
7238,Socorro Carla Rivas Magaña,66,323.5,17,677,0.2,Tamaulipas,Economic,Medium Risk
7239,María José Suárez Espinal,28,259.62,5,662,0.47,Michoacán de Ocampo,Economic,Medium Risk
7240,Bernardo Ángel Galarza Nieto,50,271.46,8,621,0.33,México,Economic,High Risk
7241,Srita. Olga Fonseca,54,300.23,18,507,0.39,Nuevo León,Economic,High Risk
7242,Camila Noelia Narváez,58,134.01,8,662,0.5,Campeche,Economic,Medium Risk
7243,Rodrigo Héctor Olivera,49,133.1,19,630,0.15,Morelos,Economic,High Risk
7244,Esther Gómez Montaño,54,319.51,11,533,0.12,Durango,Economic,High Risk
7245,Horacio Quintana Adame,22,243.79,3,622,0.47,Chiapas,Economic,High Risk
7246,Zeferino Gregorio Menéndez Rincón,36,179.62,11,572,0.15,Puebla,Economic,High Risk
7247,Isaac Salvador Hinojosa Granado,45,100.39,8,597,0.18,Campeche,Economic,High Risk
7248,René Enrique Mares,37,128.02,3,664,0.59,Colima,Economic,Medium Risk
7249,Mariano Camacho,29,263.47,6,679,0.42,Michoacán de Ocampo,Economic,Medium Risk
7250,Felipe Gerónimo Rivero Bustamante,39,405.45,1,562,0.54,San Luis Potosí,Economic,High Risk
7251,Timoteo Abel Zedillo Jimínez,58,202.98,11,631,0.27,Chiapas,Economic,High Risk
7252,Nicolás Bernardo Murillo Aragón,56,231.27,13,630,0.51,Campeche,Economic,High Risk
7253,Bernardo Felipe Maya Grijalva,59,237.23,17,601,0.54,Durango,Economic,High Risk
7254,Pascual Matías,52,257.08,1,652,0.54,Guanajuato,Economic,Medium Risk
7255,Carlota Soria,53,627.36,13,550,0.14,Chihuahua,Economic,High Risk
7256,Fidel Ocasio Viera,59,110.74,27,661,0.35,Oaxaca,Economic,Medium Risk
7257,Esparta Palomino,51,86.86,15,500,0.14,Tamaulipas,Economic,High Risk
7258,Gilberto Evelio Tórrez,70,450.12,19,583,0.37,Tlaxcala,Economic,High Risk
7259,Abraham Jerónimo Urrutia,22,258.15,0,587,0.37,Guanajuato,Economic,High Risk
7260,Genaro Apodaca Avilés,30,224.7,0,600,0.47,Chiapas,Economic,High Risk
7261,Elvira Laureano Chapa,56,162.06,21,500,0.2,Quintana Roo,Economic,High Risk
7262,Sr. Rodrigo Meza,24,156.98,1,564,0.44,Campeche,Economic,High Risk
7263,César Flores Roque,53,155.16,2,510,0.41,Coahuila de Zaragoza,Economic,High Risk
7264,Pedro Isaac Candelaria,56,132.73,13,588,0.26,Hidalgo,Economic,High Risk
7265,Vanesa Gollum,61,162.57,31,522,0.51,Puebla,Economic,High Risk
7266,Rolando Palomino,43,200.09,9,634,0.23,Michoacán de Ocampo,Economic,High Risk
7267,Srita. Silvia Crespo,49,163.42,5,630,0.42,Distrito Federal,Economic,High Risk
7268,Sr. Aldo Gallardo,32,158.63,7,592,0.24,Distrito Federal,Economic,High Risk
7269,Carla Orta Villegas,46,147.9,11,651,0.55,Hidalgo,Economic,Medium Risk
7270,Lic. Arturo Griego,34,394.94,10,506,0.16,Yucatán,Economic,High Risk
7271,Aurelio Lucio,40,347.41,17,528,0.41,Baja California,Economic,High Risk
7272,Sra. Florencia Elizondo,56,215.78,37,506,0.55,Michoacán de Ocampo,Economic,High Risk
7273,Flavio Joaquín de la Garza Baeza,25,189.1,1,553,0.19,Aguascalientes,Economic,High Risk
7274,Linda Córdova,28,228.09,4,507,0.34,Baja California,Economic,High Risk
7275,Josefina Villagómez,66,453.49,13,572,0.38,Baja California,Economic,High Risk
7276,Gustavo Uribe Saavedra,64,325.43,39,631,0.26,Baja California,Economic,High Risk
7277,Jacobo Espinosa del Río,27,133.52,2,661,0.27,Guanajuato,Economic,Medium Risk
7278,María Eugenia Amalia Borrego,59,188.59,4,560,0.55,Sonora,Economic,High Risk
7279,Noemí Saavedra Serrato,69,305.33,17,570,0.24,Guanajuato,Economic,High Risk
7280,Rosario Concepción Guajardo Pantoja,35,146.72,1,523,0.19,Guerrero,Economic,High Risk
7281,José Candelaria,66,,44,527,0.25,Quintana Roo,Economic,High Risk
7282,Sonia Esmeralda Santacruz,54,138.9,5,581,0.25,Oaxaca,Economic,High Risk
7283,Manuel Partida Villa,42,138.06,18,503,0.35,Jalisco,Economic,High Risk
7284,Oswaldo Romero Mireles,38,364.64,11,599,0.23,Tabasco,Economic,High Risk
7285,Graciela Nelly Hernádez,40,265.83,2,507,0.41,Michoacán de Ocampo,Economic,High Risk
7286,Raquel de la Rosa Osorio,53,170.61,6,634,0.26,Yucatán,Economic,High Risk
7287,Arturo Valladares Salas,43,66.06,9,505,0.46,Sinaloa,Economic,High Risk
7288,Carlota Garica Badillo,61,189.23,7,677,0.1,Baja California Sur,Economic,Medium Risk
7289,Esteban Uriel Magaña Peralta,47,329.26,16,610,0.44,Colima,Economic,High Risk
7290,Sofía Aranda,42,291.67,13,510,0.37,Nayarit,Economic,High Risk
7291,Elsa Prieto,61,138.68,42,509,0.27,Chihuahua,Economic,High Risk
7292,Sr. José Eduardo Curiel,58,195.04,14,593,0.13,Jalisco,Economic,High Risk
7293,Luis Manuel Elias Díaz,55,110.65,21,517,0.17,Baja California,Economic,High Risk
7294,Susana del Río,65,212.85,40,636,0.11,Coahuila de Zaragoza,Economic,High Risk
7295,Yeni Echeverría Cuellar,23,169.38,1,629,0.33,Chihuahua,Economic,High Risk
7296,Andrea Serrato,43,150.62,12,592,0.45,Guanajuato,Economic,High Risk
7297,Ing. Raúl Villalpando,44,223.67,6,584,0.18,Michoacán de Ocampo,Economic,High Risk
7298,Camila Cruz Contreras,56,380.04,8,500,0.58,Michoacán de Ocampo,Economic,High Risk
7299,Nayeli Granados,38,124.12,4,642,0.15,San Luis Potosí,Economic,High Risk
7300,Lilia Báez,43,138.06,1,609,0.49,Distrito Federal,Economic,High Risk
7301,Bruno Ángel Prieto,62,157.08,33,534,0.16,Zacatecas,Economic,High Risk
7302,Margarita Armenta,22,467.7,2,642,0.37,Coahuila de Zaragoza,Economic,High Risk
7303,Darío Rufino Soliz,69,129.28,6,579,0.48,Campeche,Economic,High Risk
7304,Dra. Dulce Portillo,58,150.2,19,648,0.41,Morelos,Economic,High Risk
7305,Sandra Girón,54,190.35,13,506,0.31,Oaxaca,Economic,High Risk
7306,Sr. Clemente Concepción,64,89.61,24,547,0.11,Guerrero,Economic,High Risk
7307,Débora María Eugenia Flórez,65,253.6,6,630,0.27,Distrito Federal,Economic,High Risk
7308,Martha Mitzy Monroy,21,411.91,0,569,0.55,Aguascalientes,Economic,High Risk
7309,Gregorio Hernán Quiñones,51,160.51,9,676,0.14,Chiapas,Economic,Medium Risk
7310,Sr. Silvano Quiñónez,50,456.71,13,654,0.36,Tlaxcala,Economic,Medium Risk
7311,Barbara Ceja,66,395.81,32,655,0.53,Chihuahua,Economic,Medium Risk
7312,Dra. Francisca Cabrera,34,157.38,6,597,0.55,San Luis Potosí,Economic,High Risk
7313,Ilse Mayte Rael,31,77.36,3,653,0.41,Oaxaca,Economic,Medium Risk
7314,Sr. Timoteo Miranda,62,328.09,13,659,0.37,Oaxaca,Economic,Medium Risk
7315,Dr. Bernabé Partida,27,248.85,1,543,0.43,Guerrero,Economic,High Risk
7316,Dra. Susana Flórez,29,196.13,0,551,0.22,México,Economic,High Risk
7317,Dra. Ángela Garrido,64,216.35,44,632,0.42,Tamaulipas,Economic,High Risk
7318,María José Diana Vásquez Marrero,42,68.09,6,645,0.45,Querétaro,Economic,High Risk
7319,Lic. Lorena Alfaro,67,196.69,9,559,0.56,Zacatecas,Economic,High Risk
7320,Julio César Gracia Arce,22,153.73,0,532,0.23,Yucatán,Economic,High Risk
7321,Judith Preciado Ramón,33,247.82,5,545,0.12,Sinaloa,Economic,High Risk
7322,María Luisa Villalpando,40,176.73,0,626,0.43,Baja California Sur,Economic,High Risk
7323,Karina Ivonne Gaona Monroy,50,167.67,3,651,0.52,Hidalgo,Economic,Medium Risk
7324,Gabino Nicolás Miramontes Sepúlveda,28,193.72,1,555,0.34,Aguascalientes,Economic,High Risk
7325,Serafín Segovia,56,185.14,12,583,0.23,Chihuahua,Economic,High Risk
7326,Teodoro Rentería,67,,8,586,0.31,Chihuahua,Economic,High Risk
7327,David Gaitán,62,116.39,20,635,0.36,Baja California Sur,Economic,High Risk
7328,Dr. Julio Porras,54,173.06,14,621,0.36,Sonora,Economic,High Risk
7329,Lucas Luis Miguel de la Garza Cornejo,35,229.5,5,607,0.19,Durango,Economic,High Risk
7330,Dra. Julia Montañez,70,220.74,30,518,0.43,San Luis Potosí,Economic,High Risk
7331,Lic. José Eduardo Bueno,58,198.38,19,553,0.2,Coahuila de Zaragoza,Economic,High Risk
7332,Débora Mojica Pedraza,22,181.61,0,598,0.26,San Luis Potosí,Economic,High Risk
7333,Abigail Rocío Muñiz Carbajal,26,130.96,2,574,0.6,Chiapas,Economic,High Risk
7334,Dr. Sergio Sotelo,43,61.88,3,576,0.57,Michoacán de Ocampo,Economic,High Risk
7335,Dra. Ana María Cardona,28,93.93,2,651,0.58,Baja California,Economic,Medium Risk
7336,Abraham Chapa,44,128.94,24,557,0.34,Sonora,Economic,High Risk
7337,Srita. Magdalena Espinosa,35,119.02,12,676,0.44,Aguascalientes,Economic,Medium Risk
7338,Renato Mora Maya,67,311.25,35,639,0.11,Michoacán de Ocampo,Economic,High Risk
7339,Ángel Anguiano Munguía,36,174.45,8,606,0.31,Colima,Economic,High Risk
7340,Salma Amanda Godínez,28,259.28,7,600,0.44,Jalisco,Economic,High Risk
7341,Dra. Nelly Arellano,56,165.71,19,638,0.45,San Luis Potosí,Economic,High Risk
7342,Jorge Gollum,25,275.61,2,653,0.12,Puebla,Economic,Medium Risk
7343,José José Carlos Elizondo,68,221.41,2,518,0.22,Quintana Roo,Economic,High Risk
7344,Judith Valentín,48,163.52,15,633,0.55,Baja California,Economic,High Risk
7345,Adán Ruiz,37,209.02,11,524,0.23,Quintana Roo,Economic,High Risk
7346,Jesús Germán Bañuelos Nevárez,56,118.42,30,678,0.58,Aguascalientes,Economic,Medium Risk
7347,Estela Muro,67,256.74,23,505,0.58,Guerrero,Economic,High Risk
7348,Wendolin Laura Cedillo,43,402.8,14,671,0.28,Sinaloa,Economic,Medium Risk
7349,Leonardo Aurelio Olivares,70,340.54,5,539,0.19,Chiapas,Economic,High Risk
7350,Amador Uriel Moya Caraballo,32,255.66,5,635,0.19,Tamaulipas,Economic,High Risk
7351,Hugo Nieto,34,,1,506,0.32,Nayarit,Economic,High Risk
7352,Dra. Aldonza Soto,27,272.12,0,677,0.31,Campeche,Economic,Medium Risk
7353,Abril Mata Vega,70,174.57,46,642,0.22,Baja California,Economic,High Risk
7354,Lorenzo Alonso de la Garza,66,226.68,30,611,0.54,Sonora,Economic,High Risk
7355,Martha Citlali Almaraz,61,281.25,39,519,0.12,Tlaxcala,Economic,High Risk
7356,Gabriela Navarrete,65,125.07,21,579,0.27,Querétaro,Economic,High Risk
7357,Ana Luisa Emilia Griego,44,100.95,16,643,0.4,Coahuila de Zaragoza,Economic,High Risk
7358,Ángel Wilfrido Anaya,47,194.81,1,633,0.37,Tabasco,Economic,High Risk
7359,Zeferino Horacio Abrego,66,135.73,26,611,0.27,Sonora,Economic,High Risk
7360,Adela Lucio Segovia,35,199.04,8,599,0.44,Yucatán,Economic,High Risk
7361,Aurelio García Munguía,37,156.34,9,538,0.48,Sinaloa,Economic,High Risk
7362,Alejandro Tomás Peralta Canales,41,422.06,4,677,0.49,Oaxaca,Economic,Medium Risk
7363,Felix Zarate,35,219.62,9,537,0.28,Quintana Roo,Economic,High Risk
7364,Alfredo Serna Meza,67,287.43,0,679,0.33,Sonora,Economic,Medium Risk
7365,Benjamín Heredia,54,,19,546,0.39,Morelos,Economic,High Risk
7366,Lourdes Menchaca Alfaro,31,260.69,5,579,0.28,Yucatán,Economic,High Risk
7367,Adalberto Lemus Preciado,36,202.43,11,672,0.3,Aguascalientes,Economic,Medium Risk
7368,Julia Graciela Villa Fonseca,63,306.3,25,611,0.6,Morelos,Economic,High Risk
7369,Julio César Perales,46,248.35,9,518,0.3,Campeche,Economic,High Risk
7370,Luis Miguel Genaro Nieto Pineda,35,133.67,6,671,0.41,Tamaulipas,Economic,Medium Risk
7371,Teresa Mondragón Mares,61,337.85,6,637,0.6,México,Economic,High Risk
7372,Carmen Ángela Vázquez Jaime,25,202.67,7,614,0.41,Jalisco,Economic,High Risk
7373,Ing. Gerónimo Rivas,68,101.36,1,560,0.51,Distrito Federal,Economic,High Risk
7374,Miguel Ángel Carrero,43,197.82,0,513,0.11,Oaxaca,Economic,High Risk
7375,Dr. Jonás Segura,29,135.9,8,504,0.16,Querétaro,Economic,High Risk
7376,Dr. Lucas Guillen,39,258.55,4,548,0.44,Campeche,Economic,High Risk
7377,Evelio Wilfrido Vásquez Manzanares,52,137.09,12,504,0.44,San Luis Potosí,Economic,High Risk
7378,Alejandra Angulo Tamez,24,343.85,1,509,0.16,Guanajuato,Economic,High Risk
7379,Patricia Rosa Cornejo,38,180.45,0,566,0.52,Tlaxcala,Economic,High Risk
7380,Daniel Eugenio Casillas Camarillo,67,388.57,24,655,0.58,Puebla,Economic,Medium Risk
7381,Claudio Abreu Corral,24,139.49,0,602,0.3,Tabasco,Economic,High Risk
7382,Manuel Marcos Cavazos,58,272.95,23,662,0.14,Colima,Economic,Medium Risk
7383,Víctor Peralta,62,119.68,17,560,0.13,Hidalgo,Economic,High Risk
7384,José Manuél Ontiveros Tello,29,249.47,3,538,0.51,Michoacán de Ocampo,Economic,High Risk
7385,Lic. Natalia Armas,45,218.8,22,540,0.48,Baja California,Economic,High Risk
7386,Ing. Andrés Sanches,50,222.13,8,520,0.14,Tamaulipas,Economic,High Risk
7387,Dr. Lorenzo Mora,38,244.76,5,589,0.42,Tamaulipas,Economic,High Risk
7388,Homero Mateo,49,162.49,20,553,0.57,Baja California Sur,Economic,High Risk
7389,Héctor Jorge Valle Peña,61,71.57,15,545,0.25,Baja California Sur,Economic,High Risk
7390,Rodolfo Valdez,69,273.71,20,641,0.23,San Luis Potosí,Economic,High Risk
7391,Jesús Acevedo,36,159.72,1,644,0.24,Tabasco,Economic,High Risk
7392,Celia Estrada,21,91.1,0,621,0.24,Coahuila de Zaragoza,Economic,High Risk
7393,Dr. Vicente Rojas,62,,13,557,0.55,México,Economic,High Risk
7394,Lucas Hernández,42,382.71,7,557,0.31,Chiapas,Economic,High Risk
7395,Pamela Cervantes,70,247.6,36,610,0.2,Zacatecas,Economic,High Risk
7396,Jaqueline Paulina Zarate Robles,45,113.04,14,591,0.14,Veracruz de Ignacio de la Llave,Economic,High Risk
7397,Nicolás Montalvo Navarro,23,142.3,3,550,0.46,Durango,Economic,High Risk
7398,Aurora Zapata,45,128.41,2,501,0.17,Baja California Sur,Economic,High Risk
7399,Ignacio Guillermo Segura,40,164.83,6,646,0.48,Nuevo León,Economic,High Risk
7400,Fabiola Amanda Espinoza Arguello,36,239.24,9,645,0.39,Baja California Sur,Economic,High Risk
7401,Angélica Abril Tovar,44,263.17,18,522,0.28,Guerrero,Economic,High Risk
7402,Elsa Fonseca Collado,56,248.04,3,509,0.39,Colima,Economic,High Risk
7403,Joaquín Sanabria,69,438.71,36,649,0.31,Coahuila de Zaragoza,Economic,High Risk
7404,César Fuentes,53,137.95,21,525,0.24,Durango,Economic,High Risk
7405,Guillermina Collazo,34,406.6,9,635,0.53,San Luis Potosí,Economic,High Risk
7406,Uriel Alvaro Sarabia,59,239.47,23,651,0.22,Michoacán de Ocampo,Economic,Medium Risk
7407,Lic. Martha Loera,55,90.57,5,533,0.45,Colima,Economic,High Risk
7408,Armando Benjamín Candelaria,51,141.88,11,573,0.51,Nayarit,Economic,High Risk
7409,Teresa Quesada,69,366.77,43,573,0.18,Baja California,Economic,High Risk
7410,Antonio Acuña,52,176.32,1,653,0.29,Tamaulipas,Economic,Medium Risk
7411,Mariana Judith Téllez Quiroz,61,297.61,27,513,0.45,Campeche,Economic,High Risk
7412,Fidel Mateo Castro,33,333.16,4,520,0.11,México,Economic,High Risk
7413,Benito Lucero,51,145.56,7,610,0.52,Nayarit,Economic,High Risk
7414,Diana Jaqueline Tafoya,41,479.59,5,639,0.24,Chiapas,Economic,High Risk
7415,Cristobal Hernán Nájera,42,347.08,0,650,0.47,Quintana Roo,Economic,Medium Risk
7416,Nayeli Navarrete,42,288.8,17,528,0.4,Nayarit,Economic,High Risk
7417,Pamela Sandra Villegas Sotelo,63,379.44,35,646,0.52,Puebla,Economic,High Risk
7418,José Emilio Carrera Figueroa,23,228.32,0,621,0.44,Guerrero,Economic,High Risk
7419,Serafín Mascareñas,30,372.72,4,531,0.51,Guanajuato,Economic,High Risk
7420,Julio Tijerina,44,298.34,9,653,0.25,Jalisco,Economic,Medium Risk
7421,Margarita Liliana Sauceda,34,320.5,2,526,0.46,Distrito Federal,Economic,High Risk
7422,Cristal de la Torre,48,220.81,2,553,0.39,Guerrero,Economic,High Risk
7423,Liliana Francisca Perales,35,144.27,10,650,0.6,Morelos,Economic,Medium Risk
7424,Berta Carmen Ulibarri Nájera,34,152.64,7,621,0.19,Morelos,Economic,High Risk
7425,Dra. Lucía Valles,56,142.27,19,589,0.38,Guanajuato,Economic,High Risk
7426,Sr. Leonardo Segovia,45,69.16,14,663,0.31,Querétaro,Economic,Medium Risk
7427,María Cavazos,39,218.04,0,548,0.44,Querétaro,Economic,High Risk
7428,Wendolin Corrales,21,212.62,2,624,0.47,Veracruz de Ignacio de la Llave,Economic,High Risk
7429,Sra. María Cristina Pantoja,61,110.74,34,656,0.46,Durango,Economic,Medium Risk
7430,Sr. Jacobo Naranjo,52,450.48,29,652,0.33,Veracruz de Ignacio de la Llave,Economic,Medium Risk
7431,Juan Carlos Juan Carlos Orta,60,316.76,10,538,0.29,Hidalgo,Economic,High Risk
7432,Aurora Lorena Castellanos,41,209.39,5,574,0.24,Hidalgo,Economic,High Risk
7433,Trinidad Villalobos Sandoval,46,160.73,13,647,0.42,México,Economic,High Risk
7434,Rosa Valentín Coronado,33,210.03,4,575,0.46,Baja California Sur,Economic,High Risk
7435,Dr. Octavio Alcántar,68,90.15,34,639,0.6,Baja California,Economic,High Risk
7436,Aida Gollum,29,140.99,0,676,0.23,Coahuila de Zaragoza,Economic,Medium Risk
7437,Daniela Mitzy Villaseñor,31,440.3,7,557,0.4,Jalisco,Economic,High Risk
7438,Ernesto Ojeda,44,234.54,12,671,0.27,Jalisco,Economic,Medium Risk
7439,Timoteo Israel Botello,46,183.61,24,545,0.44,Distrito Federal,Economic,High Risk
7440,Sr. Evelio Gamboa,52,229.02,14,549,0.34,Aguascalientes,Economic,High Risk
7441,Cristian Augusto Quintana,25,192.47,2,663,0.55,Chihuahua,Economic,Medium Risk
7442,Augusto Monroy Alvarez,34,749.22,10,618,0.19,Chiapas,Economic,High Risk
7443,Reynaldo Lorenzo Yáñez Cervantes,61,522.54,10,661,0.48,Quintana Roo,Economic,Medium Risk
7444,Esperanza Altamirano Jáquez,43,168.15,3,593,0.14,Tabasco,Economic,High Risk
7445,Sra. Camila Urbina,30,127.94,3,568,0.54,San Luis Potosí,Economic,High Risk
7446,Marisol Sánchez,49,132.74,13,651,0.29,Chiapas,Economic,Medium Risk
7447,Abelardo René Collado,25,522.05,0,535,0.24,Distrito Federal,Economic,High Risk
7448,Ernesto Alvaro Manzanares Alcala,54,261.9,10,620,0.37,Morelos,Economic,High Risk
7449,Sr. Benjamín Naranjo,69,222.12,4,594,0.4,Zacatecas,Economic,High Risk
7450,Ing. Aurelio Campos,66,310.87,9,674,0.23,Nayarit,Economic,Medium Risk
7451,Lic. Estela Juárez,42,228.18,17,631,0.12,Campeche,Economic,High Risk
7452,Cristal Puga,31,202.66,0,605,0.23,Jalisco,Economic,High Risk
7453,Inés Canales,50,242.0,7,619,0.59,Tlaxcala,Economic,High Risk
7454,Juan Carlos Adalberto Alba,59,393.66,34,514,0.58,Oaxaca,Economic,High Risk
7455,Amanda Barrientos Figueroa,69,122.06,32,609,0.51,Hidalgo,Economic,High Risk
7456,Agustín Reynaldo Gaytán,30,398.94,9,555,0.44,Querétaro,Economic,High Risk
7457,María Cristina Carvajal,30,104.65,8,667,0.29,Querétaro,Economic,Medium Risk
7458,Rodolfo Valverde Maya,25,215.7,5,661,0.14,Coahuila de Zaragoza,Economic,Medium Risk
7459,Helena Georgina Villegas,44,209.28,18,591,0.12,Quintana Roo,Economic,High Risk
7460,Abelardo Rocha Merino,26,390.05,4,673,0.57,Guanajuato,Economic,Medium Risk
7461,Ramón Mora,32,260.13,5,560,0.21,Oaxaca,Economic,High Risk
7462,David Leyva,61,189.07,16,593,0.55,Zacatecas,Economic,High Risk
7463,Delia Orta,62,419.16,11,572,0.42,Jalisco,Economic,High Risk
7464,Sra. Asunción Quiñones,28,230.28,0,531,0.25,Oaxaca,Economic,High Risk
7465,Gabriela Rosalia Irizarry Zapata,43,507.89,16,619,0.45,Durango,Economic,High Risk
7466,Victoria Moreno Peres,21,424.81,0,513,0.29,Coahuila de Zaragoza,Economic,High Risk
7467,Miriam Georgina Rentería,31,250.64,10,515,0.26,Nuevo León,Economic,High Risk
7468,Srita. Anel Padilla,56,337.8,34,584,0.31,Guerrero,Economic,High Risk
7469,Srita. Concepción Gallegos,23,185.75,4,676,0.18,Querétaro,Economic,Medium Risk
7470,Sra. Adela Sáenz,33,212.66,11,670,0.21,Guanajuato,Economic,Medium Risk
7471,Eugenia Menéndez,32,342.15,11,529,0.54,Distrito Federal,Economic,High Risk
7472,Leonel Beltrán,49,169.7,10,595,0.27,Chiapas,Economic,High Risk
7473,Genaro Tejada,35,279.05,7,514,0.39,Guerrero,Economic,High Risk
7474,Paulina Adela Juárez Gaytán,52,305.56,20,552,0.22,Tabasco,Economic,High Risk
7475,Sra. Norma Acosta,21,340.37,0,656,0.58,Yucatán,Economic,Medium Risk
7476,Lilia Carrero Montemayor,54,412.84,19,561,0.37,Zacatecas,Economic,High Risk
7477,Hernán José Carlos Montaño,27,180.38,4,646,0.33,Oaxaca,Economic,High Risk
7478,Srita. Carmen Mireles,41,489.62,21,647,0.38,Colima,Economic,High Risk
7479,Tomás Francisco Javier Irizarry Valverde,32,122.18,13,679,0.51,Tamaulipas,Economic,Medium Risk
7480,José Manuél Gabriel Rosado Ojeda,66,375.04,30,680,0.42,Yucatán,Economic,Medium Risk
7481,María Teresa Luisa Colunga Apodaca,42,143.85,10,586,0.19,Guerrero,Economic,High Risk
7482,Srita. Carolina de la Garza,36,160.92,6,517,0.58,Puebla,Economic,High Risk
7483,Ing. Leonel Saldivar,35,152.07,6,667,0.54,Tabasco,Economic,Medium Risk
7484,Rubén Lira,65,241.64,35,577,0.19,Michoacán de Ocampo,Economic,High Risk
7485,Alfredo Francisco Javier Tamayo Barrera,40,194.36,0,558,0.49,Quintana Roo,Economic,High Risk
7486,Antonia Judith Carrasco,60,180.54,9,669,0.4,México,Economic,Medium Risk
7487,Gabriel Oswaldo Martínez Arce,48,469.73,22,668,0.23,Durango,Economic,Medium Risk
7488,Oswaldo Gabino Linares,64,152.75,14,646,0.11,Sinaloa,Economic,High Risk
7489,Ana Luisa Magdalena Valdez,50,308.9,11,609,0.37,Veracruz de Ignacio de la Llave,Economic,High Risk
7490,Sr. Ángel Vallejo,47,232.77,12,643,0.28,Tamaulipas,Economic,High Risk
7491,Inés Zúñiga,65,148.18,41,602,0.38,Guerrero,Economic,High Risk
7492,Paulina Reynoso,32,310.48,12,680,0.58,Colima,Economic,Medium Risk
7493,Jerónimo Mejía,66,214.81,28,502,0.43,Zacatecas,Economic,High Risk
7494,Dra. Paola Narváez,25,202.72,0,562,0.19,Nuevo León,Economic,High Risk
7495,Vicente Lozano Reynoso,70,249.02,31,550,0.14,Morelos,Economic,High Risk
7496,Rosa Laureano,22,210.93,0,628,0.28,Nuevo León,Economic,High Risk
7497,Dra. Elisa Rosales,64,279.2,28,572,0.59,Chihuahua,Economic,High Risk
7498,Anabel Lira,35,184.04,9,633,0.44,Chihuahua,Economic,High Risk
7499,Dr. Adalberto Cabrera,51,296.45,15,586,0.54,Guanajuato,Economic,High Risk
7500,Lic. Javier Valverde,29,430.57,1,568,0.25,Tabasco,Economic,High Risk
7501,Jaime Mercado,51,131.87,6,618,0.49,Nuevo León,Economic,High Risk
7502,Ing. Porfirio Terrazas,48,289.62,21,502,0.35,Chihuahua,Economic,High Risk
7503,Dr. Víctor Montero,64,161.27,29,549,0.54,Jalisco,Economic,High Risk
7504,Carlos Escamilla,49,195.56,9,509,0.46,Baja California Sur,Economic,High Risk
7505,Armando Adalberto Ruiz Amador,30,112.64,5,675,0.56,Oaxaca,Economic,Medium Risk
7506,Ivonne Amaya,61,503.62,35,567,0.36,Aguascalientes,Economic,High Risk
7507,Noelia Trinidad Cruz,50,346.07,8,569,0.37,Sinaloa,Economic,High Risk
7508,Clara Santana,63,248.45,35,512,0.22,Baja California,Economic,High Risk
7509,René Villa,69,286.11,19,580,0.32,Nayarit,Economic,High Risk
7510,Amador Téllez Amaya,26,171.28,0,562,0.55,Sinaloa,Economic,High Risk
7511,Zacarías Valentín,21,224.71,1,561,0.33,Nuevo León,Economic,High Risk
7512,Ruby Garrido de Anda,47,367.85,14,630,0.42,Colima,Economic,High Risk
7513,Srita. Sessa Montenegro,31,118.52,2,643,0.21,Jalisco,Economic,High Risk
7514,Débora Marcela Ulibarri,24,168.6,2,573,0.13,Sonora,Economic,High Risk
7515,Dra. Nancy Mercado,43,254.68,11,624,0.24,Coahuila de Zaragoza,Economic,High Risk
7516,Trinidad Estela Rosario,28,389.42,1,587,0.32,Baja California Sur,Economic,High Risk
7517,Dalia Villalobos,62,320.01,10,664,0.3,Tlaxcala,Economic,Medium Risk
7518,Clemente Francisco Carrero,62,220.61,21,626,0.26,Quintana Roo,Economic,High Risk
7519,Ángela Acosta Hernandes,35,163.07,7,554,0.51,Oaxaca,Economic,High Risk
7520,Dr. Tomás Vega,44,136.95,6,669,0.44,Baja California,Economic,Medium Risk
7521,Helena Natividad Madrigal Casas,49,240.59,28,645,0.18,Jalisco,Economic,High Risk
7522,Jerónimo Joaquín Gil,33,502.86,1,528,0.34,Michoacán de Ocampo,Economic,High Risk
7523,Ing. Marco Antonio Morales,41,130.29,19,636,0.36,Michoacán de Ocampo,Economic,High Risk
7524,Ing. Aurelio Coronado,47,219.98,0,574,0.13,Tabasco,Economic,High Risk
7525,Sr. Emiliano Castro,25,288.49,1,524,0.38,Coahuila de Zaragoza,Economic,High Risk
7526,Lilia Gutiérrez,65,162.11,9,647,0.58,Nuevo León,Economic,High Risk
7527,Porfirio José Eduardo Saldivar,62,216.15,16,542,0.25,Oaxaca,Economic,High Risk
7528,Abril Toro,31,278.75,3,649,0.42,Campeche,Economic,High Risk
7529,Dra. Ana María Saiz,51,207.75,23,521,0.41,Morelos,Economic,High Risk
7530,César Archuleta,69,152.45,16,572,0.15,Aguascalientes,Economic,High Risk
7531,Ing. Patricio Ballesteros,40,173.4,18,612,0.58,Durango,Economic,High Risk
7532,Octavio Pascual Alcaraz,26,447.44,3,631,0.11,Nayarit,Economic,High Risk
7533,Lic. Concepción Valdez,38,407.99,8,583,0.23,Coahuila de Zaragoza,Economic,High Risk
7534,Fabiola Acuña,32,801.3,6,557,0.56,Sinaloa,Economic,High Risk
7535,Ramón Mauro Báez Tejada,70,192.96,44,577,0.23,Nuevo León,Economic,High Risk
7536,Lic. Estela Garrido,47,387.35,13,567,0.19,Michoacán de Ocampo,Economic,High Risk
7537,Ivonne Yuridia Ureña Cardona,41,270.22,7,500,0.36,Zacatecas,Economic,High Risk
7538,María Elena Covarrubias Paz,60,225.78,4,663,0.46,Guanajuato,Economic,Medium Risk
7539,Patricia Lucía Dávila Alcala,46,,3,637,0.52,Campeche,Economic,High Risk
7540,Citlali Araceli Pelayo,29,257.08,5,650,0.54,Sinaloa,Economic,Medium Risk
7541,Israel Robledo Ballesteros,54,135.9,20,623,0.21,Veracruz de Ignacio de la Llave,Economic,High Risk
7542,Modesto Rosas Rivas,68,121.61,0,654,0.19,Tamaulipas,Economic,Medium Risk
7543,Oswaldo Anaya,42,318.47,6,628,0.29,Jalisco,Economic,High Risk
7544,Rocío Mercado,55,310.73,23,585,0.31,Chihuahua,Economic,High Risk
7545,Federico Modesto Mata Macías,21,572.91,0,610,0.53,México,Economic,High Risk
7546,Elvira Dolores Concepción,25,93.57,3,522,0.37,Yucatán,Economic,High Risk
7547,Mitzy Espinosa,47,139.46,7,599,0.5,Jalisco,Economic,High Risk
7548,Sra. Araceli Aguayo,32,396.27,13,605,0.26,Tlaxcala,Economic,High Risk
7549,Jorge Luis Adán Pacheco Hidalgo,35,213.15,12,620,0.19,Aguascalientes,Economic,High Risk
7550,Alejandro Lira,26,389.52,5,514,0.23,Michoacán de Ocampo,Economic,High Risk
7551,Dr. José Eduardo Cano,27,243.16,1,604,0.27,Nayarit,Economic,High Risk
7552,Raquel Verónica Fernández,41,266.59,1,544,0.52,México,Economic,High Risk
7553,Inés Olga Rojas Rivas,27,312.61,1,567,0.12,Morelos,Economic,High Risk
7554,Verónica Dalia de la Crúz,67,355.07,0,549,0.13,San Luis Potosí,Economic,High Risk
7555,Bernardo Vicente Rocha,39,261.63,14,618,0.53,Campeche,Economic,High Risk
7556,Ing. Elias Rivera,29,128.44,6,679,0.29,Aguascalientes,Economic,Medium Risk
7557,Elvira Georgina Granados Lugo,51,216.34,8,626,0.4,Guerrero,Economic,High Risk
7558,Mercedes Tórrez Iglesias,35,110.28,15,524,0.53,Durango,Economic,High Risk
7559,Horacio Orellana Covarrubias,44,204.76,20,572,0.43,Michoacán de Ocampo,Economic,High Risk
7560,Ing. Gregorio Zedillo,55,118.74,27,633,0.36,Guanajuato,Economic,High Risk
7561,Dr. Reynaldo Valdez,59,179.5,22,519,0.59,Nayarit,Economic,High Risk
7562,Trinidad Pilar Escobar,48,239.96,18,619,0.34,Guerrero,Economic,High Risk
7563,Jerónimo Jorge Cornejo Lucio,53,213.02,26,511,0.14,Zacatecas,Economic,High Risk
7564,Ignacio Amaya,31,93.06,4,533,0.3,Nuevo León,Economic,High Risk
7565,Estefanía Guerrero Navarro,54,164.03,20,679,0.13,Coahuila de Zaragoza,Economic,Medium Risk
7566,Alvaro Germán Zapata Soria,39,111.44,14,592,0.35,Nayarit,Economic,High Risk
7567,Benjamín Juan Carlos Tovar,66,179.57,35,660,0.44,Tamaulipas,Economic,Medium Risk
7568,Patricia Pizarro,68,338.09,10,588,0.56,Hidalgo,Economic,High Risk
7569,Abelardo Maya,54,144.56,25,669,0.12,Chiapas,Economic,Medium Risk
7570,Ing. Emilio Rojo,53,129.61,13,516,0.18,Sinaloa,Economic,High Risk
7571,Luis Miguel Amador Barrios Covarrubias,24,,0,547,0.1,Colima,Economic,High Risk
7572,Ing. Eloisa Partida,66,262.96,28,550,0.18,Oaxaca,Economic,High Risk
7573,Elsa Monroy,48,,24,673,0.45,Veracruz de Ignacio de la Llave,Economic,Medium Risk
7574,Tomás Armando Casillas,65,389.88,32,665,0.6,Tabasco,Economic,Medium Risk
7575,Lorenzo José Eduardo Hernández Baca,37,509.08,12,653,0.5,Zacatecas,Economic,Medium Risk
7576,Andrea Graciela Valles Jáquez,56,227.17,13,664,0.25,Yucatán,Economic,Medium Risk
7577,Dr. Juan Carlos Acevedo,40,502.15,0,614,0.53,Chiapas,Economic,High Risk
7578,Dra. Claudia Zepeda,48,180.83,17,674,0.53,Morelos,Economic,Medium Risk
7579,Lic. Trinidad Hernández,35,290.41,12,671,0.51,Sinaloa,Economic,Medium Risk
7580,Gilberto Montemayor,52,292.77,0,670,0.11,Durango,Economic,Medium Risk
7581,Irene Valladares Henríquez,33,451.96,1,547,0.19,Baja California Sur,Economic,High Risk
7582,Teresa Teresa Barrera,32,154.62,10,600,0.43,Baja California Sur,Economic,High Risk
7583,Natalia Mondragón Soto,57,290.39,15,547,0.6,Jalisco,Economic,High Risk
7584,Julia Blanca Partida Grijalva,24,111.41,0,672,0.35,Campeche,Economic,Medium Risk
7585,Flavio Pacheco Ulloa,43,333.26,14,628,0.25,Zacatecas,Economic,High Risk
7586,Graciela Amanda Velázquez,36,153.58,4,626,0.43,Tamaulipas,Economic,High Risk
7587,Rolando Gabriel Riojas,36,237.37,11,539,0.41,Baja California,Economic,High Risk
7588,María Cristina Moreno Barrera,41,313.11,5,655,0.46,Jalisco,Economic,Medium Risk
7589,Marisela Mojica,50,229.06,16,564,0.59,Tamaulipas,Economic,High Risk
7590,Norma Amaya,23,187.76,0,669,0.38,Tamaulipas,Economic,Medium Risk
7591,Sergio Leiva Anguiano,32,188.66,2,598,0.33,Guanajuato,Economic,High Risk
7592,José Emilio Suárez,39,133.03,15,516,0.4,Baja California Sur,Economic,High Risk
7593,Luz Josefina Mayorga,49,63.44,2,676,0.24,Chiapas,Economic,Medium Risk
7594,Dra. Natalia Meléndez,59,199.03,29,588,0.46,Puebla,Economic,High Risk
7595,Elias Casas Covarrubias,67,164.73,1,574,0.49,Colima,Economic,High Risk
7596,Gonzalo Monroy Blanco,42,218.55,8,555,0.52,Nayarit,Economic,High Risk
7597,Dra. Concepción Gurule,63,504.58,37,619,0.51,Baja California,Economic,High Risk
7598,Mateo Bernabé Fuentes,28,316.3,1,596,0.47,Jalisco,Economic,High Risk
7599,Graciela Grijalva Piña,60,275.09,0,640,0.36,Morelos,Economic,High Risk
7600,Sra. Estela Meraz,30,393.42,4,579,0.47,Guerrero,Economic,High Risk
7601,Cristobal Gaona,66,188.87,43,635,0.3,Distrito Federal,Economic,High Risk
7602,Elsa Angulo,24,239.59,0,668,0.12,Campeche,Economic,Medium Risk
7603,Samuel Roque,38,321.34,4,619,0.49,Michoacán de Ocampo,Economic,High Risk
7604,Santiago Solís Arreola,52,268.26,26,674,0.26,Baja California Sur,Economic,Medium Risk
7605,Reina Sauceda,35,123.76,1,500,0.57,Tlaxcala,Economic,High Risk
7606,Mitzy Ana Luisa Porras,60,138.34,11,619,0.22,Campeche,Economic,High Risk
7607,Jonás Montero,39,374.6,2,650,0.58,Tamaulipas,Economic,Medium Risk
7608,Srita. Juana Flores,49,199.8,3,674,0.1,Chiapas,Economic,Medium Risk
7609,Sr. Cristobal Quintanilla,56,221.94,17,560,0.17,Quintana Roo,Economic,High Risk
7610,Débora Gloria Nevárez,48,126.45,4,546,0.43,Baja California Sur,Economic,High Risk
7611,Inés Pedraza Sanabria,36,383.38,10,546,0.41,Veracruz de Ignacio de la Llave,Economic,High Risk
7612,Rodrigo Elias Carreón Mascareñas,36,184.83,3,511,0.51,Chihuahua,Economic,High Risk
7613,Ilse Delia Ayala López,59,105.24,21,623,0.13,Tamaulipas,Economic,High Risk
7614,Frida Alicia Luevano,57,185.21,9,585,0.15,Zacatecas,Economic,High Risk
7615,Lic. Gerónimo Manzanares,29,148.35,6,550,0.13,Baja California,Economic,High Risk
7616,Ramón Murillo Marroquín,56,385.32,23,517,0.19,Hidalgo,Economic,High Risk
7617,Elena Gaitán Rael,65,154.49,1,677,0.31,Yucatán,Economic,Medium Risk
7618,Rosalia Casas,41,225.66,21,662,0.56,Nayarit,Economic,Medium Risk
7619,Zeferino Velázquez Frías,65,166.91,38,526,0.22,Baja California,Economic,High Risk
7620,Aurora Lourdes Colunga Huerta,49,320.48,3,520,0.28,Baja California Sur,Economic,High Risk
7621,Sra. Ofelia de la Crúz,64,196.48,45,610,0.17,Tamaulipas,Economic,High Risk
7622,Gilberto Emiliano Ornelas,39,187.94,2,633,0.23,Yucatán,Economic,High Risk
7623,Mauro Ocasio Escobedo,70,223.45,38,503,0.37,Colima,Economic,High Risk
7624,Bernabé Fierro Herrera,36,193.89,4,674,0.1,Tlaxcala,Economic,Medium Risk
7625,Dr. Felipe Miramontes,45,151.82,7,508,0.54,México,Economic,High Risk
7626,Jonás Soria Vásquez,59,246.99,10,657,0.19,Distrito Federal,Economic,Medium Risk
7627,Modesto Zambrano,26,306.2,1,679,0.48,Hidalgo,Economic,Medium Risk
7628,Jerónimo Humberto Núñez,24,135.12,2,640,0.54,Jalisco,Economic,High Risk
7629,Estela Lebrón,48,206.62,23,671,0.59,Puebla,Economic,Medium Risk
7630,Dra. Estela Mercado,68,364.95,32,563,0.12,Guerrero,Economic,High Risk
7631,Ana María Elena Sandoval,31,119.19,0,599,0.15,Nuevo León,Economic,High Risk
7632,Rubén Solorzano Hinojosa,49,378.12,2,605,0.48,Tamaulipas,Economic,High Risk
7633,Leticia Alta  Gracia Aguilar Sierra,36,171.37,0,654,0.28,Baja California Sur,Economic,Medium Risk
7634,Mercedes Ivonne Ávalos,62,79.64,17,644,0.16,Baja California Sur,Economic,High Risk
7635,Helena Arenas,31,77.99,7,591,0.54,México,Economic,High Risk
7636,Lucas Octavio Vera,24,371.84,0,559,0.49,Durango,Economic,High Risk
7637,Minerva Pantoja,25,314.23,0,622,0.32,Nayarit,Economic,High Risk
7638,Gerónimo Genaro Barrera Esparza,46,587.94,21,627,0.35,Jalisco,Economic,High Risk
7639,Adriana Yáñez Moreno,25,270.01,2,509,0.39,San Luis Potosí,Economic,High Risk
7640,Aurelio Modesto Rincón,54,309.47,7,565,0.41,Veracruz de Ignacio de la Llave,Economic,High Risk
7641,Samuel Riojas Armendáriz,28,770.71,1,642,0.23,Querétaro,Economic,High Risk
7642,Esther Pulido Franco,26,279.36,0,607,0.27,Tabasco,Economic,High Risk
7643,Daniela Herrera Jurado,66,189.55,6,557,0.47,Jalisco,Economic,High Risk
7644,Rosa Toledo,67,194.44,36,558,0.2,Guerrero,Economic,High Risk
7645,Lorenzo Gallegos,45,148.86,10,609,0.49,Oaxaca,Economic,High Risk
7646,María José Barbara Valenzuela,28,177.5,6,617,0.33,Tabasco,Economic,High Risk
7647,Jorge Casanova Fernández,26,134.3,1,577,0.16,Jalisco,Economic,High Risk
7648,Marcos Flórez,52,165.31,15,529,0.49,Sinaloa,Economic,High Risk
7649,Francisco Salvador Flórez,31,395.01,11,671,0.2,Morelos,Economic,Medium Risk
7650,Porfirio Gamboa,70,277.52,18,659,0.17,Colima,Economic,Medium Risk
7651,Sra. Teresa Feliciano,43,116.36,13,641,0.59,Guanajuato,Economic,High Risk
7652,Juan Juan Carlos Yáñez,63,197.65,38,618,0.13,Chihuahua,Economic,High Risk
7653,Sr. Reynaldo Quintana,31,47.51,0,674,0.46,Nuevo León,Economic,Medium Risk
7654,Lorena Montaño,49,193.7,21,631,0.27,Baja California,Economic,High Risk
7655,Santiago Ramón Bravo Pérez,31,196.84,6,552,0.29,Quintana Roo,Economic,High Risk
7656,Virginia Carla Zedillo Núñez,30,201.12,1,609,0.45,Colima,Economic,High Risk
7657,Carlota Berta Varela Godínez,57,581.12,20,671,0.19,Hidalgo,Economic,Medium Risk
7658,Camilo Horacio Morales Zelaya,62,128.07,36,675,0.5,Baja California Sur,Economic,Medium Risk
7659,Estela Citlali Ramón Quezada,63,326.95,6,515,0.58,Baja California,Economic,High Risk
7660,Pablo Evelio Castillo Valdivia,34,245.18,6,645,0.31,Querétaro,Economic,High Risk
7661,Gerónimo Ángel Montemayor Correa,24,187.19,0,618,0.37,Hidalgo,Economic,High Risk
7662,Sr. Gerónimo Rosas,65,256.85,1,637,0.28,Aguascalientes,Economic,High Risk
7663,Isabela Reina Becerra,68,210.71,19,632,0.41,Chihuahua,Economic,High Risk
7664,Dr. Leonardo Romero,24,743.85,0,573,0.39,Tlaxcala,Economic,High Risk
7665,Genaro Rodolfo Villa,39,128.71,11,663,0.28,Michoacán de Ocampo,Economic,Medium Risk
7666,Dr. Camilo Rojas,22,409.9,0,578,0.51,Puebla,Economic,High Risk
7667,César José María Montes León,23,158.43,0,556,0.36,San Luis Potosí,Economic,High Risk
7668,Óscar Anguiano,22,141.45,0,578,0.53,Tabasco,Economic,High Risk
7669,Caridad Marisol Padrón,42,247.51,11,571,0.36,Distrito Federal,Economic,High Risk
7670,Adán Rafaél Gollum Rodríquez,70,195.4,7,554,0.46,Oaxaca,Economic,High Risk
7671,Hugo Bahena,34,460.11,2,567,0.48,Durango,Economic,High Risk
7672,Héctor Téllez Benavídez,47,522.84,21,553,0.14,Chiapas,Economic,High Risk
7673,Octavio Ortega,59,161.96,2,556,0.6,Guanajuato,Economic,High Risk
7674,Nayeli Ana María Saldaña Pabón,26,188.28,4,655,0.41,Hidalgo,Economic,Medium Risk
7675,David Vega Henríquez,50,289.2,7,551,0.41,Baja California Sur,Economic,High Risk
7676,Ing. Úrsula Chacón,61,153.88,11,656,0.34,Baja California Sur,Economic,Medium Risk
7677,Rodrigo Alejandro Amador,65,281.62,13,512,0.26,San Luis Potosí,Economic,High Risk
7678,Benjamín David Ríos Montero,44,318.9,8,667,0.45,Morelos,Economic,Medium Risk
7679,Jorge Anaya Ruiz,51,140.33,28,614,0.18,Colima,Economic,High Risk
7680,Enrique Villanueva Vélez,50,207.14,9,631,0.43,Quintana Roo,Economic,High Risk
7681,Claudio Enríquez Villaseñor,52,170.54,26,578,0.56,Morelos,Economic,High Risk
7682,Dr. Santiago Puga,55,132.0,4,505,0.57,Guanajuato,Economic,High Risk
7683,Jos Cazares,65,327.72,20,527,0.37,Coahuila de Zaragoza,Economic,High Risk
7684,Renato Carlos Valdés Lucero,45,306.81,5,519,0.48,San Luis Potosí,Economic,High Risk
7685,Angélica Soledad Fajardo Montalvo,51,156.05,3,660,0.51,Yucatán,Economic,Medium Risk
7686,Amalia Dulce Arguello Preciado,34,228.99,1,557,0.25,Chiapas,Economic,High Risk
7687,Daniela Granado,36,226.93,2,631,0.28,Jalisco,Economic,High Risk
7688,Isabela Berta Alejandro Galarza,23,463.09,0,532,0.38,Chiapas,Economic,High Risk
7689,Luis Manuel Negrete,70,208.01,49,525,0.43,San Luis Potosí,Economic,High Risk
7690,Dr. Marcos Armendáriz,67,86.12,27,578,0.4,Chihuahua,Economic,High Risk
7691,Arturo José María Terrazas Zavala,43,386.49,0,640,0.53,Oaxaca,Economic,High Risk
7692,Camilo Guajardo,60,205.45,26,662,0.13,Durango,Economic,Medium Risk
7693,Delia Razo Covarrubias,32,98.33,10,539,0.22,Tlaxcala,Economic,High Risk
7694,Ramiro Andrés Mascareñas,70,367.74,12,668,0.16,Zacatecas,Economic,Medium Risk
7695,Rafaél Marcos Aranda,30,173.81,1,581,0.3,Oaxaca,Economic,High Risk
7696,Eric Pablo Romo,55,286.22,30,503,0.37,Yucatán,Economic,High Risk
7697,Enrique Andrés Paredes,40,228.41,0,507,0.5,Michoacán de Ocampo,Economic,High Risk
7698,Dra. Pilar Ballesteros,67,287.17,25,593,0.31,Baja California,Economic,High Risk
7699,Srita. Dulce Ávila,41,216.45,0,649,0.39,Quintana Roo,Economic,High Risk
7700,Verónica Georgina Solano,53,86.94,1,545,0.19,Sonora,Economic,High Risk
7701,Yeni Nelly Maldonado,31,418.56,9,536,0.52,Colima,Economic,High Risk
7702,María Luisa Paredes,37,294.79,13,503,0.16,Zacatecas,Economic,High Risk
7703,Irma Ofelia Cordero,61,361.45,15,617,0.28,Sonora,Economic,High Risk
7704,Patricia Rebeca Acosta Anaya,66,185.9,1,551,0.11,Chiapas,Economic,High Risk
7705,Santiago Timoteo Jaramillo,51,173.84,8,550,0.55,Tlaxcala,Economic,High Risk
7706,Indira Molina,50,128.38,13,556,0.12,Tamaulipas,Economic,High Risk
7707,Diego Teodoro Verdugo,64,282.08,20,592,0.23,Veracruz de Ignacio de la Llave,Economic,High Risk
7708,Ing. Humberto Quiñones,64,314.5,0,581,0.39,Tamaulipas,Economic,High Risk
7709,Sonia Guzmán,52,190.7,3,569,0.52,Guanajuato,Economic,High Risk
7710,Josefina Lilia Preciado Abreu,40,249.53,0,515,0.31,Coahuila de Zaragoza,Economic,High Risk
7711,Dra. Diana Rolón,56,193.36,0,550,0.57,Tlaxcala,Economic,High Risk
7712,Ramón José María Colón,54,232.27,25,547,0.12,Chiapas,Economic,High Risk
7713,Marcela Garica,46,289.9,24,523,0.5,Quintana Roo,Economic,High Risk
7714,Pilar Mariana de la Garza Sepúlveda,42,78.62,15,558,0.58,Oaxaca,Economic,High Risk
7715,Gabriela Solís,63,172.44,23,628,0.23,Coahuila de Zaragoza,Economic,High Risk
7716,Homero Gustavo Zayas Romo,27,303.29,0,617,0.43,Zacatecas,Economic,High Risk
7717,Marcela Limón,60,238.14,10,512,0.17,Distrito Federal,Economic,High Risk
7718,Carolina Lilia Toro Soria,61,166.77,5,653,0.58,Hidalgo,Economic,Medium Risk
7719,Amelia Socorro Santillán Avilés,58,179.52,22,595,0.54,Nuevo León,Economic,High Risk
7720,Natividad Rosalia Medrano,61,173.71,21,535,0.33,Morelos,Economic,High Risk
7721,Lic. José Carlos Covarrubias,41,98.31,9,629,0.19,Tabasco,Economic,High Risk
7722,Hermelinda Sonia Casas,65,250.62,3,537,0.41,Guanajuato,Economic,High Risk
7723,Jos Laboy,56,679.93,16,506,0.27,Tamaulipas,Economic,High Risk
7724,Violeta Linda Bahena,22,313.83,0,651,0.13,Oaxaca,Economic,Medium Risk
7725,Ing. Sonia Lira,46,336.65,28,673,0.33,Tamaulipas,Economic,Medium Risk
7726,Carla Emilia Quintana Quesada,64,231.19,7,572,0.16,Michoacán de Ocampo,Economic,High Risk
7727,Bianca Rendón,25,174.46,0,650,0.58,Coahuila de Zaragoza,Economic,Medium Risk
7728,Alma Ivonne Urías Holguín,57,274.61,25,672,0.23,Hidalgo,Economic,Medium Risk
7729,Ing. Amador Velázquez,54,157.65,5,546,0.41,Colima,Economic,High Risk
7730,Francisco Frías Méndez,63,378.57,19,569,0.53,Querétaro,Economic,High Risk
7731,Julio Cortez Tello,61,,16,575,0.5,Baja California Sur,Economic,High Risk
7732,Martha Sanches,51,325.62,15,524,0.35,Sinaloa,Economic,High Risk
7733,Lilia Isabel Ontiveros,35,273.46,10,584,0.44,Sinaloa,Economic,High Risk
7734,Socorro Méndez Rojo,26,300.52,1,580,0.33,Tlaxcala,Economic,High Risk
7735,Héctor Trejo Montero,36,244.55,12,522,0.12,Campeche,Economic,High Risk
7736,Daniela Raya Irizarry,49,283.27,23,656,0.45,Durango,Economic,Medium Risk
7737,Emilio Olivo Ruelas,33,353.44,6,506,0.5,San Luis Potosí,Economic,High Risk
7738,Mariana Anel Godoy,62,143.76,17,545,0.26,Chihuahua,Economic,High Risk
7739,Lic. Flavio de Anda,44,263.4,15,549,0.1,Hidalgo,Economic,High Risk
7740,Mariano Valdivia Ayala,61,412.35,8,642,0.51,Querétaro,Economic,High Risk
7741,Blanca Wendolin Hernandes,61,158.25,17,671,0.21,Hidalgo,Economic,Medium Risk
7742,Raúl Ángel Casárez Samaniego,43,184.77,9,556,0.58,Morelos,Economic,High Risk
7743,Victoria Peres Delgadillo,64,215.86,13,653,0.42,Morelos,Economic,Medium Risk
7744,Frida Escobar Soliz,35,167.27,4,616,0.17,Baja California,Economic,High Risk
7745,Lic. María Cristina Altamirano,29,360.36,4,532,0.18,México,Economic,High Risk
7746,Ing. Alberto Alva,51,208.02,2,516,0.57,Querétaro,Economic,High Risk
7747,Delia Guajardo,28,187.78,4,532,0.3,Guanajuato,Economic,High Risk
7748,David Lozada,42,198.68,14,670,0.24,Nayarit,Economic,Medium Risk
7749,Federico Guillermo Haro Leal,34,294.63,8,610,0.35,Jalisco,Economic,High Risk
7750,Estela López Prado,45,270.2,16,527,0.35,Chihuahua,Economic,High Risk
7751,Teodoro Armendáriz Contreras,60,139.5,14,501,0.32,Morelos,Economic,High Risk
7752,Sra. Sara Delgado,67,175.13,29,665,0.54,Yucatán,Economic,Medium Risk
7753,Virginia Páez Nevárez,56,93.17,34,607,0.22,Nayarit,Economic,High Risk
7754,Ramón Escalante,48,196.66,4,523,0.41,México,Economic,High Risk
7755,Hernán Raya,43,515.53,10,527,0.29,Hidalgo,Economic,High Risk
7756,Isabela Valadez,30,214.44,1,577,0.38,Campeche,Economic,High Risk
7757,Francisco Javier Sauceda Toledo,28,224.84,2,629,0.47,Tamaulipas,Economic,High Risk
7758,Amalia Estefanía Candelaria,22,88.84,0,560,0.48,Baja California,Economic,High Risk
7759,Sr. José María Escobar,58,87.72,31,615,0.17,Tabasco,Economic,High Risk
7760,Luisa Eugenia Terán Domínguez,39,316.66,9,623,0.35,Campeche,Economic,High Risk
7761,Gregorio Jos Urrutia Muro,37,185.78,6,549,0.13,Guanajuato,Economic,High Risk
7762,Luisa Helena Peña,21,368.72,0,544,0.33,Baja California,Economic,High Risk
7763,Lucas Romero,50,239.87,24,562,0.17,Distrito Federal,Economic,High Risk
7764,Eric Armando Girón,49,202.34,11,571,0.19,Durango,Economic,High Risk
7765,Sra. Ruby Guzmán,53,140.06,3,531,0.16,Colima,Economic,High Risk
7766,Lucía de la O Armas,48,239.42,26,614,0.28,Morelos,Economic,High Risk
7767,Amanda Salazar,27,326.28,0,672,0.37,Coahuila de Zaragoza,Economic,Medium Risk
7768,Ing. Lorenzo Montenegro,44,235.53,12,616,0.56,Hidalgo,Economic,High Risk
7769,Gregorio Rangel Olivera,36,170.5,6,551,0.49,Baja California,Economic,High Risk
7770,Conchita Marcela Corral Paz,62,146.21,21,604,0.3,Tabasco,Economic,High Risk
7771,Benjamín Aldo de la O,37,235.88,10,657,0.26,Chiapas,Economic,Medium Risk
7772,Yolanda Salgado,52,188.84,11,579,0.58,Hidalgo,Economic,High Risk
7773,Rafaél Miguel Ángel Bétancourt de la Garza,60,593.84,7,614,0.59,Chihuahua,Economic,High Risk
7774,Sr. Antonio Terán,44,165.06,17,618,0.32,Tabasco,Economic,High Risk
7775,José Luis Murillo,23,222.13,1,508,0.46,Aguascalientes,Economic,High Risk
7776,Francisca Luisa Villaseñor,34,189.53,2,570,0.54,Nuevo León,Economic,High Risk
7777,Lic. Abelardo Rodríquez,38,186.84,12,640,0.36,Baja California Sur,Economic,High Risk
7778,Sra. Yuridia Calvillo,48,266.98,11,678,0.41,San Luis Potosí,Economic,Medium Risk
7779,Gabriela Lorena Rosales,22,,0,635,0.32,Quintana Roo,Economic,High Risk
7780,Sra. Aurora Urías,34,330.68,4,596,0.11,Tamaulipas,Economic,High Risk
7781,Karla Soledad Meraz Ceballos,51,198.12,22,601,0.57,Chihuahua,Economic,High Risk
7782,Leonor Méndez Delgadillo,42,368.6,3,524,0.19,Chiapas,Economic,High Risk
7783,Antonia Salma Porras,28,242.98,3,590,0.33,Zacatecas,Economic,High Risk
7784,Benito Rafaél Borrego Mascareñas,63,146.41,17,516,0.43,Sinaloa,Economic,High Risk
7785,Sr. Augusto Salas,48,158.36,23,652,0.46,Veracruz de Ignacio de la Llave,Economic,Medium Risk
7786,Dr. Marco Antonio Prado,61,247.33,13,646,0.19,Guerrero,Economic,High Risk
7787,Pascual Armando Chavarría,45,205.26,18,634,0.23,Chiapas,Economic,High Risk
7788,Mariana Vargas Peralta,67,368.92,30,629,0.28,Baja California Sur,Economic,High Risk
7789,Augusto Juan Carrasco Acevedo,39,649.12,4,598,0.55,Morelos,Economic,High Risk
7790,Adela Elsa Valles,51,158.61,29,657,0.15,Nuevo León,Economic,Medium Risk
7791,Sergio Maximiliano Rojas Arce,59,173.5,15,552,0.16,Yucatán,Economic,High Risk
7792,Alonso Zacarías Cordero,50,164.56,16,593,0.29,Baja California,Economic,High Risk
7793,Esperanza Magdalena Páez,27,327.62,1,652,0.48,Zacatecas,Economic,Medium Risk
7794,Dra. Ángela Centeno,48,149.0,22,570,0.19,Quintana Roo,Economic,High Risk
7795,Sra. Claudia Cazares,61,,10,579,0.35,Durango,Economic,High Risk
7796,Juan Carlos Avilés,50,104.46,14,537,0.35,Tamaulipas,Economic,High Risk
7797,Roberto Isaac Rosales,32,335.42,13,640,0.4,Nayarit,Economic,High Risk
7798,Josefina Olivera,66,202.15,31,680,0.16,Guerrero,Economic,Medium Risk
7799,Hernán Zayas,39,164.4,5,641,0.34,Aguascalientes,Economic,High Risk
7800,Ricardo Raya,38,398.41,12,606,0.3,Michoacán de Ocampo,Economic,High Risk
7801,Virginia Espinal,24,150.62,0,655,0.37,Morelos,Economic,Medium Risk
7802,Andrés Tomás Roybal,49,173.22,8,630,0.48,Nayarit,Economic,High Risk
7803,Abraham Espartaco Botello,46,191.03,9,618,0.41,Tabasco,Economic,High Risk
7804,Porfirio Valle Montemayor,64,225.11,33,614,0.28,Nayarit,Economic,High Risk
7805,Srita. Alejandra Aponte,22,167.91,2,618,0.42,Tabasco,Economic,High Risk
7806,Sara Llamas Bahena,51,342.81,20,595,0.15,Aguascalientes,Economic,High Risk
7807,Jesús Casares Ceja,43,313.44,5,634,0.42,Veracruz de Ignacio de la Llave,Economic,High Risk
7808,Humberto Soria,31,78.61,7,642,0.21,Sinaloa,Economic,High Risk
7809,Sra. Abigail Medina,55,160.93,8,525,0.31,Quintana Roo,Economic,High Risk
7810,Susana Martínez Collazo,29,430.52,4,638,0.47,Quintana Roo,Economic,High Risk
7811,Adán Mauro Martínez Sevilla,58,209.13,21,506,0.42,Sinaloa,Economic,High Risk
7812,René Barrios Garibay,31,254.65,2,667,0.27,Chihuahua,Economic,Medium Risk
7813,Zeferino López,50,105.37,23,668,0.38,Chiapas,Economic,Medium Risk
7814,Eric Eugenio Herrera,50,115.78,4,619,0.46,Yucatán,Economic,High Risk
7815,Carmen Rosa Aguilera Gálvez,38,186.25,5,597,0.5,Tamaulipas,Economic,High Risk
7816,Bernardo Óliver Carranza,59,185.2,33,509,0.45,Campeche,Economic,High Risk
7817,Dra. Minerva Galarza,44,460.03,23,503,0.34,Quintana Roo,Economic,High Risk
7818,Serafín Peralta Espinoza,21,149.94,1,653,0.57,Coahuila de Zaragoza,Economic,Medium Risk
7819,Esteban José Emilio Melgar,37,237.41,2,602,0.56,Tlaxcala,Economic,High Risk
7820,Lourdes María José Melgar,51,297.99,16,536,0.26,Puebla,Economic,High Risk
7821,Alma Limón Abreu,27,270.93,0,601,0.19,Quintana Roo,Economic,High Risk
7822,Pedro Mota,42,170.92,18,570,0.1,Sinaloa,Economic,High Risk
7823,Úrsula Citlali Ceballos Rosales,48,353.38,22,672,0.54,Baja California Sur,Economic,Medium Risk
7824,Dra. Angélica Loera,25,128.63,0,641,0.38,Nuevo León,Economic,High Risk
7825,Lic. Juan Carlos Urrutia,65,151.03,30,632,0.31,Durango,Economic,High Risk
7826,Felix José María Villaseñor Pabón,24,153.22,0,565,0.23,Guanajuato,Economic,High Risk
7827,Lourdes María José Gurule Guzmán,66,148.59,34,534,0.44,Guerrero,Economic,High Risk
7828,Lic. Fernando Macías,37,,16,670,0.23,Tamaulipas,Economic,Medium Risk
7829,Olivia Galarza Velásquez,67,161.53,38,535,0.37,Morelos,Economic,High Risk
7830,Ana Luisa Amelia Reséndez,25,196.34,3,643,0.5,Tamaulipas,Economic,High Risk
7831,Raúl Gonzalo Romero Carranza,34,367.1,7,514,0.26,Durango,Economic,High Risk
7832,Lic. Clemente Guerrero,50,,19,571,0.13,Jalisco,Economic,High Risk
7833,José Emilio Mercado Villagómez,30,337.57,1,581,0.43,Querétaro,Economic,High Risk
7834,Dr. Porfirio Melgar,45,322.87,8,670,0.26,México,Economic,Medium Risk
7835,Genaro Germán Olivas,33,231.31,1,512,0.55,Querétaro,Economic,High Risk
7836,Srita. Fabiola Coronado,56,289.07,33,571,0.31,Guanajuato,Economic,High Risk
7837,Daniela Villegas,56,170.17,37,611,0.38,Tabasco,Economic,High Risk
7838,Antonio Romo,61,298.22,27,535,0.16,México,Economic,High Risk
7839,Alvaro Israel Suárez,54,432.18,25,525,0.2,Aguascalientes,Economic,High Risk
7840,Manuel Miguel Ángel Montañez Briseño,65,525.11,16,633,0.31,Nuevo León,Economic,High Risk
7841,Dra. Judith Rosales,62,342.96,17,513,0.23,Zacatecas,Economic,High Risk
7842,Eric Galarza Ornelas,31,518.34,2,628,0.12,Tamaulipas,Economic,High Risk
7843,Renato Patiño Cintrón,65,559.77,18,651,0.19,Chihuahua,Economic,Medium Risk
7844,Bianca Reina Montoya Montoya,65,129.94,32,508,0.28,Tlaxcala,Economic,High Risk
7845,Irene Rivero,56,153.64,11,562,0.11,Chihuahua,Economic,High Risk
7846,José Luis Canales Hernandes,52,156.97,13,535,0.34,Tabasco,Economic,High Risk
7847,Serafín Vela Rubio,51,500.52,3,544,0.4,Nuevo León,Economic,High Risk
7848,Anel Casárez Benítez,63,152.85,18,573,0.49,Sinaloa,Economic,High Risk
7849,Nayeli Verduzco Martínez,44,202.09,5,647,0.5,Chiapas,Economic,High Risk
7850,Espartaco Santacruz Cano,31,177.8,4,638,0.57,Chihuahua,Economic,High Risk
7851,Lic. Clara Alcaraz,31,666.12,3,663,0.53,Querétaro,Economic,Medium Risk
7852,Esteban Ojeda Delgado,23,260.65,0,609,0.6,Baja California Sur,Economic,High Risk
7853,Ofelia Estela Llamas Osorio,45,215.4,11,536,0.19,Zacatecas,Economic,High Risk
7854,Sra. Martha Torres,68,165.87,2,544,0.59,Veracruz de Ignacio de la Llave,Economic,High Risk
7855,Gilberto Emiliano Quezada del Río,28,180.85,6,551,0.4,Baja California,Economic,High Risk
7856,Sra. Itzel Portillo,29,187.92,2,587,0.36,Querétaro,Economic,High Risk
7857,Luz Godoy,25,310.14,4,567,0.2,Chiapas,Economic,High Risk
7858,Amanda Emilia Mascareñas,31,383.6,3,562,0.44,San Luis Potosí,Economic,High Risk
7859,Cristobal Samuel Farías,30,80.3,3,516,0.19,Morelos,Economic,High Risk
7860,Ing. Timoteo Cordero,24,177.48,0,546,0.18,Tlaxcala,Economic,High Risk
7861,Srita. Elvira Villarreal,68,155.05,40,667,0.32,Zacatecas,Economic,Medium Risk
7862,Eugenio Mauricio Amaya Aponte,68,157.37,15,542,0.22,Nuevo León,Economic,High Risk
7863,Sessa Salinas Roldán,32,550.62,10,598,0.38,Tlaxcala,Economic,High Risk
7864,Javier Maximiliano Madrigal Sosa,50,321.42,12,588,0.4,Chiapas,Economic,High Risk
7865,Luis Miguel Treviño Correa,61,186.73,18,524,0.16,Chiapas,Economic,High Risk
7866,Aurelio Gonzalo Figueroa,31,156.89,9,583,0.3,Campeche,Economic,High Risk
7867,Irma Elvia Baeza Briones,50,293.18,21,511,0.46,Baja California,Economic,High Risk
7868,Ana María Débora Barrera,21,208.14,0,668,0.12,Morelos,Economic,Medium Risk
7869,Dr. Ernesto Treviño,58,321.84,33,505,0.39,Tamaulipas,Economic,High Risk
7870,Micaela Sessa Reyes,32,274.8,2,679,0.31,Chihuahua,Economic,Medium Risk
7871,Gilberto Cristian Cotto,66,352.64,41,546,0.34,Sinaloa,Economic,High Risk
7872,Gerónimo Valencia,67,156.86,26,613,0.47,Coahuila de Zaragoza,Economic,High Risk
7873,Agustín Sotelo Ríos,40,174.53,14,563,0.16,Nayarit,Economic,High Risk
7874,Frida María José Amaya,40,74.53,8,521,0.32,Veracruz de Ignacio de la Llave,Economic,High Risk
7875,Lic. Nadia Miranda,48,325.65,0,573,0.57,Querétaro,Economic,High Risk
7876,María Cristina Rico,57,148.58,3,612,0.47,Tabasco,Economic,High Risk
7877,Dolores Montero,56,230.53,33,622,0.52,Tamaulipas,Economic,High Risk
7878,Octavio Zaragoza Llamas,66,250.37,0,544,0.25,Zacatecas,Economic,High Risk
7879,Rosario Rebeca Feliciano,44,325.79,15,624,0.43,Querétaro,Economic,High Risk
7880,Barbara Corrales,52,156.87,32,570,0.35,Zacatecas,Economic,High Risk
7881,Ing. Rubén Cotto,35,137.74,16,628,0.33,México,Economic,High Risk
7882,Abigail Trinidad Mascareñas Carrasco,38,163.36,8,634,0.59,Yucatán,Economic,High Risk
7883,Carlota Saiz,60,210.64,6,652,0.4,Quintana Roo,Economic,Medium Risk
7884,Genaro Iván Vera Sepúlveda,56,470.94,0,579,0.54,Sonora,Economic,High Risk
7885,Daniela Espinal Heredia,50,,15,594,0.15,Sinaloa,Economic,High Risk
7886,Dr. Fidel Esquibel,53,454.53,25,565,0.19,San Luis Potosí,Economic,High Risk
7887,Dr. Nicolás Gil,44,432.38,10,624,0.44,Oaxaca,Economic,High Risk
7888,Cristal Lozano,65,182.57,14,516,0.11,Puebla,Economic,High Risk
7889,Daniel Segovia Burgos,21,188.94,0,556,0.48,Aguascalientes,Economic,High Risk
7890,Carlota Ilse Sotelo Ruiz,68,433.82,16,524,0.33,Yucatán,Economic,High Risk
7891,Camilo Prado,49,352.25,12,666,0.4,Distrito Federal,Economic,Medium Risk
7892,Aurelio Mario Paz,56,185.44,30,617,0.25,San Luis Potosí,Economic,High Risk
7893,Guillermo Uriel Meléndez Brito,40,177.19,8,634,0.13,Tlaxcala,Economic,High Risk
7894,Nicolás Alvaro Mares Alvarez,33,147.0,7,570,0.23,Morelos,Economic,High Risk
7895,Bianca Mendoza Espinoza,48,146.27,6,603,0.43,Coahuila de Zaragoza,Economic,High Risk
7896,Sra. Yeni Matos,54,224.92,18,549,0.56,Puebla,Economic,High Risk
7897,Zacarías Lucas Sepúlveda Archuleta,38,199.66,14,629,0.17,Chihuahua,Economic,High Risk
7898,Frida Acuña Solís,37,204.7,0,586,0.6,Sonora,Economic,High Risk
7899,Hugo Clemente Lomeli,68,308.66,33,630,0.28,Colima,Economic,High Risk
7900,Bernardo Hernán García,40,105.05,13,611,0.38,Quintana Roo,Economic,High Risk
7901,Ing. Magdalena Rodarte,54,135.27,12,637,0.36,Baja California Sur,Economic,High Risk
7902,Lorenzo Renato Nava Armendáriz,51,179.55,15,629,0.21,Tlaxcala,Economic,High Risk
7903,Dr. Rodolfo Badillo,41,209.08,4,645,0.37,Tamaulipas,Economic,High Risk
7904,Conchita Oquendo Barrios,65,232.29,15,535,0.1,Querétaro,Economic,High Risk
7905,Yolanda Inés Palomino Colón,27,208.96,1,547,0.36,Guanajuato,Economic,High Risk
7906,Caridad Soria Herrera,64,292.98,15,609,0.26,Michoacán de Ocampo,Economic,High Risk
7907,Juan Matos,68,273.14,48,662,0.34,Nayarit,Economic,Medium Risk
7908,María Ana Luisa López,32,208.22,3,549,0.23,Chiapas,Economic,High Risk
7909,Zoé Arellano,39,234.96,9,620,0.41,Campeche,Economic,High Risk
7910,Mario Mateo Velázquez,70,100.24,50,673,0.17,Guerrero,Economic,Medium Risk
7911,Lic. Estela Urrutia,24,157.62,2,500,0.26,Baja California,Economic,High Risk
7912,Silvia Carmen Santana,22,126.65,0,535,0.21,Morelos,Economic,High Risk
7913,Débora Guillermina Gaytán Candelaria,63,174.18,37,621,0.18,Zacatecas,Economic,High Risk
7914,Silvia Luz Valverde,68,193.7,27,512,0.57,Aguascalientes,Economic,High Risk
7915,Diana Peralta Zúñiga,32,115.74,10,651,0.56,San Luis Potosí,Economic,Medium Risk
7916,Lic. Bernabé Ordóñez,40,418.9,14,650,0.29,San Luis Potosí,Economic,Medium Risk
7917,Bianca Arcelia Flores,23,151.32,1,506,0.6,Sinaloa,Economic,High Risk
7918,Jorge Luis Nicolás Cadena,49,287.24,24,584,0.31,Yucatán,Economic,High Risk
7919,Ing. Juana Fonseca,29,233.98,3,545,0.36,México,Economic,High Risk
7920,Antonio Palomino Rosado,60,122.93,14,677,0.49,Querétaro,Economic,Medium Risk
7921,Ing. Abril Menéndez,38,236.97,1,637,0.43,Campeche,Economic,High Risk
7922,Srita. Nancy Cotto,61,378.61,24,543,0.12,San Luis Potosí,Economic,High Risk
7923,Emilia Molina Barela,70,285.65,38,622,0.17,Coahuila de Zaragoza,Economic,High Risk
7924,Laura Montañez,22,285.39,0,543,0.17,Guanajuato,Economic,High Risk
7925,Julio César Oswaldo de la Fuente,45,467.98,9,634,0.47,Chihuahua,Economic,High Risk
7926,Dra. María Cristina Muñoz,28,131.07,5,540,0.18,Morelos,Economic,High Risk
7927,Rodrigo Guillen,64,390.79,27,603,0.23,Guanajuato,Economic,High Risk
7928,Samuel Madrid,59,165.7,17,674,0.57,Hidalgo,Economic,Medium Risk
7929,Ignacio Adán Ortiz,68,157.61,25,650,0.52,Quintana Roo,Economic,Medium Risk
7930,Jerónimo Garza,33,165.93,7,579,0.22,Guerrero,Economic,High Risk
7931,Dr. Luis Manuel Palacios,54,176.81,24,660,0.39,Michoacán de Ocampo,Economic,Medium Risk
7932,Óscar Abelardo Quintana Ponce,59,277.73,28,613,0.44,Baja California Sur,Economic,High Risk
7933,Daniel Peralta,68,155.28,9,615,0.31,Colima,Economic,High Risk
7934,Ing. Lilia Montoya,65,425.72,2,591,0.29,Tlaxcala,Economic,High Risk
7935,Alberto Villareal Fonseca,27,378.28,2,539,0.19,Guanajuato,Economic,High Risk
7936,Aurelio Flores,36,163.74,5,504,0.51,Tabasco,Economic,High Risk
7937,Isabel Peña Leyva,30,219.08,2,531,0.2,Durango,Economic,High Risk
7938,Ilse Juana Saucedo,48,257.34,6,639,0.41,Tlaxcala,Economic,High Risk
7939,Mayte María del Carmen Estévez,27,325.0,1,593,0.53,Nuevo León,Economic,High Risk
7940,Bruno Grijalva Puga,53,80.04,25,579,0.59,Durango,Economic,High Risk
7941,Rodolfo Briones Posada,60,221.45,13,640,0.2,Zacatecas,Economic,High Risk
7942,Alonso Guzmán,37,133.52,1,627,0.52,Jalisco,Economic,High Risk
7943,Benjamín Lorenzo Tijerina Miramontes,22,142.55,1,568,0.21,Zacatecas,Economic,High Risk
7944,Teresa Arroyo Guardado,56,232.17,17,653,0.26,Guanajuato,Economic,Medium Risk
7945,Srita. Nancy Mota,51,186.19,7,535,0.38,Coahuila de Zaragoza,Economic,High Risk
7946,Hugo Oswaldo Galván,39,187.62,3,553,0.25,San Luis Potosí,Economic,High Risk
7947,Adán José Carlos Rodríquez de la Fuente,48,260.35,0,594,0.47,Baja California,Economic,High Risk
7948,Sra. Georgina Arguello,50,161.62,20,580,0.51,Zacatecas,Economic,High Risk
7949,Diego Martín Barreto Abrego,61,257.99,37,615,0.41,Sonora,Economic,High Risk
7950,Gilberto Rafaél Portillo Barela,21,242.62,1,519,0.28,Michoacán de Ocampo,Economic,High Risk
7951,Lourdes Cervántez Villarreal,39,223.5,4,572,0.3,Nuevo León,Economic,High Risk
7952,Alma Silvia Valverde,28,258.96,5,646,0.1,Baja California,Economic,High Risk
7953,Carla Dalia Garza Orellana,22,582.51,0,567,0.18,Colima,Economic,High Risk
7954,Jacobo Gracia,55,235.4,34,545,0.3,Guerrero,Economic,High Risk
7955,Ruby Estefanía Jimínez Mayorga,26,104.47,1,506,0.32,Colima,Economic,High Risk
7956,Dr. Marcos Camarillo,68,316.5,30,671,0.23,Quintana Roo,Economic,Medium Risk
7957,Sr. Pascual Carranza,44,360.05,19,627,0.37,Jalisco,Economic,High Risk
7958,Zeferino Cornelio Irizarry Leiva,38,287.46,13,516,0.57,Colima,Economic,High Risk
7959,Andrés Casas Valdés,60,222.08,2,637,0.47,Zacatecas,Economic,High Risk
7960,Silvano de Jesús,24,131.02,3,510,0.46,Hidalgo,Economic,High Risk
7961,Patricio Óliver Farías Palomo,57,425.37,32,644,0.45,Zacatecas,Economic,High Risk
7962,Reynaldo Eloy Henríquez,60,146.74,27,603,0.48,Yucatán,Economic,High Risk
7963,María Luisa Dulce Sauceda,41,217.01,10,646,0.22,Durango,Economic,High Risk
7964,Gustavo Olivares Bernal,34,209.28,10,634,0.41,Chiapas,Economic,High Risk
7965,Mauro Eric Vallejo Gurule,39,147.24,12,610,0.42,Colima,Economic,High Risk
7966,Esther Durán Brito,33,165.63,4,540,0.4,Nayarit,Economic,High Risk
7967,Lic. Adán Barrientos,38,,10,595,0.24,Querétaro,Economic,High Risk
7968,Pascual Pablo Olivas Vaca,31,417.98,6,528,0.25,Sonora,Economic,High Risk
7969,Emilio Pantoja,29,391.36,1,542,0.53,San Luis Potosí,Economic,High Risk
7970,Vanesa María Eugenia Perales Nieves,38,62.07,10,602,0.33,Tlaxcala,Economic,High Risk
7971,Nelly Esmeralda Porras Garay,60,318.26,36,629,0.13,Tamaulipas,Economic,High Risk
7972,Sonia Lilia Limón,51,243.72,3,579,0.25,Michoacán de Ocampo,Economic,High Risk
7973,Raúl Martín Bahena Espinoza,37,263.49,12,526,0.37,Quintana Roo,Economic,High Risk
7974,Israel Jacobo Quintero,64,353.06,20,652,0.33,Coahuila de Zaragoza,Economic,Medium Risk
7975,Lic. Bianca Iglesias,57,212.13,35,659,0.18,Nayarit,Economic,Medium Risk
7976,Miguel Ángel Mateo Nevárez,49,508.82,27,662,0.35,Yucatán,Economic,Medium Risk
7977,Gabriela Osorio,25,254.46,5,662,0.29,Puebla,Economic,Medium Risk
7978,Ruby Arroyo Hurtado,50,346.34,14,573,0.3,Tlaxcala,Economic,High Risk
7979,Nayeli Apodaca Pabón,26,270.84,4,565,0.13,Baja California Sur,Economic,High Risk
7980,Tomás Mario Robledo,48,241.69,13,646,0.37,Zacatecas,Economic,High Risk
7981,Bernardo Carrión Cintrón,38,179.56,12,605,0.5,Baja California,Economic,High Risk
7982,Jacobo Crespo,28,124.39,2,506,0.23,Jalisco,Economic,High Risk
7983,Srita. Dalia Guillen,42,375.65,3,651,0.45,Nuevo León,Economic,Medium Risk
7984,Georgina Marín,66,258.79,34,594,0.21,Jalisco,Economic,High Risk
7985,Esteban Valdez Robledo,57,230.86,14,502,0.55,Baja California Sur,Economic,High Risk
7986,Camilo Soto Zúñiga,65,78.57,40,509,0.53,Coahuila de Zaragoza,Economic,High Risk
7987,Santiago Haro Rico,32,304.48,7,655,0.3,Tamaulipas,Economic,Medium Risk
7988,Ing. Anel Montañez,42,179.99,8,670,0.42,Guanajuato,Economic,Medium Risk
7989,Miguel Ángel Velázquez Santana,62,131.02,31,649,0.41,Nayarit,Economic,High Risk
7990,Berta Chacón Viera,41,181.11,4,598,0.19,Tlaxcala,Economic,High Risk
7991,Josefina Menchaca,39,297.26,19,680,0.57,Coahuila de Zaragoza,Economic,Medium Risk
7992,Daniela Isabela Salas,45,214.75,9,502,0.32,Baja California Sur,Economic,High Risk
7993,Sr. Modesto Guillen,27,231.93,1,508,0.5,Sinaloa,Economic,High Risk
7994,Julio Diego Farías Zaragoza,36,469.7,3,620,0.59,Tlaxcala,Economic,High Risk
7995,Aurora Fabiola Covarrubias,32,355.91,3,600,0.15,Guerrero,Economic,High Risk
7996,Ernesto Rocha,35,212.69,5,517,0.23,Yucatán,Economic,High Risk
7997,Marcela Vigil Sanabria,26,453.22,2,671,0.12,Puebla,Economic,Medium Risk
7998,Marcos Wilfrido Vallejo Bueno,53,281.06,19,644,0.26,Tamaulipas,Economic,High Risk
7999,Asunción Rivas Alarcón,66,241.77,41,540,0.22,Aguascalientes,Economic,High Risk
8000,Gonzalo Salvador Pineda,70,293.2,46,624,0.36,Baja California,Economic,High Risk
8001,Mario Israel Meléndez de la Fuente,51,155.47,32,546,0.13,Chihuahua,Economic,High Risk
8002,Felix Hernádez,31,252.46,0,599,0.2,Colima,Economic,High Risk
8003,Raúl Bétancourt Bueno,56,84.25,26,589,0.32,Colima,Economic,High Risk
8004,Sra. Alejandra Madera,53,277.74,23,562,0.45,Colima,Economic,High Risk
8005,Isabel Valles Hernandes,67,251.79,34,595,0.17,Tabasco,Economic,High Risk
8006,Abigail Irene Sánchez Corrales,69,250.2,8,566,0.19,Guanajuato,Economic,High Risk
8007,Samuel Concepción,37,331.9,9,652,0.14,Quintana Roo,Economic,Medium Risk
8008,Lic. Gonzalo Echeverría,69,327.55,47,506,0.26,Nayarit,Economic,High Risk
8009,Srita. Judith Villaseñor,56,268.42,1,505,0.13,Nuevo León,Economic,High Risk
8010,Gabriel Ángel Anguiano Piña,45,191.73,8,668,0.11,Oaxaca,Economic,Medium Risk
8011,Gustavo Rolando Cabán Villa,69,275.92,10,581,0.41,Querétaro,Economic,High Risk
8012,Cristian Cintrón,39,205.42,10,619,0.25,Morelos,Economic,High Risk
8013,Sr. Martín Alejandro,61,174.76,37,520,0.32,Yucatán,Economic,High Risk
8014,Aldonza Badillo,28,,10,650,0.24,Sonora,Economic,Medium Risk
8015,Yeni Antonia Pantoja,27,114.48,0,615,0.2,Morelos,Economic,High Risk
8016,Dulce María Celia Cepeda,26,192.91,0,672,0.24,Nayarit,Economic,Medium Risk
8017,Sr. Miguel Arellano,32,177.63,1,663,0.27,México,Economic,Medium Risk
8018,Jaime Parra Saucedo,22,297.86,0,668,0.34,Colima,Economic,Medium Risk
8019,Noelia Judith Cadena,27,349.06,3,508,0.11,Chiapas,Economic,High Risk
8020,José Magaña Pérez,61,149.08,38,646,0.48,Yucatán,Economic,High Risk
8021,Mariana León Rascón,42,223.26,24,660,0.24,Guanajuato,Economic,Medium Risk
8022,Barbara Úrsula de la Fuente de la Garza,32,354.33,8,550,0.39,Jalisco,Economic,High Risk
8023,Óscar Julio Rivera Roque,51,86.18,12,649,0.37,Puebla,Economic,High Risk
8024,Mario Terán Valdez,60,358.88,29,598,0.19,Morelos,Economic,High Risk
8025,Lilia Alejandra Mena,57,162.49,23,523,0.5,Colima,Economic,High Risk
8026,Elias Mesa,46,132.0,6,543,0.58,Hidalgo,Economic,High Risk
8027,Mariano Leiva Solorio,22,206.22,1,629,0.15,Chiapas,Economic,High Risk
8028,César Ángel Mateo,69,269.54,32,532,0.46,San Luis Potosí,Economic,High Risk
8029,Esmeralda Paredes de la Fuente,63,175.43,28,655,0.23,Hidalgo,Economic,Medium Risk
8030,Evelio Adán Nava Riojas,49,214.97,16,673,0.6,Veracruz de Ignacio de la Llave,Economic,Medium Risk
8031,Claudia Arredondo Rubio,59,347.53,10,511,0.55,Baja California,Economic,High Risk
8032,Miguel Ángel Omar Villagómez Granado,51,146.27,3,640,0.4,Oaxaca,Economic,High Risk
8033,Dra. María Eugenia Arteaga,55,214.31,31,535,0.16,Yucatán,Economic,High Risk
8034,Ing. Liliana Domínguez,60,204.11,24,562,0.19,Durango,Economic,High Risk
8035,Serafín Cardenas Vigil,41,211.38,20,618,0.34,Tlaxcala,Economic,High Risk
8036,Estefanía Sessa Escalante Mojica,43,435.96,7,610,0.35,Tlaxcala,Economic,High Risk
8037,David Ceballos,41,168.49,11,507,0.44,Oaxaca,Economic,High Risk
8038,Sra. Pilar Riojas,48,335.25,8,617,0.36,Durango,Economic,High Risk
8039,Elena Urías Jiménez,59,128.84,32,566,0.35,Aguascalientes,Economic,High Risk
8040,Amanda Patricia Urbina Cano,26,254.4,2,601,0.24,Baja California Sur,Economic,High Risk
8041,Olga Sisneros Sarabia,33,100.9,6,643,0.29,Guerrero,Economic,High Risk
8042,Alejandro Ortiz,64,154.25,0,606,0.4,Hidalgo,Economic,High Risk
8043,Karla Mercedes Tamez,35,243.07,5,676,0.56,Quintana Roo,Economic,Medium Risk
8044,Dr. Reynaldo Ornelas,36,324.49,3,665,0.3,Tlaxcala,Economic,Medium Risk
8045,Lic. Elvira Reséndez,30,347.19,8,530,0.5,Campeche,Economic,High Risk
8046,Cristobal Dávila Ramón,31,219.53,3,659,0.58,Oaxaca,Economic,Medium Risk
8047,Esteban Homero Carrasco de León,41,224.26,10,541,0.52,Guanajuato,Economic,High Risk
8048,Rodolfo Almonte,50,372.81,1,662,0.34,San Luis Potosí,Economic,Medium Risk
8049,Lucas Cornelio Alonzo Peres,39,117.2,11,503,0.48,Zacatecas,Economic,High Risk
8050,Omar Carrera Alva,29,223.85,4,507,0.22,México,Economic,High Risk
8051,Omar Ozuna,68,190.13,31,530,0.2,Distrito Federal,Economic,High Risk
8052,Roberto Hernandes,47,172.84,27,680,0.29,Puebla,Economic,Medium Risk
8053,Marcela Duarte Balderas,61,177.32,15,611,0.39,Veracruz de Ignacio de la Llave,Economic,High Risk
8054,Natividad Palacios Cornejo,70,189.0,35,649,0.34,Puebla,Economic,High Risk
8055,Miriam Pelayo,24,309.59,0,667,0.21,Colima,Economic,Medium Risk
8056,Jonás Javier Curiel Tamez,27,357.38,0,656,0.31,San Luis Potosí,Economic,Medium Risk
8057,Noemí Parra Villarreal,61,137.68,8,668,0.41,Durango,Economic,Medium Risk
8058,Jacinto Clemente Caraballo Miranda,65,186.69,19,558,0.2,México,Economic,High Risk
8059,José Carlos Uriel Echeverría Montero,41,360.85,3,614,0.48,Chihuahua,Economic,High Risk
8060,Citlali Alma Cardenas Cardona,58,164.85,13,668,0.5,Oaxaca,Economic,Medium Risk
8061,Elisa Esperanza Vázquez,30,245.86,1,587,0.11,Tamaulipas,Economic,High Risk
8062,Evelio José Eduardo Canales Tijerina,34,104.3,3,638,0.21,Yucatán,Economic,High Risk
8063,Sra. Juana Heredia,45,165.83,6,606,0.22,Tabasco,Economic,High Risk
8064,Ing. Emiliano Rodríquez,24,266.92,0,544,0.32,Chiapas,Economic,High Risk
8065,Gilberto Gallardo,37,,17,654,0.21,Campeche,Economic,Medium Risk
8066,Vicente René Olivares,64,117.05,43,534,0.38,Hidalgo,Economic,High Risk
8067,Vicente Quiroz,36,135.57,0,518,0.54,Coahuila de Zaragoza,Economic,High Risk
8068,Francisca Tamez Baca,41,238.61,2,636,0.19,Puebla,Economic,High Risk
8069,Ana Luisa Lourdes Carvajal,68,308.49,12,551,0.43,Nuevo León,Economic,High Risk
8070,Ramiro Reyna,61,182.03,32,656,0.22,Colima,Economic,Medium Risk
8071,Julio Cano,33,478.79,10,501,0.19,San Luis Potosí,Economic,High Risk
8072,Sr. Gonzalo Carreón,59,134.89,37,663,0.55,Morelos,Economic,Medium Risk
8073,Mercedes Nazario Quesada,29,227.74,10,526,0.47,Nuevo León,Economic,High Risk
8074,Catalina Reyes,34,129.35,2,652,0.12,Guerrero,Economic,Medium Risk
8075,Isabela Leiva,50,134.79,1,634,0.36,Sinaloa,Economic,High Risk
8076,Guadalupe Miriam Candelaria Nava,34,316.81,2,577,0.22,Nayarit,Economic,High Risk
8077,Rafaél Montaño,55,179.63,24,659,0.31,Nuevo León,Economic,Medium Risk
8078,Arturo Gabriel Soria Moya,34,173.67,1,589,0.33,Chihuahua,Economic,High Risk
8079,Estela Báez,25,496.16,0,614,0.39,Yucatán,Economic,High Risk
8080,Dra. Marcela Pichardo,24,283.71,4,504,0.39,Baja California Sur,Economic,High Risk
8081,Hermelinda de la O,50,77.18,20,595,0.38,Veracruz de Ignacio de la Llave,Economic,High Risk
8082,Fabiola Orozco Briseño,64,228.83,10,516,0.25,Puebla,Economic,High Risk
8083,Ricardo Jurado Juárez,32,251.16,5,566,0.25,Querétaro,Economic,High Risk
8084,Felix Óliver Fajardo,29,111.0,0,601,0.18,Morelos,Economic,High Risk
8085,Alfredo Rendón,52,137.96,3,574,0.2,Quintana Roo,Economic,High Risk
8086,Leonel Márquez Guajardo,44,551.93,8,644,0.16,Coahuila de Zaragoza,Economic,High Risk
8087,Jesús Ramírez Murillo,51,131.67,6,602,0.28,Nayarit,Economic,High Risk
8088,Dra. Dolores Rivera,42,172.62,2,544,0.39,San Luis Potosí,Economic,High Risk
8089,Sra. Úrsula Soria,47,236.31,21,612,0.33,Jalisco,Economic,High Risk
8090,Yeni Alfaro Reynoso,37,440.63,5,575,0.39,Tlaxcala,Economic,High Risk
8091,Camila Esperanza Méndez,59,305.85,27,676,0.46,Oaxaca,Economic,Medium Risk
8092,Isabela Melgar Benavídez,63,248.75,18,508,0.16,Tabasco,Economic,High Risk
8093,Eduardo Lebrón Quintero,37,136.36,2,617,0.31,Veracruz de Ignacio de la Llave,Economic,High Risk
8094,Andrea Carlota Ocampo Carranza,25,149.76,1,507,0.44,Quintana Roo,Economic,High Risk
8095,Sr. Emiliano Carrasco,33,260.97,7,625,0.41,Querétaro,Economic,High Risk
8096,Lic. Gerónimo Medrano,40,290.11,8,661,0.13,Nayarit,Economic,Medium Risk
8097,Sr. José Emilio Guardado,64,204.02,28,594,0.29,México,Economic,High Risk
8098,Srita. Anel Viera,28,390.17,0,563,0.42,Colima,Economic,High Risk
8099,Catalina Sáenz Magaña,29,228.19,3,656,0.56,Baja California Sur,Economic,Medium Risk
8100,Esmeralda Carrión Ledesma,55,196.25,22,565,0.53,Hidalgo,Economic,High Risk
8101,Bruno Meraz Archuleta,66,208.76,25,532,0.25,Baja California Sur,Economic,High Risk
8102,Ing. Frida Munguía,66,225.45,12,620,0.49,Oaxaca,Economic,High Risk
8103,Sr. Alfredo Frías,32,192.95,5,538,0.12,México,Economic,High Risk
8104,Silvia Susana Villaseñor,47,316.19,1,526,0.13,Guerrero,Economic,High Risk
8105,Renato Andrés Ávila,33,241.17,2,590,0.19,Puebla,Economic,High Risk
8106,Rubén Reynaldo Sevilla Castillo,41,155.54,14,664,0.35,Baja California,Economic,Medium Risk
8107,Jerónimo Cavazos Medina,34,76.68,8,675,0.53,Jalisco,Economic,Medium Risk
8108,Guillermina Rocha Gaona,57,465.8,5,607,0.33,Nayarit,Economic,High Risk
8109,Lic. Ariadna García,29,130.55,4,600,0.44,Nayarit,Economic,High Risk
8110,Gabriel Rodrigo Vera Camacho,25,138.4,2,508,0.23,Querétaro,Economic,High Risk
8111,Isabel Martínez Rodarte,46,172.03,11,651,0.19,Durango,Economic,Medium Risk
8112,Liliana Julia Valverde,70,228.39,13,570,0.15,Oaxaca,Economic,High Risk
8113,Lic. Jorge Puente,55,346.12,29,593,0.2,Yucatán,Economic,High Risk
8114,Nancy Daniela Concepción Ozuna,62,158.75,20,636,0.23,Sinaloa,Economic,High Risk
8115,Minerva Cornejo Blanco,23,161.93,0,650,0.19,Yucatán,Economic,Medium Risk
8116,Estela Elena Arias,56,152.1,12,516,0.53,San Luis Potosí,Economic,High Risk
8117,Lorena Arevalo,43,278.73,11,594,0.24,Puebla,Economic,High Risk
8118,Anabel Mariana Correa,51,159.69,2,636,0.3,Tabasco,Economic,High Risk
8119,Ivonne Victoria Rosas Gamboa,60,387.78,15,501,0.15,Distrito Federal,Economic,High Risk
8120,Salma Olivera Ceja,69,278.05,10,541,0.46,Puebla,Economic,High Risk
8121,Sra. Arcelia Muro,29,270.32,3,521,0.52,Nayarit,Economic,High Risk
8122,Luis Manuel Sánchez Santillán,63,372.32,4,672,0.56,Nuevo León,Economic,Medium Risk
8123,Gloria Quiñones Esquibel,30,368.1,4,593,0.36,Baja California,Economic,High Risk
8124,Socorro Quintanilla,64,188.53,23,567,0.38,Oaxaca,Economic,High Risk
8125,Ing. Claudio Cordero,33,316.79,6,666,0.39,Oaxaca,Economic,Medium Risk
8126,Francisca Camila Solorzano,22,123.69,0,555,0.16,Hidalgo,Economic,High Risk
8127,Alfonso Rivas Saavedra,61,165.36,20,575,0.35,Campeche,Economic,High Risk
8128,Sr. Octavio Juárez,26,56.59,2,612,0.2,Chiapas,Economic,High Risk
8129,Emiliano Romero,52,222.24,24,535,0.13,Morelos,Economic,High Risk
8130,Lic. Marcos Mateo,49,231.78,18,584,0.42,Nayarit,Economic,High Risk
8131,Asunción Domínguez Velázquez,29,350.37,0,562,0.13,Chihuahua,Economic,High Risk
8132,María Cristina Cazares,64,355.48,13,525,0.4,Chihuahua,Economic,High Risk
8133,Benito Caldera Medina,35,268.97,6,535,0.46,México,Economic,High Risk
8134,Minerva Collado,50,139.82,18,513,0.55,Hidalgo,Economic,High Risk
8135,Olga Noriega Valverde,46,,3,550,0.39,Tlaxcala,Economic,High Risk
8136,Elisa Úrsula Meléndez,57,280.32,7,519,0.46,Baja California Sur,Economic,High Risk
8137,Marisela Elvia Alfaro Sosa,48,125.36,17,608,0.48,Baja California Sur,Economic,High Risk
8138,Alejandra Piña Orozco,47,254.04,20,600,0.23,San Luis Potosí,Economic,High Risk
8139,Flavio Frías,59,100.99,27,655,0.3,Zacatecas,Economic,Medium Risk
8140,Susana Nayeli Bernal Jaramillo,22,108.57,0,510,0.46,Veracruz de Ignacio de la Llave,Economic,High Risk
8141,Bernabé Patricio Tapia Angulo,25,281.19,7,572,0.52,Michoacán de Ocampo,Economic,High Risk
8142,Renato Evelio Laureano,68,137.98,33,528,0.18,Distrito Federal,Economic,High Risk
8143,Sr. Bruno Córdova,46,170.57,5,521,0.1,Zacatecas,Economic,High Risk
8144,David Espinoza Zamora,41,198.89,0,504,0.25,Quintana Roo,Economic,High Risk
8145,Elvia Mota Torres,25,57.43,0,637,0.31,Campeche,Economic,High Risk
8146,Julia María del Carmen Sánchez Corrales,38,252.32,10,643,0.6,Campeche,Economic,High Risk
8147,Sra. Martha Haro,39,122.87,10,519,0.38,San Luis Potosí,Economic,High Risk
8148,José Manuél Montez,40,277.56,2,615,0.57,Querétaro,Economic,High Risk
8149,Wendolin Reina Negrón,23,281.81,1,548,0.13,Quintana Roo,Economic,High Risk
8150,Miguel Emiliano Huerta,67,90.3,45,590,0.29,Chihuahua,Economic,High Risk
8151,Wilfrido Valencia Miramontes,40,246.73,0,654,0.41,Baja California Sur,Economic,Medium Risk
8152,Pedro Francisco Javier Magaña Galarza,68,126.18,11,591,0.56,Yucatán,Economic,High Risk
8153,Frida Laureano Hinojosa,65,133.28,21,667,0.39,Guerrero,Economic,Medium Risk
8154,Rafaél Abel Gómez,35,76.39,6,593,0.2,Yucatán,Economic,High Risk
8155,Héctor Esteban Longoria Frías,63,133.37,40,657,0.34,Baja California Sur,Economic,Medium Risk
8156,Mateo Gilberto Zayas Godoy,32,96.28,5,553,0.59,Querétaro,Economic,High Risk
8157,Anel Alejandra Esparza,45,132.42,3,547,0.4,Zacatecas,Economic,High Risk
8158,Juana Estela Velázquez,47,439.55,7,543,0.25,Guerrero,Economic,High Risk
8159,Cynthia Ibarra del Río,27,508.24,4,549,0.53,Michoacán de Ocampo,Economic,High Risk
8160,Ing. Dalia Arce,21,229.44,0,627,0.18,Baja California Sur,Economic,High Risk
8161,Ramón Orta,27,749.11,4,555,0.4,Campeche,Economic,High Risk
8162,Ing. Natividad Mares,36,264.91,3,590,0.16,Tamaulipas,Economic,High Risk
8163,Florencia Terrazas,32,390.4,1,552,0.4,Colima,Economic,High Risk
8164,Rolando Ibarra,64,293.41,2,613,0.48,Tabasco,Economic,High Risk
8165,Sra. Carlota de la Fuente,67,164.46,17,539,0.2,Morelos,Economic,High Risk
8166,Estela Roldán Sanabria,61,170.4,11,533,0.51,Tamaulipas,Economic,High Risk
8167,Sr. Óliver Vera,59,288.31,28,657,0.26,Tamaulipas,Economic,Medium Risk
8168,Antonio Mondragón,29,177.31,3,597,0.43,Sonora,Economic,High Risk
8169,Joaquín Mario Lerma,63,289.4,21,648,0.17,Jalisco,Economic,High Risk
8170,Noemí Arenas Ríos,42,422.61,10,564,0.39,México,Economic,High Risk
8171,Luis Miguel Soria,35,396.55,12,599,0.28,Baja California Sur,Economic,High Risk
8172,Georgina Lira,39,128.49,6,654,0.48,Chihuahua,Economic,Medium Risk
8173,Liliana Catalina Fierro,28,431.81,8,601,0.49,Baja California Sur,Economic,High Risk
8174,Timoteo Calderón,49,474.71,3,506,0.26,Veracruz de Ignacio de la Llave,Economic,High Risk
8175,Alfredo Ochoa,23,,0,519,0.33,Morelos,Economic,High Risk
8176,Dra. María José Aparicio,60,106.82,39,632,0.24,Veracruz de Ignacio de la Llave,Economic,High Risk
8177,Lic. Javier Leiva,37,357.99,3,593,0.53,Quintana Roo,Economic,High Risk
8178,Rodolfo Robledo,70,197.39,32,614,0.14,Campeche,Economic,High Risk
8179,Dr. Adalberto Casanova,68,240.61,22,510,0.2,Veracruz de Ignacio de la Llave,Economic,High Risk
8180,Violeta Lourdes Jáquez Guzmán,69,133.35,25,610,0.57,Tabasco,Economic,High Risk
8181,Camila Pabón Acosta,29,293.85,3,659,0.19,Chiapas,Economic,Medium Risk
8182,Roberto Adán Bustamante,22,231.52,0,575,0.31,Hidalgo,Economic,High Risk
8183,Salvador Esquibel,27,117.54,3,631,0.35,Aguascalientes,Economic,High Risk
8184,Felipe Jacinto Ávila,25,,0,629,0.16,Baja California,Economic,High Risk
8185,Ing. Georgina Alfaro,59,327.15,12,597,0.23,Quintana Roo,Economic,High Risk
8186,Cristina Cristina Esquivel Rosario,59,429.72,20,635,0.25,Sonora,Economic,High Risk
8187,Omar Jesús Matías Zamudio,65,121.29,9,637,0.47,Sonora,Economic,High Risk
8188,Jorge Altamirano Montaño,36,170.26,3,541,0.29,Guanajuato,Economic,High Risk
8189,Carlota Micaela Sauceda Elizondo,47,171.29,8,608,0.37,Quintana Roo,Economic,High Risk
8190,Agustín Carvajal Pantoja,70,186.86,40,515,0.39,Coahuila de Zaragoza,Economic,High Risk
8191,Norma Pantoja,45,260.23,3,535,0.16,Puebla,Economic,High Risk
8192,Débora Perla Ramos,61,639.5,35,603,0.39,Guanajuato,Economic,High Risk
8193,Dr. Martín Gutiérrez,41,269.39,4,530,0.13,Oaxaca,Economic,High Risk
8194,Ricardo Roque,28,104.8,2,677,0.19,Zacatecas,Economic,Medium Risk
8195,Diana Nancy Armendáriz Juárez,35,87.83,5,659,0.27,Aguascalientes,Economic,Medium Risk
8196,Conchita Armas,43,142.85,1,516,0.17,Sonora,Economic,High Risk
8197,Dra. Rebeca Escobedo,43,139.02,0,646,0.27,Nuevo León,Economic,High Risk
8198,Uriel Jaimes Rosario,29,614.68,7,650,0.27,Jalisco,Economic,Medium Risk
8199,Gloria Verduzco Jasso,31,266.28,8,610,0.11,Durango,Economic,High Risk
8200,Darío Horacio Rosales Oquendo,59,253.33,32,513,0.59,Yucatán,Economic,High Risk
8201,Bernabé Cortés,47,251.83,16,579,0.54,México,Economic,High Risk
8202,María Elena Débora Terán,34,283.3,11,505,0.29,Distrito Federal,Economic,High Risk
8203,María Elena Muñoz Brito,38,159.68,19,570,0.24,Yucatán,Economic,High Risk
8204,Berta Rosado,26,187.22,0,652,0.27,Campeche,Economic,Medium Risk
8205,Srita. María Teresa Zapata,35,209.04,5,554,0.6,Colima,Economic,High Risk
8206,Citlali Paulina Jaime Olmos,34,324.56,1,620,0.34,Hidalgo,Economic,High Risk
8207,María del Carmen Aldonza Girón,62,123.47,7,609,0.14,Campeche,Economic,High Risk
8208,Ing. Dulce María Ledesma,30,402.51,12,547,0.48,Tlaxcala,Economic,High Risk
8209,Claudio Daniel Casanova,44,230.73,25,522,0.6,Durango,Economic,High Risk
8210,Camila Luz Villalpando,55,534.53,0,541,0.28,Veracruz de Ignacio de la Llave,Economic,High Risk
8211,María Eugenia Delia Palomo,31,328.13,4,570,0.38,Nuevo León,Economic,High Risk
8212,Lic. Cynthia Barajas,26,275.75,1,584,0.54,Zacatecas,Economic,High Risk
8213,Victoria Adriana Negrón,44,304.74,20,670,0.26,Sinaloa,Economic,Medium Risk
8214,Celia Sonia Cazares Báez,40,87.68,1,650,0.21,Durango,Economic,Medium Risk
8215,Jaqueline Guadalupe Mesa,41,225.34,2,547,0.29,Coahuila de Zaragoza,Economic,High Risk
8216,Sr. Enrique Lozano,29,704.77,0,541,0.59,México,Economic,High Risk
8217,Indira Jiménez Valdez,58,,17,573,0.3,Baja California,Economic,High Risk
8218,Sandra Girón,52,272.67,26,515,0.49,Nayarit,Economic,High Risk
8219,Isaac Garica,35,159.68,2,575,0.57,Quintana Roo,Economic,High Risk
8220,Angélica Violeta Miramontes,40,,12,622,0.22,Michoacán de Ocampo,Economic,High Risk
8221,Srita. Graciela Téllez,53,276.77,3,574,0.3,Sinaloa,Economic,High Risk
8222,Ana María Micaela Tello Ulloa,31,227.91,11,638,0.4,Chiapas,Economic,High Risk
8223,Clemente Octavio Palomino,36,216.69,10,540,0.29,México,Economic,High Risk
8224,Fidel Antonio Rivera Llamas,64,222.52,26,575,0.13,Puebla,Economic,High Risk
8225,Patricio Méndez Espinoza,28,225.72,2,537,0.49,Tabasco,Economic,High Risk
8226,Manuel Lorenzo Santacruz,46,302.08,21,665,0.45,Querétaro,Economic,Medium Risk
8227,Diego Osorio Longoria,51,135.69,4,537,0.56,Distrito Federal,Economic,High Risk
8228,Emiliano Oswaldo Ibarra,24,273.82,0,608,0.16,Jalisco,Economic,High Risk
8229,Bernabé Meza Zedillo,64,531.04,22,640,0.39,Chihuahua,Economic,High Risk
8230,Carmen Beatriz Negrete,63,191.29,9,609,0.38,Guerrero,Economic,High Risk
8231,Lic. Germán Tijerina,65,259.65,12,624,0.24,Distrito Federal,Economic,High Risk
8232,Carmen Altamirano Valdez,43,173.93,3,622,0.17,Coahuila de Zaragoza,Economic,High Risk
8233,Mateo Aldo Aguilar Sandoval,60,186.58,6,573,0.18,Colima,Economic,High Risk
8234,Luis Ramiro Alva,32,437.02,6,504,0.19,Aguascalientes,Economic,High Risk
8235,Alfonso Óliver Villanueva Casillas,70,181.68,1,524,0.4,Tabasco,Economic,High Risk
8236,Aida Casárez Guajardo,45,312.07,14,514,0.17,México,Economic,High Risk
8237,Víctor Camilo Saldaña,67,147.07,5,577,0.53,Michoacán de Ocampo,Economic,High Risk
8238,Adalberto Manuel Valadez Olivera,67,188.08,4,522,0.3,Durango,Economic,High Risk
8239,Paulina Asunción Jaimes Matos,46,325.07,9,627,0.13,Baja California Sur,Economic,High Risk
8240,Lorena Serrano Ulibarri,69,220.81,21,563,0.19,Nuevo León,Economic,High Risk
8241,Horacio Escobar Corona,66,249.95,42,510,0.16,Hidalgo,Economic,High Risk
8242,Darío Ignacio Alvarez Mares,30,306.41,5,617,0.57,Campeche,Economic,High Risk
8243,Mayte Cristal Quintana Crespo,26,249.75,4,575,0.37,Puebla,Economic,High Risk
8244,Homero Bruno Romo,53,152.25,9,518,0.33,Campeche,Economic,High Risk
8245,Cornelio Gastélum,21,179.67,0,646,0.26,Durango,Economic,High Risk
8246,Felix Castellanos Ferrer,40,196.83,6,527,0.13,Chiapas,Economic,High Risk
8247,Rubén Ernesto Ornelas,58,293.79,6,531,0.5,Guerrero,Economic,High Risk
8248,Evelio Mayorga del Valle,69,194.11,33,645,0.15,Michoacán de Ocampo,Economic,High Risk
8249,Elias Roberto Almanza Chapa,46,83.18,22,666,0.3,México,Economic,Medium Risk
8250,Jos Daniel Ceja Rosado,32,85.6,7,512,0.19,Durango,Economic,High Risk
8251,Georgina Cornejo Dávila,48,159.89,2,661,0.36,Baja California Sur,Economic,Medium Risk
8252,Ing. Dulce Olivárez,68,277.13,31,513,0.5,Chihuahua,Economic,High Risk
8253,María Blanca Berríos Mares,67,123.78,26,533,0.28,Nuevo León,Economic,High Risk
8254,Ing. Sessa Ávalos,33,296.34,3,668,0.2,Morelos,Economic,Medium Risk
8255,Luis Miguel Gabino Rubio,26,400.55,5,574,0.34,Chihuahua,Economic,High Risk
8256,José Carlos Juan Carlos Rubio,50,225.74,32,573,0.43,Nuevo León,Economic,High Risk
8257,Renato Alberto Osorio,29,162.18,4,540,0.27,Guanajuato,Economic,High Risk
8258,Daniel Ponce Villanueva,49,311.17,27,602,0.57,Jalisco,Economic,High Risk
8259,Sessa Barbara Esquibel Lemus,44,403.2,10,593,0.42,Yucatán,Economic,High Risk
8260,Ing. María Eugenia Escobedo,23,374.04,3,659,0.28,Campeche,Economic,Medium Risk
8261,Lic. Emilio Rivera,68,112.19,7,540,0.11,Guanajuato,Economic,High Risk
8262,Diana Briseño,35,195.77,14,543,0.49,Zacatecas,Economic,High Risk
8263,Maximiliano José María Lomeli Alarcón,26,120.38,2,570,0.36,Colima,Economic,High Risk
8264,Gerardo José Eduardo Corona Arriaga,50,349.67,3,582,0.19,Hidalgo,Economic,High Risk
8265,Susana Armenta Avilés,30,113.01,3,586,0.52,México,Economic,High Risk
8266,David Rodrígez Girón,36,178.63,11,515,0.32,Aguascalientes,Economic,High Risk
8267,Alfonso Jaime Menéndez,56,,12,672,0.19,Querétaro,Economic,Medium Risk
8268,Salvador Germán Cotto,42,177.18,7,547,0.58,Chihuahua,Economic,High Risk
8269,Mayte Conchita Lira,49,316.03,18,534,0.53,Colima,Economic,High Risk
8270,Patricio Guillermo Vergara,69,316.48,1,631,0.52,Oaxaca,Economic,High Risk
8271,Dra. Paulina Magaña,38,161.26,9,500,0.19,Guanajuato,Economic,High Risk
8272,Dra. Susana Luna,39,139.98,7,618,0.53,Baja California,Economic,High Risk
8273,Emiliano Cuellar Espinal,31,98.16,10,573,0.41,Veracruz de Ignacio de la Llave,Economic,High Risk
8274,Pilar Ríos Osorio,30,102.05,2,608,0.21,Guanajuato,Economic,High Risk
8275,Patricio Alejandro,45,318.19,5,659,0.29,México,Economic,Medium Risk
8276,Lorena Rico Casares,51,300.92,7,524,0.43,Chiapas,Economic,High Risk
8277,Luis Manuel Merino Adame,65,142.78,12,647,0.37,Tlaxcala,Economic,High Risk
8278,Teresa Cortés Amador,40,198.27,3,680,0.38,México,Economic,Medium Risk
8279,José Eduardo José Emilio Benítez Zelaya,51,222.69,7,617,0.51,Oaxaca,Economic,High Risk
8280,Hermelinda Yeni Ortiz,40,128.68,19,669,0.58,Quintana Roo,Economic,Medium Risk
8281,Julio Cazares Castro,53,241.01,20,662,0.11,Querétaro,Economic,Medium Risk
8282,Elsa Posada,36,463.47,12,584,0.3,Zacatecas,Economic,High Risk
8283,Ing. Gabino Alcántar,54,430.11,1,676,0.27,Guanajuato,Economic,Medium Risk
8284,Evelio Casárez,40,187.86,16,546,0.11,Jalisco,Economic,High Risk
8285,Gabino Genaro Rico,46,216.52,21,630,0.46,Nayarit,Economic,High Risk
8286,Alonso Pedro Chavarría Jurado,46,81.28,12,580,0.57,Guerrero,Economic,High Risk
8287,Mónica Marisol Haro,23,185.39,0,578,0.17,Guanajuato,Economic,High Risk
8288,José Carlos Juan Carlos Irizarry,70,229.64,28,670,0.46,Veracruz de Ignacio de la Llave,Economic,Medium Risk
8289,Srita. Elsa Nájera,59,126.91,32,625,0.5,Baja California Sur,Economic,High Risk
8290,Abraham Briones Toro,63,121.7,10,532,0.49,Yucatán,Economic,High Risk
8291,Ana María Armas Godínez,23,504.04,0,506,0.34,Baja California,Economic,High Risk
8292,Lic. Jos de la Crúz,26,226.59,2,652,0.5,San Luis Potosí,Economic,Medium Risk
8293,Oswaldo Pérez,35,410.23,0,623,0.25,Tlaxcala,Economic,High Risk
8294,Lorenzo Leonel Girón Frías,51,271.03,19,555,0.31,Michoacán de Ocampo,Economic,High Risk
8295,Alejandra Campos Salgado,45,398.28,9,506,0.54,Nuevo León,Economic,High Risk
8296,Serafín Timoteo Figueroa,45,298.06,9,606,0.56,Sinaloa,Economic,High Risk
8297,Camila Nava,49,92.57,13,678,0.16,Sinaloa,Economic,Medium Risk
8298,Diego Aurelio Bernal Roque,68,181.79,17,523,0.36,Michoacán de Ocampo,Economic,High Risk
8299,Raúl Mauro Robledo,39,200.72,6,516,0.13,Zacatecas,Economic,High Risk
8300,Lourdes Benavides,21,134.74,0,601,0.41,Distrito Federal,Economic,High Risk
8301,Claudio Benjamín Robledo,60,205.05,15,624,0.28,Nayarit,Economic,High Risk
8302,Lic. Zacarías Jaimes,30,141.18,0,536,0.57,Tamaulipas,Economic,High Risk
8303,Roberto Avilés Rangel,34,432.5,5,578,0.25,Sonora,Economic,High Risk
8304,Lic. Salvador Negrete,25,140.9,3,587,0.26,Sonora,Economic,High Risk
8305,Mario Mauricio Ortiz,52,384.18,1,517,0.34,Baja California,Economic,High Risk
8306,Sra. Lilia Apodaca,62,151.67,14,652,0.36,Oaxaca,Economic,Medium Risk
8307,Marisol Elsa Bahena,54,108.71,19,609,0.5,Guerrero,Economic,High Risk
8308,Ariadna Lovato,29,249.98,2,524,0.51,Baja California Sur,Economic,High Risk
8309,Renato Horacio Estévez Tafoya,66,630.57,21,572,0.41,Chihuahua,Economic,High Risk
8310,Dra. Abigail Salcedo,55,316.12,1,637,0.56,Morelos,Economic,High Risk
8311,Isabel Fabiola Noriega Barrientos,34,235.7,0,596,0.3,México,Economic,High Risk
8312,Patricio David Arevalo Lucio,21,194.43,0,615,0.5,Querétaro,Economic,High Risk
8313,Paulina Mariana Razo Santana,44,288.34,12,661,0.15,Querétaro,Economic,Medium Risk
8314,Dra. Irene Mares,55,250.95,16,645,0.32,Tabasco,Economic,High Risk
8315,Lic. Benito Valencia,60,268.22,27,639,0.27,Michoacán de Ocampo,Economic,High Risk
8316,Sr. José Manuél Zamora,21,459.0,0,524,0.18,Campeche,Economic,High Risk
8317,Aurora Carlota Olivares,52,176.25,29,508,0.4,Coahuila de Zaragoza,Economic,High Risk
8318,Linda Florencia Robledo,68,265.21,7,529,0.29,Quintana Roo,Economic,High Risk
8319,Jesús Bernardo Carbajal,64,239.66,8,604,0.46,Oaxaca,Economic,High Risk
8320,María Teresa María José Madrigal,25,241.48,0,555,0.11,Yucatán,Economic,High Risk
8321,Eloisa Miranda,51,207.42,11,628,0.2,Oaxaca,Economic,High Risk
8322,Celia Meza,25,131.69,5,660,0.32,Tamaulipas,Economic,Medium Risk
8323,Gustavo Verduzco,70,291.07,42,615,0.17,San Luis Potosí,Economic,High Risk
8324,Claudio Durán Saucedo,69,316.74,22,625,0.49,Yucatán,Economic,High Risk
8325,Aldonza Ojeda Marín,64,279.27,19,661,0.28,Guanajuato,Economic,Medium Risk
8326,Julio Preciado Badillo,21,417.96,0,648,0.59,Yucatán,Economic,High Risk
8327,Reynaldo Alfredo Arias,56,193.7,5,616,0.36,Nuevo León,Economic,High Risk
8328,Julio César Rafaél Contreras,58,270.89,38,636,0.39,San Luis Potosí,Economic,High Risk
8329,María Luisa Alonzo,48,356.02,6,590,0.41,Oaxaca,Economic,High Risk
8330,Ing. Débora Lemus,32,,7,537,0.35,Distrito Federal,Economic,High Risk
8331,Silvano Eloy Valles Briseño,32,144.52,11,503,0.16,México,Economic,High Risk
8332,Omar Arturo Pichardo,34,429.57,3,510,0.48,Guanajuato,Economic,High Risk
8333,José María Rosado Sisneros,44,315.15,19,500,0.57,Querétaro,Economic,High Risk
8334,Abigail Natividad Solorio,56,173.76,11,547,0.16,Zacatecas,Economic,High Risk
8335,Silvano Daniel Vargas,44,219.18,8,500,0.43,Nuevo León,Economic,High Risk
8336,Irene Treviño,39,352.79,7,528,0.37,Baja California Sur,Economic,High Risk
8337,Dra. Trinidad Tapia,32,124.96,4,670,0.17,Oaxaca,Economic,Medium Risk
8338,Conchita Olivas Gamboa,31,175.49,2,659,0.2,Guerrero,Economic,Medium Risk
8339,Lilia Socorro Olivo,39,385.53,3,519,0.57,Puebla,Economic,High Risk
8340,Ruby Guajardo,64,432.51,35,625,0.34,Michoacán de Ocampo,Economic,High Risk
8341,Francisca Tijerina,34,318.27,15,599,0.38,Puebla,Economic,High Risk
8342,Mariano Zamudio Partida,32,274.63,5,597,0.12,Jalisco,Economic,High Risk
8343,Ing. Juana Anaya,45,192.09,3,648,0.21,Veracruz de Ignacio de la Llave,Economic,High Risk
8344,Salvador Armas,35,132.68,10,557,0.49,Campeche,Economic,High Risk
8345,Citlali Alma Zelaya,40,225.53,14,620,0.12,Coahuila de Zaragoza,Economic,High Risk
8346,Israel Fernández,30,194.57,0,537,0.18,Morelos,Economic,High Risk
8347,Cornelio Tomás Lira,68,112.08,29,657,0.57,Baja California,Economic,Medium Risk
8348,José Manuél Serna Barajas,51,602.36,15,661,0.48,Sinaloa,Economic,Medium Risk
8349,Lic. Eduardo Alcaraz,42,168.37,0,548,0.54,Veracruz de Ignacio de la Llave,Economic,High Risk
8350,Srita. Verónica Arce,49,99.34,11,554,0.11,Distrito Federal,Economic,High Risk
8351,Aldo Jonás Alemán,66,574.74,40,559,0.1,Baja California,Economic,High Risk
8352,Graciela Nayeli Vargas Corral,24,265.62,0,611,0.1,Nayarit,Economic,High Risk
8353,Aldonza Lucía Ozuna Mata,52,136.04,18,665,0.14,Campeche,Economic,Medium Risk
8354,Dra. Nelly Dávila,46,,10,675,0.42,Baja California,Economic,Medium Risk
8355,Bernardo Carrión,22,201.83,0,600,0.38,Colima,Economic,High Risk
8356,Rosa Barragán,42,188.77,13,675,0.35,Coahuila de Zaragoza,Economic,Medium Risk
8357,Zeferino Ceballos,37,358.37,11,656,0.2,Chihuahua,Economic,Medium Risk
8358,Esperanza Pacheco Aranda,51,140.36,11,547,0.38,Guerrero,Economic,High Risk
8359,José Luis Clemente Montaño,46,93.8,18,531,0.3,Tlaxcala,Economic,High Risk
8360,Gregorio Correa Toro,62,380.03,29,617,0.23,Sinaloa,Economic,High Risk
8361,Amador Pablo Vega,67,275.89,3,556,0.23,Morelos,Economic,High Risk
8362,Dra. Inés Herrera,32,188.38,9,662,0.29,Querétaro,Economic,Medium Risk
8363,Clemente Jerónimo Fernández Posada,63,256.79,16,645,0.19,Tamaulipas,Economic,High Risk
8364,Dolores Esther Chacón Carmona,33,227.29,2,665,0.47,Sinaloa,Economic,Medium Risk
8365,Concepción Canales González,65,329.14,18,518,0.53,Veracruz de Ignacio de la Llave,Economic,High Risk
8366,Elvira Hilda Ortiz Centeno,58,266.35,21,671,0.41,San Luis Potosí,Economic,Medium Risk
8367,Catalina Rebeca Palacios Mendoza,59,177.2,26,579,0.34,Sinaloa,Economic,High Risk
8368,Karla Saavedra,44,193.35,10,584,0.35,Baja California Sur,Economic,High Risk
8369,Sra. Mayte Malave,52,267.35,27,651,0.29,Baja California,Economic,Medium Risk
8370,Tania Benítez,31,241.38,11,671,0.3,Chihuahua,Economic,Medium Risk
8371,Gabriela Acevedo,40,235.78,7,627,0.58,Yucatán,Economic,High Risk
8372,Lucía Martínez Vanegas,46,191.94,13,614,0.29,Veracruz de Ignacio de la Llave,Economic,High Risk
8373,María Teresa Yuridia Jasso,29,320.9,0,633,0.1,Aguascalientes,Economic,High Risk
8374,Lic. Porfirio Grijalva,52,196.97,24,542,0.36,Guerrero,Economic,High Risk
8375,Abril María Luisa Leal Gaona,26,270.96,0,614,0.17,Puebla,Economic,High Risk
8376,Teresa Carrera,34,115.52,6,607,0.23,San Luis Potosí,Economic,High Risk
8377,Evelio de Jesús,49,150.29,17,535,0.54,Morelos,Economic,High Risk
8378,Lic. Israel Cantú,47,141.22,7,610,0.11,Querétaro,Economic,High Risk
8379,Sr. Iván Orta,45,261.94,3,570,0.52,Sonora,Economic,High Risk
8380,Arturo Alva,48,366.67,2,653,0.31,Oaxaca,Economic,Medium Risk
8381,Mayte Blanco Hidalgo,51,261.04,20,512,0.27,Guerrero,Economic,High Risk
8382,Luis Miguel Contreras Barela,41,145.43,13,638,0.39,Baja California,Economic,High Risk
8383,Wilfrido Ricardo Leyva,25,285.73,4,547,0.55,Oaxaca,Economic,High Risk
8384,Nelly Olmos,61,136.26,13,521,0.37,Durango,Economic,High Risk
8385,Sofía Aparicio Montalvo,64,195.69,27,616,0.28,Tamaulipas,Economic,High Risk
8386,Hermelinda Almaraz,53,297.25,27,500,0.12,Baja California,Economic,High Risk
8387,Ing. Rocío Zelaya,31,176.74,0,505,0.54,Coahuila de Zaragoza,Economic,High Risk
8388,Fernando Mena,39,290.84,3,533,0.31,Guanajuato,Economic,High Risk
8389,Abraham Galván Salgado,65,84.27,40,632,0.31,Nuevo León,Economic,High Risk
8390,María Martha Badillo,65,110.44,7,666,0.19,Baja California Sur,Economic,Medium Risk
8391,Anabel Cortez,37,127.93,1,547,0.33,Durango,Economic,High Risk
8392,Sra. Daniela Palomo,28,303.62,7,540,0.31,Oaxaca,Economic,High Risk
8393,Mayte Raquel Castañeda Córdova,23,89.61,0,663,0.2,Chihuahua,Economic,Medium Risk
8394,Reynaldo Juan Almonte Vera,25,259.46,3,631,0.24,Guerrero,Economic,High Risk
8395,Marcos Lucas Feliciano,38,164.97,3,665,0.48,México,Economic,Medium Risk
8396,Irma Salas Paz,25,324.73,4,539,0.26,Michoacán de Ocampo,Economic,High Risk
8397,José María Óscar Meza,25,184.7,0,522,0.22,Coahuila de Zaragoza,Economic,High Risk
8398,Augusto Jerónimo Noriega,69,199.18,25,561,0.49,Tlaxcala,Economic,High Risk
8399,Dalia Minerva Sánchez Caraballo,61,132.18,19,619,0.48,Quintana Roo,Economic,High Risk
8400,Armando Valdés,69,125.83,12,544,0.57,Puebla,Economic,High Risk
8401,Sonia Rodríguez,59,362.71,11,625,0.26,Baja California Sur,Economic,High Risk
8402,Srita. Luisa de la Fuente,45,204.62,2,602,0.28,Coahuila de Zaragoza,Economic,High Risk
8403,Sr. Israel Valles,64,527.82,17,526,0.47,Durango,Economic,High Risk
8404,María Velázquez,29,395.42,6,533,0.18,Coahuila de Zaragoza,Economic,High Risk
8405,Abigail Esther Treviño Roldán,33,428.64,3,566,0.2,Querétaro,Economic,High Risk
8406,Josefina Zavala Villanueva,28,,4,579,0.56,Michoacán de Ocampo,Economic,High Risk
8407,Esteban Samuel Vaca Vergara,65,91.45,19,594,0.6,Campeche,Economic,High Risk
8408,Mitzy Natalia Ocampo Casares,55,431.41,8,583,0.16,Tlaxcala,Economic,High Risk
8409,Lucía Chapa,70,124.51,25,629,0.21,México,Economic,High Risk
8410,Lic. Guillermo Quiñónez,64,207.33,3,552,0.55,Guanajuato,Economic,High Risk
8411,Sara Sessa Alvarado Urías,62,124.04,16,533,0.35,Baja California,Economic,High Risk
8412,Lorena Sofía Guevara Montalvo,58,,21,601,0.51,Oaxaca,Economic,High Risk
8413,Emilia Lucía Macías Preciado,28,173.88,2,680,0.27,Yucatán,Economic,Medium Risk
8414,Francisco Javier Griego Reséndez,26,318.37,4,537,0.28,Distrito Federal,Economic,High Risk
8415,Amalia Guzmán,47,103.11,8,626,0.24,Morelos,Economic,High Risk
8416,Rosalia Escamilla,23,221.69,1,585,0.41,Morelos,Economic,High Risk
8417,Isabela Amaya,24,183.48,3,621,0.51,Oaxaca,Economic,High Risk
8418,Lucas Fonseca Laureano,51,307.45,0,542,0.49,Nuevo León,Economic,High Risk
8419,Sra. Daniela Orozco,23,271.47,3,674,0.25,Quintana Roo,Economic,Medium Risk
8420,Gregorio Gregorio Montero,42,411.76,7,533,0.23,Coahuila de Zaragoza,Economic,High Risk
8421,Micaela Zedillo,60,155.59,17,548,0.25,Michoacán de Ocampo,Economic,High Risk
8422,Rosalia Esperanza Gálvez,63,330.18,15,552,0.48,Sonora,Economic,High Risk
8423,Lilia Salazar,65,304.72,33,659,0.48,Michoacán de Ocampo,Economic,Medium Risk
8424,Natalia Natalia Casas,46,333.87,14,676,0.38,Querétaro,Economic,Medium Risk
8425,Angélica Alejandra Orellana,27,262.34,6,507,0.22,Aguascalientes,Economic,High Risk
8426,Amalia Maya,62,276.34,39,541,0.4,Yucatán,Economic,High Risk
8427,Claudio Julio Garica Arguello,40,321.95,19,605,0.29,Distrito Federal,Economic,High Risk
8428,Cornelio Hinojosa Zapata,61,,32,656,0.36,Tabasco,Economic,Medium Risk
8429,Elsa Ana Menéndez Sosa,52,204.17,0,602,0.16,Tlaxcala,Economic,High Risk
8430,Lucas Quintero,42,265.2,5,583,0.12,Chihuahua,Economic,High Risk
8431,Gloria Itzel Tórrez Palacios,34,111.88,0,632,0.12,Baja California,Economic,High Risk
8432,Genaro Trujillo Zepeda,30,170.1,7,594,0.31,Durango,Economic,High Risk
8433,Lic. Wendolin Barreto,27,197.08,2,582,0.56,Campeche,Economic,High Risk
8434,Aldonza Porras Toro,34,109.1,16,541,0.14,Tamaulipas,Economic,High Risk
8435,Cornelio Olivas,68,378.57,31,671,0.24,Coahuila de Zaragoza,Economic,Medium Risk
8436,Mauro Jorge Luis Suárez Gracia,27,193.88,2,676,0.39,Nayarit,Economic,Medium Risk
8437,Augusto Hidalgo,46,350.37,6,610,0.35,San Luis Potosí,Economic,High Risk
8438,Victoria Tania Vásquez,53,289.14,15,615,0.56,Zacatecas,Economic,High Risk
8439,María José Judith Jáquez,34,383.01,6,613,0.38,Michoacán de Ocampo,Economic,High Risk
8440,Ing. Mónica Valladares,67,563.98,34,508,0.5,Nayarit,Economic,High Risk
8441,Vicente Modesto Guerrero Treviño,32,351.38,1,657,0.46,Morelos,Economic,Medium Risk
8442,Lic. Aurelio Gallardo,36,151.09,8,599,0.52,Baja California,Economic,High Risk
8443,David Serna,33,121.57,7,620,0.31,Veracruz de Ignacio de la Llave,Economic,High Risk
8444,José Luis Marroquín Castellanos,37,133.27,11,570,0.36,Chihuahua,Economic,High Risk
8445,Dra. Arcelia Urbina,29,176.31,4,625,0.22,Chihuahua,Economic,High Risk
8446,Bernabé Rufino Ulibarri Farías,28,293.34,2,634,0.26,Querétaro,Economic,High Risk
8447,Eduardo Jacinto Leal,43,235.03,14,517,0.18,Puebla,Economic,High Risk
8448,Adán Ernesto del Valle,22,81.13,0,638,0.57,Morelos,Economic,High Risk
8449,Santiago Gilberto Rolón Contreras,23,127.28,0,555,0.32,Quintana Roo,Economic,High Risk
8450,Dr. Gilberto Ulibarri,64,187.37,28,618,0.44,Distrito Federal,Economic,High Risk
8451,Lic. Eloy Franco,28,573.98,7,622,0.41,Baja California,Economic,High Risk
8452,Lic. Hernán Portillo,66,207.04,18,588,0.53,Veracruz de Ignacio de la Llave,Economic,High Risk
8453,Rosario Raya Luevano,54,161.99,28,537,0.57,Aguascalientes,Economic,High Risk
8454,Julia Razo,48,439.9,23,588,0.42,Chiapas,Economic,High Risk
8455,Octavio Ávalos,22,301.79,0,583,0.22,Campeche,Economic,High Risk
8456,Wendolin Fajardo,27,504.92,5,629,0.49,Yucatán,Economic,High Risk
8457,Noelia Sofía Córdova,49,206.56,8,627,0.18,Zacatecas,Economic,High Risk
8458,Daniela Barraza,66,147.28,5,538,0.41,Aguascalientes,Economic,High Risk
8459,Georgina Aldonza Macías,54,218.23,28,603,0.56,Querétaro,Economic,High Risk
8460,Barbara Julia Orosco Ornelas,43,201.4,15,661,0.57,Guanajuato,Economic,Medium Risk
8461,Soledad Liliana Camarillo Arce,53,181.01,18,676,0.33,Colima,Economic,Medium Risk
8462,Eugenio José Eduardo Montero,57,271.81,2,529,0.54,Tabasco,Economic,High Risk
8463,Martha Yolanda Ortega,69,387.29,10,633,0.17,Baja California Sur,Economic,High Risk
8464,Aurelio Pascual Barela,68,231.36,38,680,0.39,Michoacán de Ocampo,Economic,Medium Risk
8465,Cristian Nájera Ledesma,51,181.1,16,666,0.25,Guanajuato,Economic,Medium Risk
8466,Bernardo Nieves Padilla,51,125.53,15,619,0.47,Colima,Economic,High Risk
8467,Rosalia Ornelas Robledo,57,,8,524,0.42,Distrito Federal,Economic,High Risk
8468,Espartaco Fernández Espinal,21,284.71,1,523,0.53,Nayarit,Economic,High Risk
8469,Maximiliano Vanegas Alcala,66,278.36,38,587,0.4,Jalisco,Economic,High Risk
8470,Emiliano Gerónimo Garay,37,388.25,14,531,0.37,Chiapas,Economic,High Risk
8471,Sr. Juan Carlos Vaca,22,347.23,0,567,0.29,Chiapas,Economic,High Risk
8472,Sr. Zacarías Barreto,64,424.81,18,532,0.14,Jalisco,Economic,High Risk
8473,Ana María Alfaro,68,190.08,18,655,0.16,Campeche,Economic,Medium Risk
8474,Rodolfo Alfredo Molina,47,216.11,9,500,0.3,Coahuila de Zaragoza,Economic,High Risk
8475,Eric Óliver Nieto Polanco,36,188.92,7,545,0.42,Durango,Economic,High Risk
8476,Hermelinda María Luisa Holguín Nevárez,22,241.35,1,549,0.32,Michoacán de Ocampo,Economic,High Risk
8477,Gerónimo Gustavo Valentín Quintanilla,31,251.58,1,667,0.52,Aguascalientes,Economic,Medium Risk
8478,Abel Víctor Téllez,60,342.05,28,591,0.59,Michoacán de Ocampo,Economic,High Risk
8479,Srita. Emilia Linares,70,107.22,37,629,0.34,Hidalgo,Economic,High Risk
8480,Ruby Arriaga Griego,28,85.26,5,676,0.5,Nuevo León,Economic,Medium Risk
8481,Dra. Martha Alonzo,64,281.59,12,586,0.32,México,Economic,High Risk
8482,Dra. Ángela Riojas,32,139.85,7,623,0.27,Guanajuato,Economic,High Risk
8483,Héctor Corrales,63,254.16,3,601,0.4,Durango,Economic,High Risk
8484,Tomás del Valle,31,424.11,11,648,0.15,Aguascalientes,Economic,High Risk
8485,Rolando de Anda Ibarra,39,207.84,3,629,0.39,Oaxaca,Economic,High Risk
8486,Sr. Aldo Treviño,34,436.77,12,591,0.1,Aguascalientes,Economic,High Risk
8487,Germán Reynaldo Serna,44,349.94,0,534,0.52,Sinaloa,Economic,High Risk
8488,Lic. Lucía Pineda,30,166.74,0,547,0.31,Sinaloa,Economic,High Risk
8489,Yolanda Wendolin Marroquín Cornejo,40,258.84,2,587,0.41,Morelos,Economic,High Risk
8490,Esther Arce,32,162.7,4,645,0.22,México,Economic,High Risk
8491,Perla Maldonado,26,,1,579,0.16,Tamaulipas,Economic,High Risk
8492,Eloisa Daniela Arreola Espinoza,68,137.53,22,569,0.29,Quintana Roo,Economic,High Risk
8493,José Emilio Arellano Mejía,42,167.07,19,552,0.13,Coahuila de Zaragoza,Economic,High Risk
8494,Caridad Soliz,33,268.05,3,588,0.41,Morelos,Economic,High Risk
8495,Ing. Alfredo Zamora,52,185.72,14,654,0.11,Baja California Sur,Economic,Medium Risk
8496,Isabel Borrego Vargas,63,,25,580,0.36,Quintana Roo,Economic,High Risk
8497,Dra. Delia Macías,43,191.09,3,590,0.55,Tabasco,Economic,High Risk
8498,Jacinto Ricardo Zambrano Quiñones,52,325.17,4,566,0.5,Querétaro,Economic,High Risk
8499,Germán Santana,43,326.29,5,645,0.2,Baja California,Economic,High Risk
8500,Dulce María Jimínez Baeza,36,179.04,3,583,0.49,Campeche,Economic,High Risk
8501,Ricardo César Jáquez,58,202.96,34,674,0.47,Zacatecas,Economic,Medium Risk
8502,Pablo Rodrigo Abrego Quiñones,46,144.07,19,502,0.23,Jalisco,Economic,High Risk
8503,Mario Uriel Guerra,67,307.87,19,562,0.52,Tabasco,Economic,High Risk
8504,Sr. Antonio Sepúlveda,69,140.82,24,582,0.17,Tabasco,Economic,High Risk
8505,Mauro Óliver Castellanos Sarabia,24,117.81,0,514,0.49,Chiapas,Economic,High Risk
8506,Alejandra Delia Yáñez,67,369.39,16,570,0.5,Distrito Federal,Economic,High Risk
8507,Isaac Renato Farías,54,526.94,7,531,0.58,Baja California,Economic,High Risk
8508,Ing. Eloy Posada,57,382.45,10,541,0.24,México,Economic,High Risk
8509,Luis Manuel Israel Miramontes Salazar,41,229.03,15,660,0.13,Baja California Sur,Economic,Medium Risk
8510,Felipe Benjamín Cabrera,22,177.55,0,659,0.48,Veracruz de Ignacio de la Llave,Economic,Medium Risk
8511,Maximiliano Sergio Meraz,38,341.12,18,604,0.27,Michoacán de Ocampo,Economic,High Risk
8512,Silvano Miguel Flórez,23,382.64,5,598,0.51,Durango,Economic,High Risk
8513,Miguel Cantú,56,156.29,9,615,0.16,Colima,Economic,High Risk
8514,Raúl Gálvez Colón,29,160.1,4,641,0.5,Distrito Federal,Economic,High Risk
8515,Roberto José Emilio Ortiz,33,226.85,1,650,0.2,Michoacán de Ocampo,Economic,Medium Risk
8516,Georgina Marisela Zayas,44,179.65,9,535,0.39,San Luis Potosí,Economic,High Risk
8517,Dulce Nadia Parra Montes,28,132.67,0,577,0.18,Sinaloa,Economic,High Risk
8518,Ricardo Batista,44,203.41,2,653,0.53,Zacatecas,Economic,Medium Risk
8519,María Eugenia Juárez,27,260.05,6,586,0.26,Zacatecas,Economic,High Risk
8520,Eva Galarza,47,430.92,4,657,0.23,Oaxaca,Economic,Medium Risk
8521,Esperanza Rendón,62,,35,557,0.1,Zacatecas,Economic,High Risk
8522,Pilar Wendolin Véliz Girón,35,262.49,13,659,0.38,Puebla,Economic,Medium Risk
8523,Alonso Ulibarri Rodrígez,21,93.13,0,501,0.14,Sonora,Economic,High Risk
8524,Martha Estrada,48,194.69,0,635,0.23,Chiapas,Economic,High Risk
8525,Juana Altamirano Páez,42,238.35,6,680,0.3,Oaxaca,Economic,Medium Risk
8526,Modesto Aparicio Espinoza,22,83.39,1,654,0.12,Jalisco,Economic,Medium Risk
8527,Adalberto Marco Antonio Carvajal,27,172.73,0,581,0.58,Querétaro,Economic,High Risk
8528,Ing. Mariano Apodaca,22,319.92,0,538,0.5,Hidalgo,Economic,High Risk
8529,Javier Mayorga Garrido,46,549.15,3,502,0.58,Oaxaca,Economic,High Risk
8530,Reynaldo Mateo Bétancourt Quintanilla,37,93.0,0,665,0.38,Guerrero,Economic,Medium Risk
8531,Lic. Alejandra Santacruz,33,327.44,0,613,0.22,Baja California Sur,Economic,High Risk
8532,Indira Rosalia Hernandes,34,205.71,12,675,0.16,Puebla,Economic,Medium Risk
8533,Teresa Trinidad Polanco Tijerina,65,379.48,45,548,0.14,Oaxaca,Economic,High Risk
8534,Caridad Olvera,44,300.34,4,544,0.48,Chihuahua,Economic,High Risk
8535,Adán Zayas Rentería,64,,18,559,0.4,San Luis Potosí,Economic,High Risk
8536,César Altamirano,49,169.85,11,668,0.37,Sinaloa,Economic,Medium Risk
8537,Maximiliano Esteban Toledo Garza,58,265.33,24,645,0.25,Campeche,Economic,High Risk
8538,Estela Salma Quintanilla Villanueva,64,227.19,23,544,0.47,Guerrero,Economic,High Risk
8539,Micaela Virginia Bustamante Sotelo,23,187.7,1,543,0.53,Oaxaca,Economic,High Risk
8540,Paola Virginia Mercado Viera,36,,6,533,0.25,Chihuahua,Economic,High Risk
8541,Dra. Citlali Alcántar,39,253.05,1,676,0.6,Sinaloa,Economic,Medium Risk
8542,Camilo Abrego León,30,308.09,0,533,0.39,Chihuahua,Economic,High Risk
8543,Isabel Candelaria,62,179.91,15,590,0.5,Chihuahua,Economic,High Risk
8544,Esperanza Iglesias,21,128.41,0,521,0.33,Nayarit,Economic,High Risk
8545,Alicia Amalia Espinosa Castillo,32,195.51,12,657,0.35,Guerrero,Economic,Medium Risk
8546,Camilo Gregorio Zamudio Mota,43,127.93,14,599,0.4,Sonora,Economic,High Risk
8547,María del Carmen Nevárez,59,157.71,11,677,0.3,Zacatecas,Economic,Medium Risk
8548,Lic. Ariadna Sosa,36,273.22,6,593,0.23,Tabasco,Economic,High Risk
8549,Dra. Georgina Naranjo,29,178.62,3,656,0.11,Colima,Economic,Medium Risk
8550,Dra. Sandra Ochoa,21,208.55,1,523,0.16,Baja California Sur,Economic,High Risk
8551,Adán Marco Antonio Dueñas,44,222.23,1,653,0.33,Colima,Economic,Medium Risk
8552,Pascual Ángel Chapa Villa,66,276.56,2,546,0.31,Durango,Economic,High Risk
8553,Sofía Socorro Cintrón Esparza,70,99.36,3,595,0.56,Veracruz de Ignacio de la Llave,Economic,High Risk
8554,Julio Linares Vargas,67,172.9,15,523,0.24,Jalisco,Economic,High Risk
8555,Ing. Gustavo Alba,34,286.49,6,533,0.32,Jalisco,Economic,High Risk
8556,José Carlos Molina,31,183.71,4,563,0.4,Baja California Sur,Economic,High Risk
8557,Estela Norma Canales Zarate,45,268.55,12,518,0.59,Chiapas,Economic,High Risk
8558,Benjamín Patricio Crespo,32,205.25,3,644,0.37,Michoacán de Ocampo,Economic,High Risk
8559,Olga Dulce Gallardo Pizarro,37,168.71,7,513,0.36,Distrito Federal,Economic,High Risk
8560,Karina Tello Sauceda,67,372.6,43,635,0.56,Colima,Economic,High Risk
8561,Lic. Estela Villalpando,33,191.59,3,552,0.36,Nuevo León,Economic,High Risk
8562,Abelardo Pacheco Medina,49,98.57,12,632,0.19,Durango,Economic,High Risk
8563,Lucas Padrón Trujillo,63,521.46,22,538,0.57,Chiapas,Economic,High Risk
8564,Luz Salcedo Valadez,33,188.12,8,512,0.19,Oaxaca,Economic,High Risk
8565,Espartaco Teodoro Porras Abrego,39,211.37,19,504,0.26,Quintana Roo,Economic,High Risk
8566,Israel Granado Villalobos,25,351.75,4,627,0.12,Colima,Economic,High Risk
8567,Bernardo Modesto Salgado Zayas,38,140.87,3,535,0.43,Morelos,Economic,High Risk
8568,Dolores Olivia Fuentes,51,181.99,17,636,0.42,San Luis Potosí,Economic,High Risk
8569,Patricia Otero Molina,46,212.01,0,506,0.48,Yucatán,Economic,High Risk
8570,Alonso Germán Coronado,24,90.72,0,607,0.57,Sinaloa,Economic,High Risk
8571,Marco Antonio Orosco Raya,56,337.08,32,663,0.59,Guanajuato,Economic,Medium Risk
8572,Ignacio Casares,37,641.37,12,661,0.48,Hidalgo,Economic,Medium Risk
8573,Estela Negrón,40,295.69,8,654,0.19,Chiapas,Economic,Medium Risk
8574,Inés del Río Manzanares,50,341.98,20,628,0.33,Zacatecas,Economic,High Risk
8575,Juan Carlos Miguel Ángel Villalpando Mares,30,121.34,4,504,0.14,Morelos,Economic,High Risk
8576,Ing. Espartaco Solorzano,33,143.86,11,504,0.5,Durango,Economic,High Risk
8577,Eloy Ignacio Soria Lira,48,62.08,20,674,0.39,Tlaxcala,Economic,Medium Risk
8578,Jorge Luis Octavio Bahena,42,171.81,11,675,0.37,San Luis Potosí,Economic,Medium Risk
8579,Dr. Rodrigo Coronado,39,209.42,10,565,0.44,Colima,Economic,High Risk
8580,Ramiro Lorenzo Jurado Véliz,41,416.33,7,504,0.12,Campeche,Economic,High Risk
8581,Ing. Isabel Ozuna,30,156.6,0,547,0.17,Veracruz de Ignacio de la Llave,Economic,High Risk
8582,Alonso Mario Alonzo,35,302.87,5,539,0.4,Coahuila de Zaragoza,Economic,High Risk
8583,Timoteo Gerardo Monroy de la Rosa,22,525.29,0,619,0.42,Zacatecas,Economic,High Risk
8584,Eric Quintero Zepeda,25,188.28,1,639,0.58,Guerrero,Economic,High Risk
8585,Juana Débora Cuellar Sanabria,54,81.71,24,517,0.39,Campeche,Economic,High Risk
8586,Rufino Luis Ibarra,37,112.46,11,502,0.56,Zacatecas,Economic,High Risk
8587,Ruby Zavala,25,213.45,0,588,0.5,Tabasco,Economic,High Risk
8588,Salma Montoya,69,220.53,29,526,0.23,Tlaxcala,Economic,High Risk
8589,Noemí Lucía Bañuelos,53,507.78,22,580,0.54,Tabasco,Economic,High Risk
8590,Nayeli Liliana Arteaga Cervántez,22,119.4,0,584,0.36,Tamaulipas,Economic,High Risk
8591,Diego Ocasio,53,449.62,25,619,0.29,Campeche,Economic,High Risk
8592,Martín Ricardo Rangel,55,282.06,24,522,0.39,México,Economic,High Risk
8593,Camilo Hernández Robledo,27,117.89,2,552,0.34,Tlaxcala,Economic,High Risk
8594,María Eugenia Karina Reséndez,32,236.71,3,518,0.11,Morelos,Economic,High Risk
8595,Srita. Irene Valdés,56,247.47,20,549,0.55,Aguascalientes,Economic,High Risk
8596,Conchita Zoé Nava,69,245.42,47,569,0.36,Jalisco,Economic,High Risk
8597,María Cristina Galarza,54,474.08,15,528,0.14,Veracruz de Ignacio de la Llave,Economic,High Risk
8598,Héctor Barraza Maldonado,56,131.64,16,518,0.37,Campeche,Economic,High Risk
8599,Claudio Javier Cepeda Granados,54,290.51,6,509,0.11,Tlaxcala,Economic,High Risk
8600,Srita. Débora Ordóñez,66,335.29,30,592,0.29,Chihuahua,Economic,High Risk
8601,Julia Rocío Tovar Leal,69,229.62,41,575,0.39,Durango,Economic,High Risk
8602,Francisco Julio César Ruiz de la O,46,185.05,10,568,0.23,Chiapas,Economic,High Risk
8603,Esmeralda Verónica Ortiz Carrera,36,116.87,11,600,0.43,México,Economic,High Risk
8604,Gonzalo Elizondo,26,221.61,0,506,0.34,Campeche,Economic,High Risk
8605,Andrés Jaime Ortega,27,437.05,1,604,0.36,Sonora,Economic,High Risk
8606,Dra. Camila Moreno,63,265.8,33,650,0.12,Tabasco,Economic,Medium Risk
8607,Ángel Jesús Barela Alonzo,52,233.29,14,602,0.22,Coahuila de Zaragoza,Economic,High Risk
8608,Florencia Natividad Aragón Valadez,23,457.06,0,578,0.33,Baja California Sur,Economic,High Risk
8609,Javier Samuel Barajas Villaseñor,59,80.54,33,653,0.26,México,Economic,Medium Risk
8610,Karla Palomo Caballero,37,120.42,4,660,0.26,Chihuahua,Economic,Medium Risk
8611,Dra. Clara Saiz,32,263.79,7,673,0.31,Quintana Roo,Economic,Medium Risk
8612,Germán Amador Gamez,43,151.65,10,606,0.5,México,Economic,High Risk
8613,Ing. Karla Villagómez,46,248.36,4,598,0.52,Guerrero,Economic,High Risk
8614,Juan Carlos Agustín Romo Quesada,35,253.33,2,547,0.41,Hidalgo,Economic,High Risk
8615,Óscar Zamora,29,309.06,8,611,0.5,Tabasco,Economic,High Risk
8616,Marisol Amalia Báez,61,327.88,38,569,0.19,Chihuahua,Economic,High Risk
8617,Gloria Jaimes,45,196.09,22,622,0.49,Nuevo León,Economic,High Risk
8618,Serafín Gregorio Madrigal Vélez,23,247.02,2,631,0.54,Zacatecas,Economic,High Risk
8619,Esteban Jesús Archuleta,41,244.29,10,614,0.45,San Luis Potosí,Economic,High Risk
8620,Eloisa Ana Ortega,27,325.01,1,572,0.48,Quintana Roo,Economic,High Risk
8621,Dra. Indira Estévez,61,114.36,1,594,0.57,Durango,Economic,High Risk
8622,Benjamín Nicolás Venegas,22,466.63,0,582,0.35,Tlaxcala,Economic,High Risk
8623,Cristina Maestas,22,93.99,2,549,0.14,Michoacán de Ocampo,Economic,High Risk
8624,Miriam Florencia Acuña,61,302.2,25,628,0.57,Baja California,Economic,High Risk
8625,Esther Montoya,31,519.79,5,595,0.16,Chiapas,Economic,High Risk
8626,Perla Cazares Partida,46,263.4,21,537,0.16,Nayarit,Economic,High Risk
8627,Hugo Jaime Polanco Maestas,68,130.16,1,670,0.35,Puebla,Economic,Medium Risk
8628,Ing. Cynthia Carrillo,27,220.52,2,542,0.47,Oaxaca,Economic,High Risk
8629,Patricia Eugenia Ybarra,44,92.27,4,632,0.53,Veracruz de Ignacio de la Llave,Economic,High Risk
8630,Mario Jorge Bétancourt Estrada,56,206.72,13,573,0.48,Chihuahua,Economic,High Risk
8631,Sra. Caridad Téllez,33,117.11,8,525,0.49,México,Economic,High Risk
8632,Hugo José Emilio Rangel,34,170.1,6,518,0.47,Querétaro,Economic,High Risk
8633,Lic. Cristal Rivero,23,321.77,0,581,0.38,Quintana Roo,Economic,High Risk
8634,Ing. Humberto Casillas,48,305.56,8,530,0.48,Chihuahua,Economic,High Risk
8635,Sergio Ornelas Tijerina,57,280.63,11,660,0.2,Tamaulipas,Economic,Medium Risk
8636,Berta Amelia Avilés,55,263.23,20,537,0.16,Coahuila de Zaragoza,Economic,High Risk
8637,Jesús Vicente Piña,41,195.66,8,567,0.47,Baja California Sur,Economic,High Risk
8638,Tania Palomo Fajardo,46,174.4,23,548,0.13,Nayarit,Economic,High Risk
8639,Lic. Mauro de la Fuente,42,288.23,19,635,0.56,Jalisco,Economic,High Risk
8640,Dulce Rocío Esquivel Maya,29,,7,632,0.59,Guerrero,Economic,High Risk
8641,Hernán Barela,22,320.93,3,651,0.43,Colima,Economic,Medium Risk
8642,Dulce Norma Vaca Hinojosa,29,,3,525,0.15,Yucatán,Economic,High Risk
8643,Gabriel Quintanilla,49,370.95,11,504,0.5,Distrito Federal,Economic,High Risk
8644,Ing. Miriam Alba,24,284.2,2,641,0.16,Hidalgo,Economic,High Risk
8645,Minerva Isabela Llamas Sepúlveda,26,168.88,5,559,0.26,Tlaxcala,Economic,High Risk
8646,Yuridia Eugenia Montañez,21,267.56,0,500,0.5,Nayarit,Economic,High Risk
8647,Bernabé García Mondragón,40,195.18,8,619,0.37,Chihuahua,Economic,High Risk
8648,Bernabé de la O Almonte,32,198.06,1,612,0.37,Sonora,Economic,High Risk
8649,Lic. Javier Carreón,37,351.56,6,551,0.34,San Luis Potosí,Economic,High Risk
8650,Óliver Gil Castro,54,188.5,20,582,0.18,Oaxaca,Economic,High Risk
8651,Dalia Frida Peralta,48,156.79,16,640,0.23,Chiapas,Economic,High Risk
8652,Juana Hinojosa Montañez,63,269.04,0,647,0.2,Nuevo León,Economic,High Risk
8653,Yuridia Arcelia Gaytán Saldaña,29,186.02,2,654,0.42,Nayarit,Economic,Medium Risk
8654,Jacobo Jaramillo,64,103.24,8,524,0.19,Guerrero,Economic,High Risk
8655,Rubén Ortega Roldán,44,,0,637,0.2,Yucatán,Economic,High Risk
8656,Cristobal Pichardo,52,277.73,33,589,0.35,Sonora,Economic,High Risk
8657,Georgina Lira Crespo,62,170.33,18,659,0.46,Colima,Economic,Medium Risk
8658,Dra. Esther Rolón,26,192.57,3,597,0.48,Yucatán,Economic,High Risk
8659,Ing. Cecilia Rendón,46,228.09,7,652,0.14,Campeche,Economic,Medium Risk
8660,Jesús Eugenio Duarte,69,215.31,50,552,0.18,Baja California,Economic,High Risk
8661,Nicolás Ledesma,66,185.71,8,592,0.35,México,Economic,High Risk
8662,Octavio Felix Estévez Ulloa,37,314.21,8,516,0.29,México,Economic,High Risk
8663,José Porfirio Arroyo Villaseñor,45,333.75,25,605,0.56,Puebla,Economic,High Risk
8664,Dalia Loera,24,269.09,3,527,0.36,Coahuila de Zaragoza,Economic,High Risk
8665,María Elena Trujillo,34,426.33,9,577,0.3,Campeche,Economic,High Risk
8666,Espartaco Serafín Guardado Benavides,54,186.41,30,638,0.52,Sonora,Economic,High Risk
8667,Santiago Sotelo,41,206.53,4,507,0.46,Aguascalientes,Economic,High Risk
8668,Lucas Villagómez Leyva,37,,3,622,0.18,Zacatecas,Economic,High Risk
8669,Zacarías Sanches Sarabia,47,578.34,13,577,0.56,Tlaxcala,Economic,High Risk
8670,Rebeca Caridad Tovar Aponte,54,372.05,18,671,0.28,Sinaloa,Economic,Medium Risk
8671,Santiago Aguilera,61,174.14,18,668,0.34,Aguascalientes,Economic,Medium Risk
8672,Guadalupe Frida Echeverría,34,229.98,14,663,0.45,México,Economic,Medium Risk
8673,Juana Casárez Rojas,21,,0,651,0.52,Distrito Federal,Economic,Medium Risk
8674,Rolando Segura Villegas,41,122.12,12,543,0.37,Colima,Economic,High Risk
8675,Antonio Saavedra,38,168.64,4,680,0.26,Sonora,Economic,Medium Risk
8676,Ángela Aparicio,27,422.82,5,611,0.56,Coahuila de Zaragoza,Economic,High Risk
8677,Gustavo Leonardo Miramontes,47,132.95,28,531,0.56,Puebla,Economic,High Risk
8678,Jorge Luis Alvarado,64,214.47,29,543,0.24,Zacatecas,Economic,High Risk
8679,Diego Bernardo Montañez Munguía,61,328.16,21,567,0.47,Coahuila de Zaragoza,Economic,High Risk
8680,Vicente Aldo Zayas,45,198.04,1,619,0.37,Campeche,Economic,High Risk
8681,Karla Medrano,47,165.36,10,634,0.13,Coahuila de Zaragoza,Economic,High Risk
8682,Dra. Silvia Bermúdez,53,286.97,16,503,0.22,Colima,Economic,High Risk
8683,Leonardo Juan Barragán,44,186.59,23,676,0.59,Distrito Federal,Economic,Medium Risk
8684,Susana Carolina Olmos Leyva,52,279.59,24,545,0.45,Durango,Economic,High Risk
8685,Nancy Pelayo Arellano,33,114.57,8,673,0.47,Quintana Roo,Economic,Medium Risk
8686,José María Oswaldo Madera Fonseca,28,177.16,4,679,0.14,Campeche,Economic,Medium Risk
8687,Dr. Pablo Segura,29,317.31,2,564,0.32,Baja California,Economic,High Risk
8688,Celia Elisa Escamilla Ávalos,64,418.66,22,675,0.44,Nayarit,Economic,Medium Risk
8689,Leticia Magdalena Malave,46,208.87,17,653,0.51,Colima,Economic,Medium Risk
8690,Dra. Caridad Palacios,54,213.42,2,640,0.21,Baja California Sur,Economic,High Risk
8691,Rubén Benítez Montemayor,44,239.22,16,530,0.23,Puebla,Economic,High Risk
8692,Lic. Gerónimo Elizondo,42,233.66,8,575,0.54,Guerrero,Economic,High Risk
8693,Josefina María José Colón,54,342.26,1,579,0.35,Coahuila de Zaragoza,Economic,High Risk
8694,José Perea Cabán,62,282.4,3,629,0.21,Tabasco,Economic,High Risk
8695,Dr. Manuel Iglesias,39,415.32,5,638,0.23,Querétaro,Economic,High Risk
8696,María José Pantoja Cavazos,67,271.23,44,616,0.26,Jalisco,Economic,High Risk
8697,Graciela Vanesa Aguilar,36,226.03,7,637,0.14,Tlaxcala,Economic,High Risk
8698,Lorena Anguiano,46,183.85,6,634,0.2,Nuevo León,Economic,High Risk
8699,Arcelia María Elena Mercado Barragán,65,192.4,8,583,0.48,Colima,Economic,High Risk
8700,Adán Duarte,55,136.74,20,642,0.29,Tamaulipas,Economic,High Risk
8701,Ofelia Minerva Griego Benavides,24,173.32,0,518,0.16,Morelos,Economic,High Risk
8702,Lorena Salgado,50,195.09,21,680,0.51,Chihuahua,Economic,Medium Risk
8703,Ing. Yuridia Candelaria,51,375.12,7,640,0.5,Guanajuato,Economic,High Risk
8704,Eloisa Magdalena Escobedo Marrero,37,301.5,0,598,0.16,Coahuila de Zaragoza,Economic,High Risk
8705,Fidel Leonardo Sarabia,26,340.69,5,563,0.58,Baja California,Economic,High Risk
8706,Lic. Juan Rosales,42,199.1,16,679,0.35,Zacatecas,Economic,Medium Risk
8707,Margarita Vallejo,65,301.66,43,591,0.19,Distrito Federal,Economic,High Risk
8708,Esther Gabriela Castellanos Marrero,62,303.83,27,576,0.53,Aguascalientes,Economic,High Risk
8709,Zeferino Curiel Garrido,67,120.52,19,559,0.56,Quintana Roo,Economic,High Risk
8710,Beatriz Carrera,42,288.43,5,542,0.32,Aguascalientes,Economic,High Risk
8711,Lic. Laura Viera,39,233.36,1,562,0.25,Chihuahua,Economic,High Risk
8712,Cristal Vela Benavídez,66,184.43,3,642,0.46,Quintana Roo,Economic,High Risk
8713,Roberto Zacarías Iglesias Salgado,39,407.53,3,624,0.47,Morelos,Economic,High Risk
8714,Dra. Florencia Romo,25,135.29,0,512,0.39,Jalisco,Economic,High Risk
8715,Rufino Maya Tórrez,29,88.71,3,599,0.2,Guanajuato,Economic,High Risk
8716,María José Rocío Maestas Maya,55,316.37,27,630,0.27,Oaxaca,Economic,High Risk
8717,Lic. Claudia Gastélum,67,100.47,20,674,0.26,Yucatán,Economic,Medium Risk
8718,Jos Barrientos Galindo,26,135.89,0,569,0.27,Aguascalientes,Economic,High Risk
8719,Sr. Carlos Tapia,66,226.69,23,675,0.13,Coahuila de Zaragoza,Economic,Medium Risk
8720,Alonso Omar Enríquez,68,232.54,21,664,0.26,Nuevo León,Economic,Medium Risk
8721,Hugo Juan Estrada,59,254.98,33,629,0.26,Tlaxcala,Economic,High Risk
8722,Ing. Ana Luisa Carrasco,42,213.3,5,615,0.3,Yucatán,Economic,High Risk
8723,María Elena Acuña Camacho,42,203.46,15,588,0.2,Distrito Federal,Economic,High Risk
8724,Úrsula Ramírez Samaniego,36,382.55,8,664,0.55,Coahuila de Zaragoza,Economic,Medium Risk
8725,Sr. Jorge Luis Peres,32,218.5,3,615,0.14,Yucatán,Economic,High Risk
8726,Ing. Cristobal Carrera,27,266.1,0,608,0.23,Jalisco,Economic,High Risk
8727,Abel Marroquín,22,159.06,0,593,0.48,Durango,Economic,High Risk
8728,Alfredo Ortega Villarreal,26,257.92,1,538,0.12,Tlaxcala,Economic,High Risk
8729,Dr. Eloy Flores,35,228.47,7,595,0.31,Morelos,Economic,High Risk
8730,Ing. Óscar Montero,42,182.91,14,626,0.15,Sonora,Economic,High Risk
8731,José Carlos Partida,40,226.32,14,532,0.16,Nuevo León,Economic,High Risk
8732,Bruno Porfirio Garica Esquibel,25,276.26,1,560,0.5,Querétaro,Economic,High Risk
8733,Juan Renato Valle Badillo,25,122.66,1,655,0.58,Baja California Sur,Economic,Medium Risk
8734,Arcelia Terán Linares,34,356.67,7,580,0.28,Puebla,Economic,High Risk
8735,Jos Rubén Reynoso Durán,37,218.49,7,544,0.19,Jalisco,Economic,High Risk
8736,Catalina Urrutia Ceballos,57,151.14,12,627,0.43,Baja California,Economic,High Risk
8737,María Cristina Reina Barela,36,204.16,4,617,0.16,Oaxaca,Economic,High Risk
8738,Samuel Godoy Arellano,58,260.74,28,572,0.24,Tabasco,Economic,High Risk
8739,Soledad Elena del Valle Angulo,23,387.97,1,516,0.44,Baja California Sur,Economic,High Risk
8740,Estefanía Alejandra Chacón Chacón,56,174.39,7,517,0.29,Chiapas,Economic,High Risk
8741,Juan Carlos Arguello,40,179.28,20,583,0.57,México,Economic,High Risk
8742,Ing. Bruno Roldán,63,255.86,20,551,0.15,Nayarit,Economic,High Risk
8743,Nayeli Ortiz,48,360.61,20,671,0.53,Tabasco,Economic,Medium Risk
8744,Rosa Olmos,37,,6,583,0.12,Zacatecas,Economic,High Risk
8745,Indira Valencia,53,192.15,13,566,0.33,Nuevo León,Economic,High Risk
8746,Ing. Lorenzo Otero,62,147.34,6,533,0.31,Tamaulipas,Economic,High Risk
8747,Manuel Silvano Barrera,57,116.21,11,538,0.59,Chihuahua,Economic,High Risk
8748,Manuel Salazar Mireles,66,185.45,0,545,0.41,Morelos,Economic,High Risk
8749,Martín Valadez Leyva,56,400.56,18,546,0.42,Tlaxcala,Economic,High Risk
8750,Eugenio Valdés,29,362.14,3,654,0.49,Guerrero,Economic,Medium Risk
8751,Josefina Rebeca Porras,38,367.63,1,557,0.4,Baja California,Economic,High Risk
8752,Renato Mario López Soliz,32,746.81,0,520,0.18,Hidalgo,Economic,High Risk
8753,Esther Citlali Zarate,31,232.81,1,627,0.28,Guerrero,Economic,High Risk
8754,Enrique Véliz,60,112.01,23,580,0.26,Colima,Economic,High Risk
8755,Josefina Rosario Laboy,32,493.66,3,622,0.39,Quintana Roo,Economic,High Risk
8756,Ramón Pablo Nevárez,45,260.28,24,671,0.45,Jalisco,Economic,Medium Risk
8757,Dr. Marco Antonio Pulido,49,632.2,18,675,0.22,Aguascalientes,Economic,Medium Risk
8758,Fabiola Aponte Laureano,28,170.99,4,614,0.37,Aguascalientes,Economic,High Risk
8759,Dr. Cornelio Gonzales,37,272.6,4,556,0.27,Guanajuato,Economic,High Risk
8760,Ramiro Gamez Estrada,28,87.71,1,607,0.3,Baja California,Economic,High Risk
8761,Esperanza Guillermina Casanova Vera,30,274.86,6,644,0.26,Oaxaca,Economic,High Risk
8762,Carmen Almanza,44,268.72,17,520,0.11,Puebla,Economic,High Risk
8763,Reina Caridad del Valle,55,222.53,25,649,0.27,Michoacán de Ocampo,Economic,High Risk
8764,Jacinto Guevara Chacón,69,201.31,42,668,0.41,Quintana Roo,Economic,Medium Risk
8765,Modesto Jaime Barrientos,40,246.8,12,528,0.22,San Luis Potosí,Economic,High Risk
8766,Mauricio Emiliano Salas,52,293.89,11,679,0.29,Hidalgo,Economic,Medium Risk
8767,Mateo Agustín Lugo Zaragoza,31,133.65,7,598,0.22,Hidalgo,Economic,High Risk
8768,Evelio Melgar Caldera,38,333.11,7,575,0.49,San Luis Potosí,Economic,High Risk
8769,José Carlos Jorge Arenas,64,333.25,32,634,0.35,Distrito Federal,Economic,High Risk
8770,Aurora Carrera Nieto,32,262.96,3,622,0.48,Tabasco,Economic,High Risk
8771,Eloy Guillermo Madrigal,51,244.06,29,508,0.31,Morelos,Economic,High Risk
8772,Yolanda Escobar,43,837.4,6,562,0.16,Chiapas,Economic,High Risk
8773,Sr. Jerónimo Saiz,47,405.39,2,649,0.59,Puebla,Economic,High Risk
8774,Santiago Valadez Gálvez,58,399.41,3,582,0.3,Nuevo León,Economic,High Risk
8775,Marisol María José Lucio Campos,35,83.26,5,566,0.38,Puebla,Economic,High Risk
8776,Cristobal Contreras Núñez,43,150.82,11,557,0.35,Zacatecas,Economic,High Risk
8777,Georgina Alvarez,47,229.13,25,641,0.16,Hidalgo,Economic,High Risk
8778,Lic. Estela Zelaya,49,231.8,8,541,0.21,Hidalgo,Economic,High Risk
8779,Aida Cardenas Cotto,61,202.22,21,535,0.28,Puebla,Economic,High Risk
8780,Alonso Raúl Corral Carranza,61,152.02,32,562,0.43,Chihuahua,Economic,High Risk
8781,Óscar Espartaco Guzmán Correa,48,149.95,25,617,0.11,San Luis Potosí,Economic,High Risk
8782,Eric del Río,65,221.32,31,649,0.5,Tabasco,Economic,High Risk
8783,Ana Luisa Cervantes Santillán,62,137.93,7,643,0.42,Jalisco,Economic,High Risk
8784,Lucía María Cristina Raya Nieto,41,123.08,2,592,0.41,Sonora,Economic,High Risk
8785,Leonel Armando Saucedo,28,345.0,4,672,0.59,Chiapas,Economic,Medium Risk
8786,Estefanía Hernández,24,336.53,0,629,0.58,Nuevo León,Economic,High Risk
8787,Lic. Pascual Páez,25,254.99,3,629,0.51,Baja California Sur,Economic,High Risk
8788,Sr. Joaquín Hernandes,27,258.62,2,572,0.32,Yucatán,Economic,High Risk
8789,Eva Diana Acevedo,22,404.58,3,584,0.54,Sonora,Economic,High Risk
8790,Adalberto Cuellar,44,204.03,4,625,0.4,Tamaulipas,Economic,High Risk
8791,Zeferino Héctor Amador Navarro,28,311.79,2,542,0.42,Sonora,Economic,High Risk
8792,Victoria Alonso,39,171.72,10,511,0.28,Nayarit,Economic,High Risk
8793,Judith Quintanilla Maldonado,44,287.93,12,573,0.46,Puebla,Economic,High Risk
8794,Esperanza Abigail Meza de León,47,212.16,14,578,0.14,Veracruz de Ignacio de la Llave,Economic,High Risk
8795,Sra. Karla Menéndez,44,94.9,11,581,0.56,México,Economic,High Risk
8796,Dr. Patricio Villa,26,392.22,0,533,0.44,Sonora,Economic,High Risk
8797,Itzel Mena Mireles,25,220.35,4,604,0.38,Tamaulipas,Economic,High Risk
8798,Lic. Raúl Segura,45,182.71,8,567,0.25,Aguascalientes,Economic,High Risk
8799,Jorge Luis Fernández Santiago,66,264.56,33,534,0.31,Coahuila de Zaragoza,Economic,High Risk
8800,Dolores Gabriela Cavazos Rael,62,254.42,36,594,0.33,Sinaloa,Economic,High Risk
8801,Lic. Pedro Colunga,55,796.09,9,643,0.55,Campeche,Economic,High Risk
8802,Ana Luisa Florencia Echeverría de Jesús,30,211.01,6,564,0.56,Nayarit,Economic,High Risk
8803,Esteban Nájera Villalobos,66,226.74,23,535,0.36,Durango,Economic,High Risk
8804,Srita. Amalia Cedillo,42,379.94,11,604,0.16,Distrito Federal,Economic,High Risk
8805,Lic. Lilia Carrasco,56,,10,655,0.59,Coahuila de Zaragoza,Economic,Medium Risk
8806,Óliver Gerónimo Chapa Alonzo,42,300.77,14,563,0.56,Guanajuato,Economic,High Risk
8807,Esther Tello,70,580.1,34,530,0.15,Puebla,Economic,High Risk
8808,Eduardo Casas Páez,38,192.11,12,680,0.37,Sinaloa,Economic,Medium Risk
8809,Humberto Gonzalo Granado Lucero,51,94.67,5,522,0.18,Guanajuato,Economic,High Risk
8810,Dulce Karla Carrasco,40,93.3,12,603,0.52,San Luis Potosí,Economic,High Risk
8811,Ing. Pablo Fernández,49,150.14,27,521,0.48,Querétaro,Economic,High Risk
8812,Óscar Puga Tamayo,40,215.7,8,504,0.18,Guanajuato,Economic,High Risk
8813,Sra. Marisol Cisneros,56,126.37,26,667,0.59,Oaxaca,Economic,Medium Risk
8814,María José Garza,21,271.82,0,574,0.36,Hidalgo,Economic,High Risk
8815,Maximiliano Feliciano,62,196.07,16,557,0.22,Tamaulipas,Economic,High Risk
8816,Alma Pilar Cardona,60,380.31,4,639,0.49,Veracruz de Ignacio de la Llave,Economic,High Risk
8817,Ángel Marroquín Camacho,63,313.58,22,510,0.21,Durango,Economic,High Risk
8818,Ing. Silvano Terán,28,213.1,1,617,0.12,Aguascalientes,Economic,High Risk
8819,Mayte Cornejo Montañez,58,299.32,6,599,0.49,Puebla,Economic,High Risk
8820,Jesús Javier Tejeda,63,183.55,5,556,0.47,Aguascalientes,Economic,High Risk
8821,Irene Hermelinda Saiz Camacho,52,206.97,23,523,0.22,Guerrero,Economic,High Risk
8822,Aldo Roberto Gamez Noriega,32,195.9,6,541,0.31,Jalisco,Economic,High Risk
8823,Luz Rivero,35,162.7,5,627,0.19,México,Economic,High Risk
8824,Carlos Adame Ortiz,41,345.48,13,526,0.56,Baja California,Economic,High Risk
8825,Modesto Balderas Romero,44,146.41,13,504,0.32,México,Economic,High Risk
8826,Gilberto Arroyo Aguilar,33,642.72,2,567,0.13,Tabasco,Economic,High Risk
8827,Camilo Antonio Lucio,34,121.86,13,568,0.29,Querétaro,Economic,High Risk
8828,Karina Luisa Heredia,63,329.2,11,676,0.36,Hidalgo,Economic,Medium Risk
8829,David Frías Partida,25,667.52,5,617,0.45,Jalisco,Economic,High Risk
8830,Jacobo Hernán Ibarra,61,183.74,2,529,0.16,Chihuahua,Economic,High Risk
8831,Cristal Olivárez,53,214.43,4,556,0.32,Durango,Economic,High Risk
8832,Ilse Irene Villegas Lozada,51,571.87,10,659,0.14,Sinaloa,Economic,Medium Risk
8833,Eva Rosario Ríos Abrego,62,203.46,3,530,0.24,Puebla,Economic,High Risk
8834,Jesús Madrid Badillo,51,282.83,20,518,0.42,Nuevo León,Economic,High Risk
8835,Juan Leiva,56,250.92,27,596,0.16,Veracruz de Ignacio de la Llave,Economic,High Risk
8836,Susana Porras Carmona,68,352.39,34,606,0.28,Guanajuato,Economic,High Risk
8837,Sara Leticia Gonzales,46,228.33,5,678,0.43,Baja California Sur,Economic,Medium Risk
8838,Lic. Gonzalo Montez,64,205.37,40,661,0.44,Aguascalientes,Economic,Medium Risk
8839,Patricia Irma de la Fuente Guzmán,26,184.92,6,662,0.24,Sonora,Economic,Medium Risk
8840,Víctor González,44,214.17,19,640,0.38,Tlaxcala,Economic,High Risk
8841,Emilia Isabela Uribe Mojica,50,230.64,9,653,0.46,Sonora,Economic,Medium Risk
8842,Zacarías Solano,70,207.02,4,671,0.47,Durango,Economic,Medium Risk
8843,Diego Pedraza,64,118.61,22,630,0.12,Querétaro,Economic,High Risk
8844,Alvaro Cordero,69,355.79,7,646,0.56,Quintana Roo,Economic,High Risk
8845,Guillermo Elias Zavala Dueñas,55,334.89,8,602,0.3,Colima,Economic,High Risk
8846,Karla Solorzano,37,107.5,1,523,0.45,Zacatecas,Economic,High Risk
8847,Blanca Ofelia Echeverría,58,302.09,9,664,0.17,Puebla,Economic,Medium Risk
8848,Yuridia Salcedo,68,153.44,30,620,0.33,Morelos,Economic,High Risk
8849,Benito Arteaga,65,163.71,18,544,0.38,Sinaloa,Economic,High Risk
8850,Ramón Rubén Padrón Tello,57,258.08,17,628,0.51,Tlaxcala,Economic,High Risk
8851,Oswaldo Pacheco,21,217.84,0,556,0.52,Morelos,Economic,High Risk
8852,Yeni Segovia,30,306.7,4,671,0.56,Nuevo León,Economic,Medium Risk
8853,Martha Josefina Godínez Esparza,69,202.38,8,629,0.13,Oaxaca,Economic,High Risk
8854,Ana María Sanabria,40,186.51,9,546,0.11,México,Economic,High Risk
8855,Srita. Violeta Beltrán,55,399.21,8,666,0.46,Querétaro,Economic,Medium Risk
8856,Juan Carlos Pantoja Ocampo,64,249.37,18,569,0.28,San Luis Potosí,Economic,High Risk
8857,Ing. Juan Trejo,24,,5,531,0.29,Oaxaca,Economic,High Risk
8858,Srita. Olivia Rael,40,130.79,5,598,0.16,Jalisco,Economic,High Risk
8859,José Luis Vaca,24,255.83,0,546,0.18,Distrito Federal,Economic,High Risk
8860,Rosalia Sanabria Zamudio,37,238.01,1,598,0.21,Yucatán,Economic,High Risk
8861,Olga Castro Navarrete,46,82.85,2,551,0.2,Colima,Economic,High Risk
8862,Dra. Laura Rubio,68,342.01,42,605,0.45,Zacatecas,Economic,High Risk
8863,Dra. Victoria Villa,48,367.96,22,653,0.56,Puebla,Economic,Medium Risk
8864,Nadia Leticia Casanova de la Rosa,69,227.7,8,646,0.29,Campeche,Economic,High Risk
8865,Sr. Roberto Jiménez,26,158.49,1,633,0.53,Chiapas,Economic,High Risk
8866,Lic. Leonor Carbajal,22,198.53,3,673,0.43,Chihuahua,Economic,Medium Risk
8867,Mariana Ivonne Duarte Elizondo,28,218.39,4,571,0.17,Guerrero,Economic,High Risk
8868,Ángela Prieto,30,152.05,1,558,0.34,Hidalgo,Economic,High Risk
8869,Lic. Santiago Aguilar,69,192.01,42,613,0.3,Baja California,Economic,High Risk
8870,Dr. Patricio Menéndez,54,205.0,12,585,0.57,Campeche,Economic,High Risk
8871,Dr. Jonás Amador,70,163.47,1,511,0.16,Nuevo León,Economic,High Risk
8872,Marco Antonio Claudio Vanegas Dueñas,47,129.6,17,504,0.26,Tlaxcala,Economic,High Risk
8873,Ing. Luis Manuel Montañez,29,172.46,1,585,0.31,Michoacán de Ocampo,Economic,High Risk
8874,Timoteo Maximiliano Vigil Esquibel,44,238.94,9,641,0.56,Tlaxcala,Economic,High Risk
8875,Beatriz Zarate,25,119.73,0,640,0.53,Jalisco,Economic,High Risk
8876,Nelly Estela Sanabria,48,115.32,10,631,0.21,Yucatán,Economic,High Risk
8877,Mario Gamboa Tapia,55,143.95,13,532,0.29,Tlaxcala,Economic,High Risk
8878,Antonia Dalia Robles,51,173.85,25,503,0.32,Sonora,Economic,High Risk
8879,Bernardo Sergio Montenegro Arias,52,288.3,15,612,0.12,Chihuahua,Economic,High Risk
8880,Noemí Gabriela Santillán León,30,290.47,2,565,0.27,Nayarit,Economic,High Risk
8881,Sra. Raquel Meléndez,67,252.6,41,570,0.33,Quintana Roo,Economic,High Risk
8882,Sr. Francisco Javier Armenta,56,193.47,26,518,0.33,México,Economic,High Risk
8883,Diana Cadena Montaño,38,276.79,10,642,0.55,Baja California,Economic,High Risk
8884,Aldonza Marcela Escobar,41,123.6,6,601,0.31,Baja California,Economic,High Risk
8885,Dr. Mario Regalado,68,214.12,8,538,0.4,Nuevo León,Economic,High Risk
8886,Lucas Pablo Jurado Muñiz,35,190.26,12,676,0.49,Sonora,Economic,Medium Risk
8887,Felix Fidel Treviño,48,209.34,4,544,0.51,Puebla,Economic,High Risk
8888,Dra. Francisca Aguilera,21,223.66,0,537,0.3,Chiapas,Economic,High Risk
8889,Dr. Elias Ontiveros,46,180.78,10,596,0.59,Tabasco,Economic,High Risk
8890,Ofelia Heredia,61,236.0,42,572,0.37,Oaxaca,Economic,High Risk
8891,Carla Samaniego Oquendo,60,188.65,11,565,0.54,Morelos,Economic,High Risk
8892,Ing. Diana Ferrer,48,251.6,14,597,0.47,Campeche,Economic,High Risk
8893,José Luis Alonso Godínez,39,143.95,8,592,0.5,Chiapas,Economic,High Risk
8894,Francisco Claudio Arroyo Ornelas,25,269.41,5,520,0.14,Querétaro,Economic,High Risk
8895,Srita. Wendolin Gallardo,38,86.19,14,534,0.41,Chihuahua,Economic,High Risk
8896,Rodrigo Orellana,56,432.21,15,639,0.11,Quintana Roo,Economic,High Risk
8897,Lic. Angélica Sanches,50,432.27,3,533,0.49,Oaxaca,Economic,High Risk
8898,Eva Elsa Solorzano Rico,29,160.99,3,623,0.31,Sonora,Economic,High Risk
8899,Julio Alcala,68,165.14,10,558,0.59,Tlaxcala,Economic,High Risk
8900,Rebeca Eugenia Saiz,56,180.09,2,641,0.57,Distrito Federal,Economic,High Risk
8901,Amalia Lara Guevara,46,306.13,25,667,0.36,Quintana Roo,Economic,Medium Risk
8902,Sra. María Cristina Leal,33,276.77,1,668,0.21,Hidalgo,Economic,Medium Risk
8903,Leonor Calvillo Páez,69,593.38,9,669,0.26,Durango,Economic,Medium Risk
8904,Porfirio Camilo Rivera,33,162.5,3,616,0.58,Nayarit,Economic,High Risk
8905,Sr. Patricio Solorio,33,260.5,0,517,0.32,Guerrero,Economic,High Risk
8906,Pamela Citlali Segura Sevilla,48,723.78,27,542,0.44,Guanajuato,Economic,High Risk
8907,Carlota Carmen Cavazos Loera,44,277.32,2,547,0.3,Morelos,Economic,High Risk
8908,Carolina Anel Serrano Alonso,38,208.16,0,654,0.12,Chihuahua,Economic,Medium Risk
8909,Alejandro José Manuél Raya Morales,32,254.21,6,541,0.53,Coahuila de Zaragoza,Economic,High Risk
8910,Dr. Fernando Zelaya,24,97.66,4,656,0.18,Zacatecas,Economic,Medium Risk
8911,Tomás Alvarado Armas,44,217.97,19,674,0.23,San Luis Potosí,Economic,Medium Risk
8912,Carmen Margarita Cotto,43,323.83,23,545,0.55,Distrito Federal,Economic,High Risk
8913,Esther Castro Casárez,37,236.75,17,560,0.39,Campeche,Economic,High Risk
8914,Mercedes Aida Apodaca Brito,35,170.13,14,529,0.16,Chiapas,Economic,High Risk
8915,Marco Antonio Julio de la Torre Mesa,54,200.77,35,506,0.23,Quintana Roo,Economic,High Risk
8916,María Luisa Gloria Guevara Archuleta,40,327.94,7,602,0.36,Chihuahua,Economic,High Risk
8917,Alicia Beatriz Santillán,59,263.69,5,534,0.16,Guanajuato,Economic,High Risk
8918,Silvia Téllez,63,224.62,27,521,0.42,San Luis Potosí,Economic,High Risk
8919,Víctor René Villanueva,46,153.62,25,525,0.34,Puebla,Economic,High Risk
8920,Abigail Rojas,37,329.28,17,650,0.49,Tamaulipas,Economic,Medium Risk
8921,Eugenia Linda Lemus Girón,56,403.71,5,570,0.25,Distrito Federal,Economic,High Risk
8922,Miriam Heredia Paredes,33,235.0,1,614,0.53,Oaxaca,Economic,High Risk
8923,Florencia Lourdes Cazares Bonilla,68,325.57,2,602,0.23,Baja California,Economic,High Risk
8924,Aldo Carmona Navarro,34,249.69,12,562,0.51,Tamaulipas,Economic,High Risk
8925,Mauricio José María Lerma Rivera,44,115.17,19,641,0.35,Tamaulipas,Economic,High Risk
8926,Teresa Bianca Garrido,58,138.06,0,612,0.58,Distrito Federal,Economic,High Risk
8927,Vanesa Juana Menéndez,52,283.79,28,607,0.38,Oaxaca,Economic,High Risk
8928,José Arroyo Farías,34,197.72,0,651,0.28,Zacatecas,Economic,Medium Risk
8929,Dra. Amalia Negrete,62,280.17,9,505,0.15,Hidalgo,Economic,High Risk
8930,Jacinto Rafaél Sepúlveda,38,235.1,8,641,0.58,Durango,Economic,High Risk
8931,Yeni Cristal Reyna,34,285.79,2,566,0.18,San Luis Potosí,Economic,High Risk
8932,Carla María del Carmen López,49,219.13,7,605,0.32,Tlaxcala,Economic,High Risk
8933,Diego Urías,58,211.35,20,565,0.58,Nuevo León,Economic,High Risk
8934,Hernán Alvaro Hidalgo,31,172.27,1,588,0.44,Oaxaca,Economic,High Risk
8935,Isabela María Luisa Ceja,26,73.64,6,578,0.37,Quintana Roo,Economic,High Risk
8936,Sr. Salvador Jaimes,46,176.56,12,637,0.38,Chiapas,Economic,High Risk
8937,Juan Carlos Arturo Alvarez,63,308.48,28,616,0.17,Baja California,Economic,High Risk
8938,Javier Puente,31,203.01,1,518,0.22,Sonora,Economic,High Risk
8939,Diego Arteaga,68,326.51,11,570,0.13,Hidalgo,Economic,High Risk
8940,Citlali Cynthia Herrera,24,72.38,1,674,0.27,Jalisco,Economic,Medium Risk
8941,Serafín Eric Madera Villa,37,145.76,11,605,0.4,Oaxaca,Economic,High Risk
8942,Ing. Frida Rivera,31,,2,550,0.41,Baja California Sur,Economic,High Risk
8943,Jorge Luis Bernardo Peres Puente,27,219.89,0,513,0.17,San Luis Potosí,Economic,High Risk
8944,Sr. Víctor Mayorga,52,274.16,16,559,0.12,Guanajuato,Economic,High Risk
8945,Ing. María Teresa Torres,27,297.41,5,574,0.2,Aguascalientes,Economic,High Risk
8946,Ing. Leonardo de la Crúz,48,128.89,11,539,0.33,Veracruz de Ignacio de la Llave,Economic,High Risk
8947,Carlos Aponte,53,248.93,20,546,0.21,Nayarit,Economic,High Risk
8948,Luisa Altamirano,48,730.79,17,570,0.26,Tabasco,Economic,High Risk
8949,Victoria Farías Guerra,25,83.09,4,576,0.51,Tabasco,Economic,High Risk
8950,Ramiro Esteban Fuentes,22,219.49,0,673,0.51,Guerrero,Economic,Medium Risk
8951,Aurora Inés Tirado,68,131.86,40,661,0.45,Tabasco,Economic,Medium Risk
8952,Sra. Conchita Saavedra,33,293.2,8,548,0.39,Tlaxcala,Economic,High Risk
8953,Porfirio Pablo Enríquez Maestas,39,350.3,2,629,0.34,Puebla,Economic,High Risk
8954,Esteban Sauceda,53,269.12,0,611,0.49,Michoacán de Ocampo,Economic,High Risk
8955,Jesús Mauricio Barrios,37,172.15,7,616,0.59,Baja California,Economic,High Risk
8956,Eric Samuel Camacho Cervántez,42,155.72,21,634,0.2,Tamaulipas,Economic,High Risk
8957,Esmeralda Mariana Aguirre Vanegas,54,178.52,18,525,0.1,Hidalgo,Economic,High Risk
8958,Josefina Leticia Valverde,46,273.72,2,565,0.31,Oaxaca,Economic,High Risk
8959,Pedro Juan Báez Pérez,34,275.11,6,509,0.44,Sinaloa,Economic,High Risk
8960,Gustavo Francisco Marroquín Mota,48,143.36,7,524,0.38,Michoacán de Ocampo,Economic,High Risk
8961,Elias Eduardo Mercado,59,177.87,9,595,0.38,Puebla,Economic,High Risk
8962,Francisca Abrego Escalante,57,174.57,7,582,0.27,Coahuila de Zaragoza,Economic,High Risk
8963,María José Rocío Quintanilla,58,246.57,22,500,0.44,Guanajuato,Economic,High Risk
8964,María Cristina Berríos Camarillo,24,163.38,0,647,0.45,Chiapas,Economic,High Risk
8965,Sara Lilia Meléndez,36,244.68,5,534,0.29,Nuevo León,Economic,High Risk
8966,Uriel Jonás Soto,57,225.98,21,616,0.53,Guanajuato,Economic,High Risk
8967,José María Hernán Montez Aguilar,54,341.77,18,509,0.58,México,Economic,High Risk
8968,Estefanía Verónica Armenta Garay,46,219.31,27,598,0.37,Nayarit,Economic,High Risk
8969,Carla Cristina Yáñez Arellano,41,305.38,19,600,0.33,Sinaloa,Economic,High Risk
8970,Andrés Amaya,69,305.52,27,566,0.58,Baja California Sur,Economic,High Risk
8971,Dra. Dalia Canales,66,275.04,44,541,0.58,Oaxaca,Economic,High Risk
8972,María Estela Aguirre,33,212.35,9,521,0.32,Puebla,Economic,High Risk
8973,José Manuél David Fonseca Ramírez,45,335.0,1,624,0.28,Sonora,Economic,High Risk
8974,Abraham Rico,55,292.93,18,511,0.18,Zacatecas,Economic,High Risk
8975,Gerónimo Cadena Alejandro,65,120.41,22,607,0.59,Chihuahua,Economic,High Risk
8976,Lic. Socorro Gracia,26,214.29,1,566,0.54,Oaxaca,Economic,High Risk
8977,Margarita Zavala López,60,261.37,21,536,0.3,Zacatecas,Economic,High Risk
8978,Ing. Francisco Javier Haro,53,92.3,6,507,0.56,Jalisco,Economic,High Risk
8979,Sra. Victoria Covarrubias,55,257.13,28,660,0.47,Colima,Economic,Medium Risk
8980,José Eduardo Agustín Orta,40,588.11,14,646,0.18,Quintana Roo,Economic,High Risk
8981,Isaac Homero Saavedra Vásquez,22,171.0,1,600,0.43,México,Economic,High Risk
8982,Marisela Iglesias,58,258.41,33,573,0.42,Durango,Economic,High Risk
8983,Rolando Amador Rentería Estrada,48,170.21,13,500,0.19,Coahuila de Zaragoza,Economic,High Risk
8984,Bianca Karina Vaca Villa,48,212.98,0,576,0.15,Quintana Roo,Economic,High Risk
8985,Graciela Alvarado Lara,43,153.18,4,657,0.14,Tamaulipas,Economic,Medium Risk
8986,Renato Maximiliano Peres,54,141.35,32,524,0.46,Aguascalientes,Economic,High Risk
8987,Rosalia Ilse Valle,47,,10,674,0.46,Jalisco,Economic,Medium Risk
8988,Olga Minerva Zambrano,33,250.49,13,660,0.59,Aguascalientes,Economic,Medium Risk
8989,Dra. Verónica Cazares,31,342.04,5,658,0.17,Tamaulipas,Economic,Medium Risk
8990,Miguel Cristobal Velázquez,50,238.52,14,561,0.57,Quintana Roo,Economic,High Risk
8991,Sra. Sofía Carrión,40,566.69,4,582,0.28,Aguascalientes,Economic,High Risk
8992,María Teresa Virginia Vera,41,255.26,12,662,0.47,Aguascalientes,Economic,Medium Risk
8993,Pamela Fonseca,27,238.19,0,633,0.41,Colima,Economic,High Risk
8994,Antonio Teodoro Guevara,33,122.28,5,667,0.14,Chiapas,Economic,Medium Risk
8995,Irene Liliana Lugo,28,171.08,1,582,0.3,Durango,Economic,High Risk
8996,Cristobal Salvador Rodarte,27,166.49,0,550,0.18,Coahuila de Zaragoza,Economic,High Risk
8997,René Rodrigo Olivares Archuleta,48,313.1,19,631,0.57,Sonora,Economic,High Risk
8998,Indira Santillán,39,249.07,19,652,0.35,Aguascalientes,Economic,Medium Risk
8999,Eugenio Rufino Navarrete Montañez,61,283.58,18,603,0.18,Tlaxcala,Economic,High Risk
9000,Asunción Zedillo,66,248.79,0,577,0.53,Guerrero,Economic,High Risk
9001,Sr. José Aguilera,63,241.88,28,677,0.21,Campeche,Economic,Medium Risk
9002,Emilia Aurora Munguía,44,318.96,11,590,0.49,Tabasco,Economic,High Risk
9003,Débora Eva Salcido,66,167.14,2,668,0.49,Michoacán de Ocampo,Economic,Medium Risk
9004,Dr. Jacinto Delgado,66,,39,598,0.31,Sinaloa,Economic,High Risk
9005,Margarita de Jesús,32,216.48,3,547,0.18,Guerrero,Economic,High Risk
9006,Ernesto Llamas,48,282.36,20,561,0.55,Guanajuato,Economic,High Risk
9007,Bernardo Niño Escamilla,36,269.05,6,561,0.15,Guanajuato,Economic,High Risk
9008,Sr. Diego Monroy,37,347.68,4,600,0.47,Zacatecas,Economic,High Risk
9009,Ing. Jesús Torres,26,242.37,4,679,0.11,Guanajuato,Economic,Medium Risk
9010,Vanesa Narváez Barragán,24,103.17,3,670,0.45,Coahuila de Zaragoza,Economic,Medium Risk
9011,Silvano Raúl Delgado,62,452.05,37,669,0.5,Chiapas,Economic,Medium Risk
9012,Mauro Gustavo Verdugo Corona,37,178.88,8,597,0.4,Hidalgo,Economic,High Risk
9013,Josefina Yeni Terrazas Padrón,41,141.94,16,519,0.18,Chihuahua,Economic,High Risk
9014,Andrea Carlota Aguilar,30,449.34,2,558,0.15,Veracruz de Ignacio de la Llave,Economic,High Risk
9015,Ernesto Octavio Granado,65,106.46,9,630,0.14,San Luis Potosí,Economic,High Risk
9016,Eduardo Sarabia Rivera,69,,44,620,0.17,México,Economic,High Risk
9017,Mauro Armenta Zaragoza,70,458.24,29,582,0.5,San Luis Potosí,Economic,High Risk
9018,David Juan Carlos Velasco Hinojosa,44,223.94,0,555,0.18,Campeche,Economic,High Risk
9019,Aldonza Velásquez Corral,31,172.78,4,546,0.42,Tlaxcala,Economic,High Risk
9020,Samuel Lorenzo Ocasio,36,360.98,5,508,0.43,México,Economic,High Risk
9021,Clemente Alvaro Orta,61,285.21,25,554,0.26,Tamaulipas,Economic,High Risk
9022,Úrsula Corral Valles,29,183.71,1,653,0.56,Coahuila de Zaragoza,Economic,Medium Risk
9023,Aurora Rivero Alemán,29,251.91,5,675,0.42,Campeche,Economic,Medium Risk
9024,Héctor Uriel Palomino Uribe,39,183.58,2,550,0.25,Campeche,Economic,High Risk
9025,Dr. Gregorio Ledesma,25,153.61,0,576,0.34,Tlaxcala,Economic,High Risk
9026,Diego Elias Elizondo,24,459.82,3,552,0.18,Tamaulipas,Economic,High Risk
9027,Concepción Castellanos Villalpando,60,172.36,12,510,0.11,Zacatecas,Economic,High Risk
9028,Clemente Mario Lebrón Alarcón,49,,20,625,0.31,Distrito Federal,Economic,High Risk
9029,Natividad Galarza,48,311.58,7,649,0.3,Morelos,Economic,High Risk
9030,Sr. José María Adame,23,191.86,1,555,0.4,Chiapas,Economic,High Risk
9031,Mayte Ana Luisa Lara,65,108.86,17,564,0.58,Baja California,Economic,High Risk
9032,Srita. Adriana Blanco,27,213.22,7,571,0.42,Guerrero,Economic,High Risk
9033,Jaime Romo Lozada,29,218.49,9,649,0.14,Chihuahua,Economic,High Risk
9034,Sr. Francisco Tirado,39,232.8,14,567,0.25,Coahuila de Zaragoza,Economic,High Risk
9035,María del Carmen Valenzuela Paredes,69,,10,666,0.2,Aguascalientes,Economic,Medium Risk
9036,Elvira Araceli Rivera Saavedra,68,179.52,18,586,0.5,Guanajuato,Economic,High Risk
9037,Ing. Barbara Tejeda,36,387.16,5,526,0.1,Distrito Federal,Economic,High Risk
9038,Gregorio Henríquez,24,490.99,0,677,0.58,Colima,Economic,Medium Risk
9039,Teodoro Renato Avilés,22,290.55,0,634,0.48,Jalisco,Economic,High Risk
9040,Ing. Esmeralda de León,52,239.19,21,631,0.16,Baja California Sur,Economic,High Risk
9041,Dr. Luis Manuel Hidalgo,40,166.2,2,672,0.19,Sonora,Economic,Medium Risk
9042,Dr. Gonzalo Ocasio,50,113.33,2,550,0.25,Zacatecas,Economic,High Risk
9043,Isaac Noriega Tejada,64,310.11,5,519,0.55,Nayarit,Economic,High Risk
9044,Benjamín Adán Mesa,68,107.66,28,528,0.31,Chiapas,Economic,High Risk
9045,Pilar Saldaña,54,325.05,7,551,0.58,San Luis Potosí,Economic,High Risk
9046,Anabel Padilla,59,213.7,20,523,0.38,Guanajuato,Economic,High Risk
9047,Humberto Emiliano Vélez Medina,67,305.45,12,512,0.11,Colima,Economic,High Risk
9048,Elisa Inés de la Garza,70,299.2,4,550,0.38,Chiapas,Economic,High Risk
9049,Olga Carmen Mora,23,217.34,3,509,0.59,Chihuahua,Economic,High Risk
9050,Rebeca Barbara Grijalva,42,152.44,11,611,0.16,Aguascalientes,Economic,High Risk
9051,Salma Ángela Borrego Badillo,50,244.2,18,541,0.22,Veracruz de Ignacio de la Llave,Economic,High Risk
9052,Adela Zarate Enríquez,55,190.85,27,609,0.44,Morelos,Economic,High Risk
9053,Karla Almanza Lucero,61,236.81,29,657,0.17,Guerrero,Economic,Medium Risk
9054,Guadalupe Cynthia Arreola,36,137.77,3,514,0.38,Yucatán,Economic,High Risk
9055,Dra. Margarita Esparza,33,127.71,6,520,0.15,Tabasco,Economic,High Risk
9056,Noelia Olivera,68,297.11,12,566,0.59,Campeche,Economic,High Risk
9057,Sra. Claudia Olivárez,26,221.43,3,646,0.45,Puebla,Economic,High Risk
9058,Asunción Rosa Mascareñas Botello,47,439.22,16,657,0.43,Tlaxcala,Economic,Medium Risk
9059,Tomás Ignacio Lebrón Baca,67,461.82,48,624,0.28,Yucatán,Economic,High Risk
9060,Sofía Citlali Echeverría,23,196.69,3,595,0.42,Guanajuato,Economic,High Risk
9061,Luis Miguel Ordóñez,50,175.55,11,599,0.3,Tlaxcala,Economic,High Risk
9062,Nayeli Parra,23,183.98,0,537,0.28,Chiapas,Economic,High Risk
9063,Manuel Carrión,53,181.78,28,508,0.14,Coahuila de Zaragoza,Economic,High Risk
9064,Dr. Lorenzo Guzmán,50,252.89,18,625,0.37,Campeche,Economic,High Risk
9065,Lic. Antonio Parra,46,,17,570,0.59,Distrito Federal,Economic,High Risk
9066,Lic. Francisco Javier Melgar,44,192.06,4,543,0.21,Zacatecas,Economic,High Risk
9067,Clemente José Luis Manzanares,67,347.69,42,656,0.43,Baja California,Economic,Medium Risk
9068,María Luisa Carvajal,34,220.74,9,581,0.58,Baja California Sur,Economic,High Risk
9069,Emilio Renato Carrillo,22,205.75,2,651,0.12,Nuevo León,Economic,Medium Risk
9070,Esteban Urías,57,242.45,2,514,0.45,Guanajuato,Economic,High Risk
9071,Rodrigo Santiago Noriega Cintrón,57,453.91,2,545,0.43,Morelos,Economic,High Risk
9072,Dr. Joaquín Almaraz,57,233.02,27,603,0.1,Yucatán,Economic,High Risk
9073,Josefina Elena Henríquez,69,199.6,21,646,0.22,Chihuahua,Economic,High Risk
9074,Aldo José Almonte,60,203.49,2,678,0.27,Aguascalientes,Economic,Medium Risk
9075,Ana María Portillo Alarcón,47,309.12,10,666,0.49,Tabasco,Economic,Medium Risk
9076,Martha Franco Laureano,67,159.88,35,569,0.43,Tlaxcala,Economic,High Risk
9077,Elsa Isabela Ballesteros,60,331.23,19,651,0.19,Nuevo León,Economic,Medium Risk
9078,Claudia Bahena,28,148.14,2,608,0.29,Nayarit,Economic,High Risk
9079,Bernabé Jos Varela,36,169.06,7,674,0.54,Colima,Economic,Medium Risk
9080,Lic. Augusto Sandoval,56,193.39,21,625,0.24,Baja California Sur,Economic,High Risk
9081,Flavio Zeferino Olivas,55,263.78,15,665,0.38,Aguascalientes,Economic,Medium Risk
9082,Óliver Benito Cadena,29,158.76,0,554,0.51,Hidalgo,Economic,High Risk
9083,Leonor Ruby Alonzo,66,926.48,15,599,0.47,San Luis Potosí,Economic,High Risk
9084,José Manuél Roberto Quintana Magaña,28,66.69,3,620,0.46,Querétaro,Economic,High Risk
9085,Sr. Raúl Calvillo,55,245.34,13,668,0.16,Morelos,Economic,Medium Risk
9086,Sra. Alicia Espinosa,36,81.5,10,542,0.4,Jalisco,Economic,High Risk
9087,Violeta Barreto,48,166.51,7,511,0.22,Yucatán,Economic,High Risk
9088,Marisol Negrete,31,316.43,4,532,0.45,Aguascalientes,Economic,High Risk
9089,Lucía Perea,25,137.35,1,609,0.15,Durango,Economic,High Risk
9090,José Eduardo Sánchez Arguello,50,189.48,19,560,0.22,Michoacán de Ocampo,Economic,High Risk
9091,Olga Mora,29,211.43,8,614,0.11,San Luis Potosí,Economic,High Risk
9092,Óliver Isaac Caldera,42,373.56,8,669,0.48,Sonora,Economic,Medium Risk
9093,Ing. Reynaldo Lucero,43,226.33,18,500,0.41,Sonora,Economic,High Risk
9094,Lic. Felix Rincón,25,358.03,0,552,0.57,Chiapas,Economic,High Risk
9095,Miguel Ángel Luis Manuel Valdivia,34,217.15,2,541,0.44,Jalisco,Economic,High Risk
9096,Bruno Genaro Saucedo,56,124.04,11,540,0.29,Michoacán de Ocampo,Economic,High Risk
9097,Dra. Gabriela Sierra,44,495.77,0,645,0.47,Chihuahua,Economic,High Risk
9098,Linda Zoé Leal,62,315.61,33,655,0.56,Hidalgo,Economic,Medium Risk
9099,Trinidad Martínez,43,143.93,25,581,0.26,Colima,Economic,High Risk
9100,Margarita Salma de Jesús Orosco,56,254.33,2,653,0.27,Coahuila de Zaragoza,Economic,Medium Risk
9101,Berta Sanabria Puente,61,437.59,20,509,0.16,Guanajuato,Economic,High Risk
9102,Eugenio Jos Botello,61,262.21,24,570,0.36,Colima,Economic,High Risk
9103,Aurelio Valverde Burgos,50,227.76,22,666,0.28,Hidalgo,Economic,Medium Risk
9104,Mauro Luis Miguel Ramírez,54,113.53,8,597,0.51,Nuevo León,Economic,High Risk
9105,Felipe Adalberto Quiñónez Serrato,41,132.91,9,645,0.51,México,Economic,High Risk
9106,Esteban Maestas Aguilar,40,234.83,9,544,0.2,Querétaro,Economic,High Risk
9107,Abraham Santacruz Gamboa,24,321.8,4,529,0.25,Oaxaca,Economic,High Risk
9108,Guillermo Ramiro Brito Caldera,58,329.47,9,569,0.39,Puebla,Economic,High Risk
9109,Srita. Rosario Fierro,49,344.1,21,560,0.35,Sinaloa,Economic,High Risk
9110,Ernesto Jos Zavala,60,108.03,1,667,0.31,Zacatecas,Economic,Medium Risk
9111,Cornelio Segura,58,86.19,28,551,0.44,Querétaro,Economic,High Risk
9112,Lucía Salma García,62,467.04,16,625,0.3,Hidalgo,Economic,High Risk
9113,Aldonza Cristina Bétancourt Camarillo,47,275.71,15,530,0.3,Guerrero,Economic,High Risk
9114,Rosa Alta  Gracia Morales,46,196.09,28,552,0.33,Aguascalientes,Economic,High Risk
9115,Lic. Roberto Ulibarri,47,166.23,3,618,0.21,Distrito Federal,Economic,High Risk
9116,Eduardo Ornelas Venegas,69,,14,650,0.24,Sonora,Economic,Medium Risk
9117,Rodrigo Humberto Cruz,63,83.59,15,503,0.36,Oaxaca,Economic,High Risk
9118,Leonor Judith Alvarado Mercado,31,213.6,8,617,0.5,Quintana Roo,Economic,High Risk
9119,Itzel Tania Portillo Mireles,51,271.37,26,531,0.56,Tabasco,Economic,High Risk
9120,Flavio Cuellar Roybal,54,193.73,4,542,0.48,Querétaro,Economic,High Risk
9121,Dra. Estela Barela,58,226.28,11,581,0.36,México,Economic,High Risk
9122,Natividad Marisol Villegas,50,297.18,3,680,0.27,Sinaloa,Economic,Medium Risk
9123,Lic. Marcela Gracia,45,288.05,12,588,0.51,Nuevo León,Economic,High Risk
9124,Srita. Sessa Rojas,49,286.89,22,602,0.15,México,Economic,High Risk
9125,Ing. Rodolfo Portillo,32,229.83,2,613,0.13,Coahuila de Zaragoza,Economic,High Risk
9126,Augusto Montero Jimínez,29,278.27,9,659,0.12,Colima,Economic,Medium Risk
9127,Patricia Martha de Anda,24,176.42,0,558,0.31,Aguascalientes,Economic,High Risk
9128,Inés Mondragón,29,,4,608,0.16,Guanajuato,Economic,High Risk
9129,Carlos Razo,59,434.4,24,508,0.58,Chihuahua,Economic,High Risk
9130,Esteban Mauro Villa,65,184.55,26,500,0.5,Puebla,Economic,High Risk
9131,Miguel Ángel Enrique Lugo,62,154.06,12,651,0.15,Tlaxcala,Economic,Medium Risk
9132,Gerónimo David Balderas Zedillo,50,145.33,22,546,0.5,Querétaro,Economic,High Risk
9133,Leonel Meléndez,56,253.72,30,500,0.14,Guanajuato,Economic,High Risk
9134,Camila Arcelia Ávila Villarreal,53,294.76,25,609,0.27,Morelos,Economic,High Risk
9135,Ana Luisa Jaqueline Serrano Verdugo,60,301.63,28,573,0.48,Jalisco,Economic,High Risk
9136,Magdalena Benítez Figueroa,58,301.92,34,677,0.5,Oaxaca,Economic,Medium Risk
9137,Ing. Teresa Hinojosa,57,169.88,29,552,0.44,Querétaro,Economic,High Risk
9138,Carmen Ángela Enríquez Velasco,35,353.21,2,523,0.47,Michoacán de Ocampo,Economic,High Risk
9139,Patricia Claudia del Valle,62,365.2,36,650,0.6,Coahuila de Zaragoza,Economic,Medium Risk
9140,Julio Paz Botello,50,,19,609,0.25,Zacatecas,Economic,High Risk
9141,Darío Quintero Collado,70,127.95,26,655,0.11,Coahuila de Zaragoza,Economic,Medium Risk
9142,Itzel Mateo Dueñas,47,214.0,22,674,0.42,Guerrero,Economic,Medium Risk
9143,Micaela Ángela Urías,59,166.51,19,653,0.48,Sinaloa,Economic,Medium Risk
9144,Julio Fajardo,52,172.02,7,658,0.49,Chiapas,Economic,Medium Risk
9145,Srita. Rebeca Hernádez,25,469.36,5,511,0.32,Veracruz de Ignacio de la Llave,Economic,High Risk
9146,Karina Isabela del Río,36,103.27,12,636,0.36,Nayarit,Economic,High Risk
9147,Nayeli Chavarría,45,507.76,18,515,0.29,Tabasco,Economic,High Risk
9148,Lorenzo Nieves Gaitán,70,140.68,21,645,0.52,Zacatecas,Economic,High Risk
9149,Ana Luisa Guevara Bustamante,63,243.21,30,552,0.18,Hidalgo,Economic,High Risk
9150,Ivonne Rentería,58,266.39,23,535,0.16,Quintana Roo,Economic,High Risk
9151,Salvador Espartaco Anaya,32,203.2,8,634,0.13,Jalisco,Economic,High Risk
9152,Ariadna Nancy Colunga,68,290.97,22,675,0.5,Colima,Economic,Medium Risk
9153,Lic. María Eugenia Apodaca,32,148.81,11,590,0.2,Nuevo León,Economic,High Risk
9154,Esmeralda Carolina Vargas,38,266.19,1,667,0.4,Tamaulipas,Economic,Medium Risk
9155,Ing. Luis Manuel Ortiz,47,192.09,17,611,0.38,Puebla,Economic,High Risk
9156,Estefanía Arellano Almanza,27,373.01,1,661,0.45,Coahuila de Zaragoza,Economic,Medium Risk
9157,Leonardo Blanco,35,198.36,8,523,0.28,Tabasco,Economic,High Risk
9158,Sessa Julia Estrada Orellana,45,318.11,0,595,0.56,Campeche,Economic,High Risk
9159,Amador Burgos,52,169.11,4,661,0.22,Tamaulipas,Economic,Medium Risk
9160,Bernardo Carlos Guerra Bétancourt,55,104.21,14,671,0.15,Yucatán,Economic,Medium Risk
9161,Carlos Serafín Alonzo Perales,47,190.36,11,514,0.57,Guerrero,Economic,High Risk
9162,Sergio Luis Villagómez,34,130.96,4,524,0.5,Zacatecas,Economic,High Risk
9163,Juan Carlos Alberto Otero Sandoval,56,318.33,23,624,0.38,Baja California,Economic,High Risk
9164,José María Pablo Campos Mayorga,43,164.25,2,643,0.15,Querétaro,Economic,High Risk
9165,Delia Soto,63,163.42,29,669,0.47,México,Economic,Medium Risk
9166,Verónica Antonia Serrato,44,251.8,3,506,0.44,Nayarit,Economic,High Risk
9167,Trinidad Romero Barajas,52,214.18,20,568,0.12,Colima,Economic,High Risk
9168,Ing. Modesto Valles,69,157.84,6,546,0.16,Puebla,Economic,High Risk
9169,Julio Gabriel Herrera,66,245.52,20,586,0.57,Coahuila de Zaragoza,Economic,High Risk
9170,Dra. Emilia Montaño,23,189.31,0,663,0.32,Nuevo León,Economic,Medium Risk
9171,Alfonso Verduzco,60,441.22,21,531,0.22,México,Economic,High Risk
9172,Olga Carmen Marroquín Osorio,21,187.04,1,583,0.52,Tabasco,Economic,High Risk
9173,Sr. Aurelio Tijerina,31,319.72,3,660,0.48,Veracruz de Ignacio de la Llave,Economic,Medium Risk
9174,Citlali Luna,23,110.87,4,610,0.12,Sonora,Economic,High Risk
9175,Sr. Esteban Briseño,48,194.04,9,659,0.47,Querétaro,Economic,Medium Risk
9176,Evelio Vélez Téllez,67,360.27,24,628,0.38,México,Economic,High Risk
9177,Ana Luisa Padilla,63,241.79,22,562,0.28,Quintana Roo,Economic,High Risk
9178,Reynaldo Pelayo,67,127.83,21,634,0.51,Sonora,Economic,High Risk
9179,María Cristina Amalia Alemán Gil,64,370.28,3,523,0.17,Puebla,Economic,High Risk
9180,Gregorio Abel Robledo Mora,55,394.59,16,632,0.16,México,Economic,High Risk
9181,Sergio Gabriel Lucio,26,195.46,1,563,0.13,Sinaloa,Economic,High Risk
9182,Ángel Santiago Casillas Lomeli,31,240.79,8,589,0.15,Jalisco,Economic,High Risk
9183,Roberto Miguel Ángel Olvera Henríquez,68,147.35,40,534,0.29,Guerrero,Economic,High Risk
9184,Sr. Cristobal de la Garza,49,103.99,14,641,0.32,Sonora,Economic,High Risk
9185,Lic. Fabiola Prieto,43,128.73,15,522,0.2,Baja California,Economic,High Risk
9186,Luisa Clara Matías Gutiérrez,38,210.91,0,541,0.15,Chiapas,Economic,High Risk
9187,Violeta Villagómez,33,228.77,7,669,0.12,Campeche,Economic,Medium Risk
9188,Ing. José María Balderas,51,249.19,15,669,0.41,Tamaulipas,Economic,Medium Risk
9189,Luisa Espinosa Rivas,22,490.13,0,676,0.16,Campeche,Economic,Medium Risk
9190,Lic. Virginia Arevalo,56,408.7,27,560,0.11,Tabasco,Economic,High Risk
9191,Itzel Roque,49,310.29,21,664,0.23,Oaxaca,Economic,Medium Risk
9192,Carlota Lourdes Lemus Alvarado,66,201.71,20,530,0.31,Tabasco,Economic,High Risk
9193,Lic. Patricio Pacheco,35,173.88,7,581,0.51,San Luis Potosí,Economic,High Risk
9194,Florencia Martha Fuentes,43,436.9,14,585,0.56,Coahuila de Zaragoza,Economic,High Risk
9195,Jaqueline Peña Reynoso,51,146.39,14,609,0.41,San Luis Potosí,Economic,High Risk
9196,Sr. José Esquivel,45,260.67,2,524,0.11,Nayarit,Economic,High Risk
9197,Dulce Amalia Reynoso Sauceda,34,131.85,11,590,0.6,San Luis Potosí,Economic,High Risk
9198,Guillermo Carrión Gómez,30,172.99,2,511,0.59,Campeche,Economic,High Risk
9199,Jacinto Rubio Verduzco,66,99.57,30,518,0.22,Tlaxcala,Economic,High Risk
9200,Óliver Gustavo Aponte Zavala,70,142.34,37,660,0.39,Zacatecas,Economic,Medium Risk
9201,Natividad Gabriela Delgado,53,,19,638,0.46,Jalisco,Economic,High Risk
9202,Srita. Nadia Cisneros,41,350.7,4,503,0.15,Hidalgo,Economic,High Risk
9203,Adán Cadena,65,333.88,2,624,0.34,Tamaulipas,Economic,High Risk
9204,Hernán Francisco Preciado,65,176.42,28,655,0.2,Baja California,Economic,Medium Risk
9205,Angélica Pilar Maldonado Cisneros,70,196.95,43,595,0.51,Coahuila de Zaragoza,Economic,High Risk
9206,Federico Ernesto Gamboa,30,278.63,2,503,0.22,Tabasco,Economic,High Risk
9207,Santiago Pantoja,30,419.74,2,520,0.54,Colima,Economic,High Risk
9208,Ramón Terrazas,68,175.82,1,620,0.59,Zacatecas,Economic,High Risk
9209,Ing. Zeferino Saldivar,66,103.14,31,575,0.45,Campeche,Economic,High Risk
9210,Augusto Guillermo Nájera Lira,52,190.01,0,599,0.1,Yucatán,Economic,High Risk
9211,Dulce Dulce María Villagómez,31,479.83,6,549,0.41,Tamaulipas,Economic,High Risk
9212,Cristina Colunga,52,230.9,17,514,0.44,Puebla,Economic,High Risk
9213,Mariano Renato Abrego,54,210.08,1,549,0.19,Colima,Economic,High Risk
9214,Martín Galindo Gonzales,47,222.31,20,502,0.26,Colima,Economic,High Risk
9215,Esperanza Lara Santacruz,69,471.09,4,570,0.45,Jalisco,Economic,High Risk
9216,María Teresa Chacón,38,321.95,13,565,0.45,Veracruz de Ignacio de la Llave,Economic,High Risk
9217,Cristal Gurule,37,93.75,5,563,0.21,Tlaxcala,Economic,High Risk
9218,Caridad Carrillo,53,273.32,16,611,0.27,Sinaloa,Economic,High Risk
9219,Hermelinda Valdez Corrales,50,201.56,6,526,0.46,Hidalgo,Economic,High Risk
9220,Ing. Cecilia Sanches,54,498.86,11,616,0.4,Aguascalientes,Economic,High Risk
9221,Emilio Silvano Zamora Carrillo,46,181.43,7,551,0.27,Jalisco,Economic,High Risk
9222,Ing. Eva Naranjo,46,173.12,1,603,0.54,Puebla,Economic,High Risk
9223,Rolando Julio César Fajardo Barrios,29,262.18,8,505,0.57,Guanajuato,Economic,High Risk
9224,Emilia Rosario Meraz Concepción,43,253.24,19,569,0.37,Yucatán,Economic,High Risk
9225,Armando Pablo Guillen,37,215.43,8,664,0.5,Veracruz de Ignacio de la Llave,Economic,Medium Risk
9226,Ángela Esmeralda Mena Sotelo,44,171.97,13,618,0.24,Campeche,Economic,High Risk
9227,Pedro Abraham Escalante,52,189.92,25,611,0.44,Nayarit,Economic,High Risk
9228,Dr. Óscar Heredia,31,179.24,7,582,0.48,Jalisco,Economic,High Risk
9229,David Gallegos,64,166.58,27,621,0.19,Aguascalientes,Economic,High Risk
9230,Abraham Jonás Suárez,60,389.92,1,522,0.24,Nuevo León,Economic,High Risk
9231,Evelio Rodrigo Huerta Sáenz,44,208.07,16,562,0.29,Oaxaca,Economic,High Risk
9232,Felipe Leonel Serrato Medina,34,180.28,7,577,0.26,Jalisco,Economic,High Risk
9233,Bernardo Flavio Sisneros,48,297.76,7,658,0.17,Campeche,Economic,Medium Risk
9234,Blanca Santana de Anda,66,180.35,8,567,0.59,Coahuila de Zaragoza,Economic,High Risk
9235,Eugenia Quiñónez,41,251.64,14,532,0.58,Hidalgo,Economic,High Risk
9236,Blanca María Mayorga,36,187.3,15,600,0.55,Baja California Sur,Economic,High Risk
9237,Andrea Ordóñez Rosas,27,186.1,0,625,0.11,Jalisco,Economic,High Risk
9238,Sra. Yuridia Bernal,61,428.02,32,634,0.28,Querétaro,Economic,High Risk
9239,María Eugenia Velázquez,48,,20,588,0.45,Michoacán de Ocampo,Economic,High Risk
9240,Gabriel Apodaca,65,147.9,23,604,0.24,Baja California,Economic,High Risk
9241,Blanca Benavides Luevano,37,207.84,2,527,0.46,Coahuila de Zaragoza,Economic,High Risk
9242,Ing. Vicente Toledo,25,128.8,2,678,0.13,Colima,Economic,Medium Risk
9243,Ing. Alberto Duarte,63,155.03,5,609,0.41,Guerrero,Economic,High Risk
9244,Ing. Esperanza Solano,48,230.97,13,582,0.54,Jalisco,Economic,High Risk
9245,Mauricio Samuel Heredia,41,435.67,1,503,0.25,Distrito Federal,Economic,High Risk
9246,Jos Solorzano,42,215.42,11,672,0.3,Morelos,Economic,Medium Risk
9247,Esteban Tomás Quintanilla Muñiz,36,438.73,14,540,0.41,Tlaxcala,Economic,High Risk
9248,Ruby Arcelia Quiñónez,63,249.6,36,640,0.59,Chihuahua,Economic,High Risk
9249,Abril Cortez Ulibarri,27,145.42,3,531,0.44,Guerrero,Economic,High Risk
9250,Bernardo Benjamín Luna Amaya,59,205.95,22,630,0.23,Durango,Economic,High Risk
9251,Bianca Emilia Arias,61,279.22,20,668,0.58,Tamaulipas,Economic,Medium Risk
9252,Ramiro Gustavo Villarreal,35,266.07,15,575,0.38,Oaxaca,Economic,High Risk
9253,Andrea Sánchez Sevilla,54,214.66,15,592,0.43,Aguascalientes,Economic,High Risk
9254,Dra. Vanesa Roybal,56,169.7,9,662,0.3,Durango,Economic,Medium Risk
9255,Sr. Mariano Robledo,37,402.37,14,578,0.57,Zacatecas,Economic,High Risk
9256,Berta Beltrán Ozuna,39,215.73,0,581,0.54,Tamaulipas,Economic,High Risk
9257,Micaela Zelaya,38,306.02,6,555,0.49,Baja California Sur,Economic,High Risk
9258,Ing. Emiliano Olivo,57,312.46,12,525,0.28,Sonora,Economic,High Risk
9259,Sr. José Bermúdez,38,174.95,12,510,0.17,Nuevo León,Economic,High Risk
9260,Mónica Henríquez,41,177.86,7,621,0.11,San Luis Potosí,Economic,High Risk
9261,Nayeli Minerva de la Rosa Suárez,25,238.65,3,500,0.31,Aguascalientes,Economic,High Risk
9262,Guadalupe Alma Oquendo,42,416.26,6,604,0.43,Veracruz de Ignacio de la Llave,Economic,High Risk
9263,Nayeli Verónica Soliz,66,506.68,34,655,0.46,Aguascalientes,Economic,Medium Risk
9264,Sr. Leonardo Cadena,53,188.06,5,530,0.31,Sinaloa,Economic,High Risk
9265,Carolina Collazo Jaramillo,36,163.85,4,647,0.28,Chihuahua,Economic,High Risk
9266,Dr. Marco Antonio Castro,61,151.66,21,573,0.11,México,Economic,High Risk
9267,Estefanía Francisca Prado,54,155.06,8,637,0.52,Yucatán,Economic,High Risk
9268,Victoria Ybarra,67,163.91,4,643,0.18,Sonora,Economic,High Risk
9269,Soledad Aida Patiño Muro,70,198.33,16,528,0.2,Colima,Economic,High Risk
9270,Aida Rosario,26,115.32,1,655,0.35,Tlaxcala,Economic,Medium Risk
9271,Sr. Agustín Serrato,58,259.65,22,506,0.2,Nayarit,Economic,High Risk
9272,Sr. Óliver Dávila,23,263.91,1,536,0.48,Zacatecas,Economic,High Risk
9273,Dra. Estela Alarcón,62,207.22,26,670,0.12,Sinaloa,Economic,Medium Risk
9274,Julio César Reyna,33,306.9,8,559,0.34,Guerrero,Economic,High Risk
9275,Esmeralda Susana Bonilla Colón,51,500.36,18,669,0.26,Sonora,Economic,Medium Risk
9276,Sonia Monroy,30,186.0,5,657,0.15,Durango,Economic,Medium Risk
9277,Oswaldo Rolón,59,172.54,20,609,0.12,Guerrero,Economic,High Risk
9278,Ángela Casárez,48,296.58,16,660,0.52,Guanajuato,Economic,Medium Risk
9279,Ángela Estela Yáñez Arriaga,42,185.73,5,648,0.43,Jalisco,Economic,High Risk
9280,Luz Abreu,22,217.46,1,653,0.31,Tamaulipas,Economic,Medium Risk
9281,Abraham Samuel Orta,47,289.51,18,591,0.37,Zacatecas,Economic,High Risk
9282,Mayte Mares,52,,3,661,0.17,Nayarit,Economic,Medium Risk
9283,Espartaco Jorge Jáquez Corona,43,370.05,5,672,0.48,Puebla,Economic,Medium Risk
9284,Lic. Alfredo Lovato,63,276.01,20,678,0.51,Nuevo León,Economic,Medium Risk
9285,Marisol Georgina de la Rosa Rodrígez,38,445.63,2,613,0.58,Tabasco,Economic,High Risk
9286,Olga Montenegro,32,172.13,0,525,0.38,Guerrero,Economic,High Risk
9287,Clemente Nazario,29,78.95,8,665,0.19,Nuevo León,Economic,Medium Risk
9288,Santiago Homero Manzanares Saiz,40,454.45,11,554,0.33,Nuevo León,Economic,High Risk
9289,Isaac Molina,34,109.05,4,540,0.37,México,Economic,High Risk
9290,Graciela Luz Gutiérrez,56,109.78,24,586,0.6,Oaxaca,Economic,High Risk
9291,Sr. Rubén Bétancourt,43,133.71,1,511,0.27,Durango,Economic,High Risk
9292,Lourdes Paola Henríquez,23,138.61,0,541,0.59,Guanajuato,Economic,High Risk
9293,Sr. Jorge Alejandro,63,130.59,31,525,0.39,Aguascalientes,Economic,High Risk
9294,Amanda Adriana Villalobos Heredia,29,277.01,1,649,0.59,Guanajuato,Economic,High Risk
9295,Ing. Eloy Melgar,40,268.71,6,534,0.41,México,Economic,High Risk
9296,Jos Beltrán Esparza,25,251.05,0,506,0.31,Tamaulipas,Economic,High Risk
9297,Agustín Ferrer,65,75.65,24,576,0.24,Durango,Economic,High Risk
9298,Isabela Gracia Barragán,38,342.78,5,628,0.14,Nuevo León,Economic,High Risk
9299,Hernán Ozuna,28,352.87,2,669,0.37,Sinaloa,Economic,Medium Risk
9300,Conchita Aranda,64,318.42,5,536,0.14,Distrito Federal,Economic,High Risk
9301,Lorena Barajas Vallejo,44,187.53,17,667,0.17,Tlaxcala,Economic,Medium Risk
9302,Óscar Vigil Díaz,60,171.12,37,605,0.27,Jalisco,Economic,High Risk
9303,Leonardo Pablo Haro,52,246.33,12,643,0.51,Durango,Economic,High Risk
9304,Felipe Mariano de Anda Zayas,66,165.86,14,534,0.17,Oaxaca,Economic,High Risk
9305,Rodolfo de León,60,96.62,2,540,0.56,Jalisco,Economic,High Risk
9306,Federico Silvano Valle,23,154.43,1,641,0.47,Jalisco,Economic,High Risk
9307,Eugenio Ricardo Mora,24,126.47,0,630,0.52,Querétaro,Economic,High Risk
9308,Dra. Lorena Barraza,30,147.36,7,596,0.5,Puebla,Economic,High Risk
9309,Alejandro Jorge Ochoa,51,214.39,25,556,0.29,Quintana Roo,Economic,High Risk
9310,Gilberto Jonás Mayorga,45,157.88,8,637,0.49,Guerrero,Economic,High Risk
9311,Serafín López,68,358.06,42,648,0.28,Sinaloa,Economic,High Risk
9312,Espartaco Óliver Zepeda,66,316.88,22,567,0.28,Chiapas,Economic,High Risk
9313,Ing. Ofelia Cotto,36,172.43,9,676,0.34,Jalisco,Economic,Medium Risk
9314,Benjamín Saldaña Carreón,58,182.35,21,597,0.15,San Luis Potosí,Economic,High Risk
9315,Sra. Nadia Hernandes,67,273.63,30,643,0.4,Baja California,Economic,High Risk
9316,Sonia Montaño,52,239.39,19,634,0.24,Puebla,Economic,High Risk
9317,Estefanía Pedroza,28,142.71,2,639,0.47,Tabasco,Economic,High Risk
9318,Gabriel de la Garza Godínez,68,,32,610,0.13,Jalisco,Economic,High Risk
9319,Ramón Cisneros de la Fuente,69,181.19,35,633,0.3,Guanajuato,Economic,High Risk
9320,Bianca Mónica Collado Esparza,62,406.64,7,628,0.16,Chihuahua,Economic,High Risk
9321,Armando Rivera,60,206.9,17,603,0.27,Coahuila de Zaragoza,Economic,High Risk
9322,Teresa Sáenz Rocha,48,,23,610,0.16,Chiapas,Economic,High Risk
9323,Estefanía Ana Luisa Enríquez Rojas,58,214.08,21,529,0.13,San Luis Potosí,Economic,High Risk
9324,Ing. Germán Pulido,25,123.08,6,680,0.36,Quintana Roo,Economic,Medium Risk
9325,Dulce María Merino,64,245.55,15,560,0.54,Colima,Economic,High Risk
9326,Espartaco Jos Guillen,63,338.0,1,649,0.22,Campeche,Economic,High Risk
9327,Mario Gaytán,38,320.75,10,677,0.53,Aguascalientes,Economic,Medium Risk
9328,Julio César Gonzalo Balderas,48,243.3,12,593,0.32,México,Economic,High Risk
9329,Srita. Raquel Soto,32,186.55,12,680,0.14,México,Economic,Medium Risk
9330,Patricia Aldonza Verduzco Campos,24,215.34,0,578,0.12,Veracruz de Ignacio de la Llave,Economic,High Risk
9331,Alejandro José María de la Rosa Alvarado,63,171.34,37,678,0.36,Baja California Sur,Economic,Medium Risk
9332,Lucas Tirado,68,135.28,35,534,0.35,Coahuila de Zaragoza,Economic,High Risk
9333,Alvaro Octavio Arteaga,47,153.94,13,546,0.24,Baja California Sur,Economic,High Risk
9334,Lic. Andrés Bonilla,55,148.44,14,570,0.3,Oaxaca,Economic,High Risk
9335,José Esteban Guzmán,36,204.47,0,641,0.52,Yucatán,Economic,High Risk
9336,Zeferino Joaquín Velázquez Ruiz,34,165.0,6,574,0.36,Guanajuato,Economic,High Risk
9337,Micaela Orellana Hinojosa,37,205.1,17,639,0.14,Hidalgo,Economic,High Risk
9338,Natividad Quiñónez Pelayo,60,475.62,26,598,0.38,Guanajuato,Economic,High Risk
9339,Dra. Karina Zúñiga,56,240.68,36,647,0.55,Nayarit,Economic,High Risk
9340,Sr. Gilberto Sanches,32,433.42,2,550,0.54,Sonora,Economic,High Risk
9341,Ana Luisa Karina Armas Madrigal,46,84.1,20,680,0.58,Baja California,Economic,Medium Risk
9342,Francisco Benito Haro,52,,23,592,0.24,Durango,Economic,High Risk
9343,Darío Mendoza Montañez,48,195.34,8,615,0.46,Tabasco,Economic,High Risk
9344,Federico Francisco Galván Hidalgo,67,227.79,42,679,0.48,Sinaloa,Economic,Medium Risk
9345,Micaela Zoé Delgado Guevara,69,133.99,40,633,0.34,Querétaro,Economic,High Risk
9346,Sra. Carolina Bernal,50,140.8,19,560,0.17,Veracruz de Ignacio de la Llave,Economic,High Risk
9347,Claudia Anel Luna,65,368.08,8,598,0.53,Tabasco,Economic,High Risk
9348,Cristobal Felipe Montes Ceballos,63,425.88,27,503,0.42,Distrito Federal,Economic,High Risk
9349,Rosario Magdalena Lucio Covarrubias,55,128.15,21,644,0.41,Colima,Economic,High Risk
9350,Daniel Herrera,49,381.51,20,627,0.49,Quintana Roo,Economic,High Risk
9351,Marisol Batista,45,368.53,6,559,0.49,Tlaxcala,Economic,High Risk
9352,Frida Abigail Meléndez Olivárez,60,241.51,2,644,0.58,Tabasco,Economic,High Risk
9353,Andrea Casanova Regalado,24,158.68,1,649,0.53,Oaxaca,Economic,High Risk
9354,María Elena Avilés,37,442.73,5,566,0.51,Zacatecas,Economic,High Risk
9355,Guillermina Dávila,42,116.8,2,502,0.3,Sonora,Economic,High Risk
9356,Lic. Alejandra Lovato,50,240.56,0,632,0.12,Coahuila de Zaragoza,Economic,High Risk
9357,Jacobo Corral,52,240.92,16,641,0.56,Nuevo León,Economic,High Risk
9358,Lic. María José Rascón,40,175.73,1,574,0.26,Tamaulipas,Economic,High Risk
9359,Ernesto Cornelio Alcántar Córdova,58,408.37,10,559,0.37,Baja California,Economic,High Risk
9360,Yuridia Mariana Pantoja Guzmán,31,194.38,0,546,0.4,Campeche,Economic,High Risk
9361,Sra. Juana Altamirano,48,134.22,6,507,0.15,Tlaxcala,Economic,High Risk
9362,Srita. Aurora Naranjo,24,164.59,2,579,0.27,Michoacán de Ocampo,Economic,High Risk
9363,Lic. Alejandro Valladares,57,77.32,34,513,0.35,Campeche,Economic,High Risk
9364,Patricia Karina de Anda Tórrez,64,293.27,42,614,0.6,Tabasco,Economic,High Risk
9365,Pascual Galindo,55,,29,588,0.32,Tabasco,Economic,High Risk
9366,Hilda Gil,28,420.33,5,561,0.31,Baja California Sur,Economic,High Risk
9367,Rubén Fonseca,24,189.2,1,581,0.55,Yucatán,Economic,High Risk
9368,Leonardo Miramontes,32,200.79,11,578,0.47,Oaxaca,Economic,High Risk
9369,Sra. Sessa Guerrero,37,120.48,7,512,0.32,San Luis Potosí,Economic,High Risk
9370,Sra. Patricia Cisneros,42,260.49,12,525,0.52,Distrito Federal,Economic,High Risk
9371,Trinidad Ybarra,38,215.42,16,654,0.48,Baja California,Economic,Medium Risk
9372,Carmen Godínez Naranjo,39,535.37,13,630,0.22,Distrito Federal,Economic,High Risk
9373,José María Zacarías Mireles Vázquez,45,274.73,13,645,0.45,Nayarit,Economic,High Risk
9374,Dalia Juana Olivárez Valenzuela,25,131.03,4,565,0.37,Durango,Economic,High Risk
9375,Alejandro Vaca,53,214.87,2,582,0.28,Durango,Economic,High Risk
9376,Miguel Ángel Raúl Lerma,46,519.3,5,520,0.1,Nuevo León,Economic,High Risk
9377,Andrés Vanegas,24,219.03,1,612,0.53,Hidalgo,Economic,High Risk
9378,Arcelia Ilse Gaitán Macías,37,278.22,0,643,0.59,Colima,Economic,High Risk
9379,Óscar Arias,41,153.34,11,677,0.33,Colima,Economic,Medium Risk
9380,Eva Aida Munguía Lozada,31,258.11,9,625,0.56,Guanajuato,Economic,High Risk
9381,Srita. Julia García,40,121.63,12,560,0.48,Coahuila de Zaragoza,Economic,High Risk
9382,Teodoro Osorio Escobar,26,194.61,1,572,0.37,Coahuila de Zaragoza,Economic,High Risk
9383,Gustavo Ríos Fuentes,67,114.64,4,556,0.52,Tamaulipas,Economic,High Risk
9384,Antonio Olvera,47,191.63,6,627,0.58,Morelos,Economic,High Risk
9385,Daniela Sara Alba,69,494.17,16,654,0.45,México,Economic,Medium Risk
9386,Helena Estela Jaime,28,601.74,1,632,0.53,Campeche,Economic,High Risk
9387,Sr. Cornelio Delgadillo,63,526.85,3,653,0.33,Tabasco,Economic,Medium Risk
9388,Zacarías Almonte Rascón,69,351.61,19,646,0.54,Yucatán,Economic,High Risk
9389,Jaime Mena del Valle,23,462.36,3,653,0.11,Quintana Roo,Economic,Medium Risk
9390,Dr. Iván Guajardo,48,145.64,19,630,0.29,Nayarit,Economic,High Risk
9391,Nelly Lozano,45,228.97,21,512,0.49,Chihuahua,Economic,High Risk
9392,Dalia Tafoya,44,235.83,6,572,0.43,Yucatán,Economic,High Risk
9393,Ángel Alfaro,62,283.76,38,584,0.42,Morelos,Economic,High Risk
9394,Maximiliano Ulloa Guerra,59,199.09,6,662,0.55,Sonora,Economic,Medium Risk
9395,Esmeralda Carmen Velázquez Corrales,64,93.91,36,609,0.22,Sonora,Economic,High Risk
9396,Bernabé Luis Manuel Mayorga Pérez,54,168.53,15,609,0.52,Oaxaca,Economic,High Risk
9397,Leonardo Negrón,46,377.86,9,533,0.23,Guerrero,Economic,High Risk
9398,Sra. Fabiola Maya,55,102.02,5,539,0.48,Jalisco,Economic,High Risk
9399,Porfirio Tirado Barragán,22,164.56,1,612,0.26,Coahuila de Zaragoza,Economic,High Risk
9400,Salvador Alfredo Cuellar,45,221.34,19,560,0.32,Sonora,Economic,High Risk
9401,Dra. Claudia Arriaga,51,318.18,13,587,0.35,México,Economic,High Risk
9402,Dulce Solís,21,184.4,0,645,0.18,Puebla,Economic,High Risk
9403,Ángela Olga Bonilla,45,393.91,0,631,0.15,Coahuila de Zaragoza,Economic,High Risk
9404,Lic. Fernando Jaramillo,68,222.94,2,655,0.42,Quintana Roo,Economic,Medium Risk
9405,Virginia Inés Vallejo,27,204.81,1,603,0.19,Distrito Federal,Economic,High Risk
9406,Celia Martínez Arroyo,25,160.19,0,615,0.13,Chiapas,Economic,High Risk
9407,Marcos Olivas,41,125.05,6,542,0.55,Aguascalientes,Economic,High Risk
9408,Ilse Gabriela Ramos Ceja,42,176.21,10,530,0.2,Guanajuato,Economic,High Risk
9409,Ing. Wendolin Fuentes,30,366.24,1,661,0.46,Tabasco,Economic,Medium Risk
9410,Dra. Guadalupe Menchaca,57,186.28,10,581,0.45,Sinaloa,Economic,High Risk
9411,Dr. Uriel Parra,47,127.4,19,641,0.2,Distrito Federal,Economic,High Risk
9412,Abraham Omar Corona,70,174.58,32,611,0.12,Chiapas,Economic,High Risk
9413,Aldo Guerra,38,157.54,19,522,0.17,Oaxaca,Economic,High Risk
9414,Homero Emilio Segovia,33,233.39,9,500,0.32,Querétaro,Economic,High Risk
9415,Lic. Emilia Ulibarri,33,346.22,8,603,0.13,Chihuahua,Economic,High Risk
9416,Natalia Judith Montez,26,,1,533,0.55,Tlaxcala,Economic,High Risk
9417,Fidel Ramiro Menchaca Piña,62,152.86,26,528,0.11,Zacatecas,Economic,High Risk
9418,Estela Pelayo Hernandes,32,214.95,4,679,0.12,Nayarit,Economic,Medium Risk
9419,Luisa Caridad Rangel,52,359.12,11,637,0.35,Tlaxcala,Economic,High Risk
9420,Bernabé Joaquín Arguello,25,258.89,4,677,0.22,Veracruz de Ignacio de la Llave,Economic,Medium Risk
9421,Daniela Otero,25,458.47,3,677,0.12,Morelos,Economic,Medium Risk
9422,Dra. Nelly Valentín,62,173.57,0,527,0.16,Colima,Economic,High Risk
9423,Oswaldo Becerra,28,185.84,7,640,0.35,Guerrero,Economic,High Risk
9424,Salvador Mariano Acuña Brito,39,454.28,11,580,0.59,Coahuila de Zaragoza,Economic,High Risk
9425,Carlos Samaniego Gracia,34,428.51,13,585,0.31,Morelos,Economic,High Risk
9426,Berta Nayeli Cotto Sauceda,59,257.02,8,600,0.14,Baja California,Economic,High Risk
9427,Minerva Briones,31,178.21,1,519,0.52,México,Economic,High Risk
9428,Pilar Amalia Guerra,54,201.7,22,532,0.11,Yucatán,Economic,High Risk
9429,Joaquín Aguayo,53,120.75,27,522,0.49,Sinaloa,Economic,High Risk
9430,Ofelia Mesa,47,239.16,1,527,0.23,Michoacán de Ocampo,Economic,High Risk
9431,Paulina Alva Pedroza,62,216.88,17,530,0.51,Zacatecas,Economic,High Risk
9432,Pedro Riojas Toro,41,372.37,15,643,0.33,Chiapas,Economic,High Risk
9433,Eugenia Araceli Guillen,33,192.04,5,519,0.36,Baja California Sur,Economic,High Risk
9434,José María Carreón Jurado,39,382.08,15,570,0.31,Tamaulipas,Economic,High Risk
9435,Karina Rosario Véliz,48,242.63,15,594,0.36,Durango,Economic,High Risk
9436,Lourdes Collado,41,158.32,15,550,0.15,Tamaulipas,Economic,High Risk
9437,Hermelinda Lilia Briseño,45,190.72,12,538,0.21,Morelos,Economic,High Risk
9438,Ramón Fierro,30,261.5,7,564,0.21,Aguascalientes,Economic,High Risk
9439,Horacio de Jesús Pelayo,64,131.55,10,504,0.15,Morelos,Economic,High Risk
9440,Pilar Blanca Mayorga,50,218.92,8,564,0.18,Campeche,Economic,High Risk
9441,María Luisa Diana Vargas Montero,42,780.48,6,527,0.39,Veracruz de Ignacio de la Llave,Economic,High Risk
9442,María Teresa Luevano Sánchez,26,,2,676,0.49,Hidalgo,Economic,Medium Risk
9443,Bianca Aurora Cano,54,164.75,13,660,0.59,Aguascalientes,Economic,Medium Risk
9444,Fidel Jacobo Baca Quezada,51,201.91,12,527,0.54,Nayarit,Economic,High Risk
9445,José María Hugo Abreu Quiroz,32,150.43,3,607,0.41,Baja California,Economic,High Risk
9446,Anabel Valladares,32,690.92,9,601,0.45,Baja California,Economic,High Risk
9447,Dr. Rafaél Barrera,60,84.07,9,521,0.52,Puebla,Economic,High Risk
9448,Amelia Miriam Barela,52,189.53,16,590,0.21,Quintana Roo,Economic,High Risk
9449,Rodrigo Menéndez Burgos,36,195.33,11,628,0.18,Zacatecas,Economic,High Risk
9450,Ing. Adán Crespo,28,174.46,0,508,0.37,Hidalgo,Economic,High Risk
9451,Mauro Loya Botello,41,142.26,10,668,0.41,Puebla,Economic,Medium Risk
9452,Germán Gómez Berríos,63,244.61,23,590,0.31,Zacatecas,Economic,High Risk
9453,Josefina Ofelia Roque,42,126.97,12,655,0.48,Tamaulipas,Economic,Medium Risk
9454,Jos Alberto Cintrón,60,132.41,19,662,0.5,Veracruz de Ignacio de la Llave,Economic,Medium Risk
9455,Leticia Dalia Laureano,31,,12,516,0.59,Sonora,Economic,High Risk
9456,Rebeca Isabel Viera Narváez,28,175.43,0,573,0.2,Jalisco,Economic,High Risk
9457,Lic. Alberto Serrato,68,429.22,31,601,0.6,Durango,Economic,High Risk
9458,Alfredo Barragán,38,264.78,2,633,0.3,Yucatán,Economic,High Risk
9459,Patricio Báez Ramón,24,195.6,0,524,0.11,México,Economic,High Risk
9460,Rufino Lucas Zambrano,48,342.64,3,539,0.1,Morelos,Economic,High Risk
9461,Amelia Rosalia Ferrer Olivo,47,295.43,26,530,0.15,Tabasco,Economic,High Risk
9462,Dulce María Barrientos Barrera,50,225.19,7,666,0.19,Sonora,Economic,Medium Risk
9463,Pedro Alarcón,50,,26,553,0.52,Hidalgo,Economic,High Risk
9464,Cristina Lovato Caraballo,33,156.31,2,600,0.21,Sonora,Economic,High Risk
9465,Ivonne Tania Gaitán Ramírez,42,592.18,4,567,0.53,Baja California Sur,Economic,High Risk
9466,Isaac Germán Rosado Alfaro,36,,1,583,0.24,Baja California,Economic,High Risk
9467,Srita. Mónica Madrigal,58,344.05,21,619,0.16,San Luis Potosí,Economic,High Risk
9468,Camila Aguilera,52,141.06,12,540,0.12,Yucatán,Economic,High Risk
9469,Srita. Lorena Lozano,47,162.91,24,654,0.11,Nuevo León,Economic,Medium Risk
9470,Felix Razo Díaz,29,228.13,0,540,0.43,Hidalgo,Economic,High Risk
9471,Georgina Toledo de la Garza,55,203.79,27,539,0.51,Puebla,Economic,High Risk
9472,Carmen Briones,27,366.02,5,506,0.45,Sinaloa,Economic,High Risk
9473,Judith Reyna,58,323.31,12,511,0.3,Chihuahua,Economic,High Risk
9474,Rosario Alva Torres,56,447.1,2,554,0.13,Baja California Sur,Economic,High Risk
9475,Sofía Catalina Roybal,39,239.62,18,503,0.53,Jalisco,Economic,High Risk
9476,Hilda María Luisa Cardona Samaniego,68,156.62,15,513,0.38,Querétaro,Economic,High Risk
9477,Zoé Méndez Mireles,23,121.13,1,547,0.31,Nuevo León,Economic,High Risk
9478,Esteban Rivera,41,212.22,8,539,0.26,Veracruz de Ignacio de la Llave,Economic,High Risk
9479,Humberto Carreón Pulido,39,481.27,12,654,0.14,Durango,Economic,Medium Risk
9480,Ivonne Garibay,33,156.86,10,524,0.43,Distrito Federal,Economic,High Risk
9481,José Emilio Clemente Pizarro Bustamante,67,312.67,18,666,0.25,Yucatán,Economic,Medium Risk
9482,Marisol Carla Olivas Rosales,30,177.8,2,535,0.16,Chiapas,Economic,High Risk
9483,Lic. Zeferino Chapa,57,149.57,17,592,0.6,Baja California Sur,Economic,High Risk
9484,Nayeli Mariana Pantoja,25,338.92,1,653,0.58,Sonora,Economic,Medium Risk
9485,Mauricio Salvador Guzmán,25,555.47,1,587,0.57,Distrito Federal,Economic,High Risk
9486,Alfonso Amador Candelaria,69,155.69,28,601,0.39,Campeche,Economic,High Risk
9487,Victoria Cintrón,46,308.64,9,671,0.14,Tamaulipas,Economic,Medium Risk
9488,Mitzy Caridad Ordóñez,28,144.16,3,674,0.17,Tabasco,Economic,Medium Risk
9489,Ing. Reina Quiroz,28,212.69,1,572,0.24,Chiapas,Economic,High Risk
9490,Emilia Sara Estrada Ybarra,59,147.76,19,583,0.21,Durango,Economic,High Risk
9491,Arcelia Noelia Leal Pulido,57,175.73,18,624,0.18,Michoacán de Ocampo,Economic,High Risk
9492,Ana Luisa Correa Salgado,32,273.11,10,584,0.5,Yucatán,Economic,High Risk
9493,Zeferino Iván Maestas,36,228.94,12,624,0.22,Aguascalientes,Economic,High Risk
9494,Srita. Carolina Avilés,49,279.35,17,595,0.56,Yucatán,Economic,High Risk
9495,Rodolfo Paz,27,204.98,0,656,0.36,Colima,Economic,Medium Risk
9496,Dra. Concepción Olivo,48,196.7,4,641,0.55,Yucatán,Economic,High Risk
9497,Sra. Estela Quintero,38,346.3,0,621,0.1,Campeche,Economic,High Risk
9498,Jorge Homero Alva Martínez,70,233.87,49,621,0.17,Coahuila de Zaragoza,Economic,High Risk
9499,Hugo Vela Orozco,45,259.2,18,573,0.1,Colima,Economic,High Risk
9500,Héctor Varela,48,278.21,10,548,0.43,Hidalgo,Economic,High Risk
9501,Alejandro Roberto Partida,61,277.49,32,675,0.57,Distrito Federal,Economic,Medium Risk
9502,Ing. Ramiro Trujillo,24,120.95,1,638,0.25,Distrito Federal,Economic,High Risk
9503,Alejandra Botello,69,605.15,15,577,0.34,Michoacán de Ocampo,Economic,High Risk
9504,Jorge Acuña Saldaña,40,419.69,2,620,0.39,Yucatán,Economic,High Risk
9505,Srita. Ana Luisa Venegas,65,218.19,21,570,0.49,Baja California Sur,Economic,High Risk
9506,Porfirio Amador Tejada Huerta,34,224.28,0,633,0.49,Veracruz de Ignacio de la Llave,Economic,High Risk
9507,Ing. Sara Munguía,28,229.08,3,528,0.17,Jalisco,Economic,High Risk
9508,Sr. Arturo Benavídez,67,145.3,6,567,0.47,Chihuahua,Economic,High Risk
9509,Fernando Malave,56,306.35,7,641,0.35,Jalisco,Economic,High Risk
9510,Horacio Evelio Zelaya Olvera,61,213.9,35,550,0.54,Campeche,Economic,High Risk
9511,Olivia Vela Ulloa,35,383.32,1,557,0.16,Guerrero,Economic,High Risk
9512,Armando Abelardo Venegas,21,177.95,0,673,0.35,Zacatecas,Economic,Medium Risk
9513,Emiliano Montez Cano,70,142.69,33,529,0.33,Aguascalientes,Economic,High Risk
9514,María Teresa Madrigal Pizarro,24,360.29,0,520,0.58,Michoacán de Ocampo,Economic,High Risk
9515,Miriam Yolanda Garica Padilla,49,299.25,10,607,0.3,Quintana Roo,Economic,High Risk
9516,Elsa Antonia Cortez Rivero,30,188.96,8,515,0.51,Sonora,Economic,High Risk
9517,Ricardo Madrigal Barraza,44,343.72,1,513,0.29,Baja California Sur,Economic,High Risk
9518,Jos Alberto Montenegro,57,380.78,34,524,0.24,Oaxaca,Economic,High Risk
9519,Rosario Aguilar Berríos,51,235.61,0,502,0.2,Quintana Roo,Economic,High Risk
9520,Alfredo Santiago Olivo,57,231.45,4,589,0.28,Coahuila de Zaragoza,Economic,High Risk
9521,Rafaél Cuellar,61,145.67,34,511,0.36,Campeche,Economic,High Risk
9522,Darío Robledo Alcala,64,330.33,1,591,0.44,Aguascalientes,Economic,High Risk
9523,Pedro Rodolfo Zambrano Cedillo,52,1003.1,31,535,0.59,Nuevo León,Economic,High Risk
9524,Dr. Óliver Abreu,47,247.95,4,524,0.3,Coahuila de Zaragoza,Economic,High Risk
9525,Ing. Dalia Pérez,45,280.34,9,626,0.3,Coahuila de Zaragoza,Economic,High Risk
9526,Aldo Francisco Cotto,41,164.83,3,643,0.46,Tabasco,Economic,High Risk
9527,Homero Rolando Magaña Leal,27,266.35,1,676,0.21,Nayarit,Economic,Medium Risk
9528,Dra. Dolores Olivárez,46,,10,578,0.54,Baja California,Economic,High Risk
9529,Agustín Gonzalo Ureña Montañez,41,179.95,11,582,0.19,Yucatán,Economic,High Risk
9530,Sra. Norma Lira,45,170.43,9,586,0.4,Campeche,Economic,High Risk
9531,Julio Ramón Casillas,22,114.79,0,508,0.37,Sinaloa,Economic,High Risk
9532,Marisol Fonseca Corral,52,91.45,22,513,0.19,Aguascalientes,Economic,High Risk
9533,Emilio Marcos Ocasio,64,81.31,14,509,0.52,Morelos,Economic,High Risk
9534,Amalia Tapia,21,367.08,1,517,0.33,Hidalgo,Economic,High Risk
9535,Abel Amador Barajas Razo,24,161.25,1,627,0.41,México,Economic,High Risk
9536,Abelardo Olivo Ramón,61,101.6,31,679,0.59,Sinaloa,Economic,Medium Risk
9537,Abigail Archuleta,63,462.51,36,591,0.21,Chihuahua,Economic,High Risk
9538,Linda Perla Borrego Hidalgo,60,174.85,36,643,0.4,Chiapas,Economic,High Risk
9539,Claudio Espartaco Marrero Espinoza,50,267.61,7,599,0.16,Tamaulipas,Economic,High Risk
9540,Jerónimo Fernando Toledo Cornejo,67,273.8,43,635,0.43,Tlaxcala,Economic,High Risk
9541,Carolina Guzmán,34,170.14,9,587,0.54,Guerrero,Economic,High Risk
9542,Marco Antonio Crespo Regalado,60,186.15,9,559,0.28,Querétaro,Economic,High Risk
9543,José Carlos Hernán Márquez,41,161.74,0,623,0.11,Veracruz de Ignacio de la Llave,Economic,High Risk
9544,Dra. Isabel Benavídez,42,111.05,12,553,0.13,Morelos,Economic,High Risk
9545,Teodoro Beltrán Collado,56,298.39,10,609,0.54,Baja California,Economic,High Risk
9546,Srita. Luisa Salinas,55,135.01,7,543,0.16,Baja California Sur,Economic,High Risk
9547,Sr. Juan Carlos Elizondo,27,200.96,0,635,0.11,Hidalgo,Economic,High Risk
9548,Ignacio Juan Gallegos Fonseca,22,157.95,0,575,0.5,Chihuahua,Economic,High Risk
9549,Pablo Vera,35,183.52,8,639,0.37,Hidalgo,Economic,High Risk
9550,Lucas Hugo Alba,52,395.58,15,503,0.2,Nuevo León,Economic,High Risk
9551,Rodrigo Altamirano,70,171.68,41,581,0.32,Guanajuato,Economic,High Risk
9552,Amalia Fuentes,39,404.63,4,547,0.1,Chiapas,Economic,High Risk
9553,Julio Godínez,52,245.3,29,534,0.24,Coahuila de Zaragoza,Economic,High Risk
9554,Adalberto Claudio García,39,200.97,9,591,0.43,San Luis Potosí,Economic,High Risk
9555,Ing. Reynaldo Borrego,36,185.53,3,669,0.35,Distrito Federal,Economic,Medium Risk
9556,Carla Vega,62,239.81,3,659,0.27,Coahuila de Zaragoza,Economic,Medium Risk
9557,Andrés Rodarte Bañuelos,30,699.84,2,604,0.14,San Luis Potosí,Economic,High Risk
9558,Karla Saavedra,28,282.68,1,519,0.23,Baja California Sur,Economic,High Risk
9559,Antonio Espartaco Casárez,67,211.04,16,565,0.6,Chiapas,Economic,High Risk
9560,Rebeca Haro,33,156.19,0,625,0.58,Morelos,Economic,High Risk
9561,Dra. Berta Casillas,38,520.97,8,678,0.25,Michoacán de Ocampo,Economic,Medium Risk
9562,Gabino Acevedo,33,228.48,5,604,0.52,Distrito Federal,Economic,High Risk
9563,Omar Miguel Hernández Patiño,32,294.9,11,583,0.35,Puebla,Economic,High Risk
9564,Sonia Linda Arguello Raya,30,236.05,10,621,0.19,Querétaro,Economic,High Risk
9565,Marisela Ana Pedroza Quezada,36,345.96,3,501,0.35,Baja California,Economic,High Risk
9566,Dr. Oswaldo Carbajal,49,208.33,12,667,0.32,Zacatecas,Economic,Medium Risk
9567,Gregorio Zamora Flores,70,505.96,24,532,0.32,Jalisco,Economic,High Risk
9568,Zeferino Monroy Corrales,56,443.33,9,505,0.27,Veracruz de Ignacio de la Llave,Economic,High Risk
9569,Alonso Baca Robledo,59,242.06,1,592,0.54,Nuevo León,Economic,High Risk
9570,Sr. Hugo Cantú,52,355.78,4,600,0.42,Baja California Sur,Economic,High Risk
9571,Lic. Jacinto Calderón,21,142.95,0,548,0.53,Yucatán,Economic,High Risk
9572,Lic. Claudia Ceja,37,126.59,11,586,0.26,Coahuila de Zaragoza,Economic,High Risk
9573,Gabriel Carlos Alonzo,47,187.26,9,550,0.43,Campeche,Economic,High Risk
9574,Ing. Ana María Reséndez,53,177.66,7,635,0.38,Coahuila de Zaragoza,Economic,High Risk
9575,Indira Saiz,44,259.12,20,556,0.18,Guanajuato,Economic,High Risk
9576,Cristal Dulce María Cornejo,53,171.98,5,627,0.32,Jalisco,Economic,High Risk
9577,Indira Magdalena Matos,47,93.92,7,573,0.16,Chihuahua,Economic,High Risk
9578,Lic. Virginia Arellano,58,232.81,9,544,0.13,Oaxaca,Economic,High Risk
9579,Florencia Esperanza Salinas,64,291.94,13,655,0.23,Nayarit,Economic,Medium Risk
9580,Reynaldo Solís Rincón,35,160.0,9,632,0.38,Quintana Roo,Economic,High Risk
9581,Lic. Irene Vega,34,122.58,1,546,0.28,Campeche,Economic,High Risk
9582,María Cristina Frida Paredes,64,410.88,29,555,0.1,Nuevo León,Economic,High Risk
9583,Rafaél Roque Márquez,43,239.49,4,633,0.11,Yucatán,Economic,High Risk
9584,Gerardo Felipe Chacón,49,149.94,1,677,0.44,Quintana Roo,Economic,Medium Risk
9585,Srita. Cristina Nieves,49,312.12,26,613,0.52,Durango,Economic,High Risk
9586,José Carlos Mauro Gutiérrez,34,444.69,5,603,0.13,Puebla,Economic,High Risk
9587,Omar Rodrígez Carrillo,37,187.44,6,548,0.25,Morelos,Economic,High Risk
9588,Indira Irizarry Estrada,61,251.05,39,501,0.18,Tlaxcala,Economic,High Risk
9589,Virginia Natalia Hernández Tamez,65,179.62,33,565,0.37,Distrito Federal,Economic,High Risk
9590,Luz Marisol de Jesús Santillán,60,159.1,28,601,0.57,Colima,Economic,High Risk
9591,Sr. Renato Meléndez,28,110.96,10,622,0.19,Tlaxcala,Economic,High Risk
9592,Pilar Isabela Pedroza Mena,25,328.7,0,615,0.53,Yucatán,Economic,High Risk
9593,Dr. Camilo Limón,60,155.9,39,636,0.16,Colima,Economic,High Risk
9594,Magdalena Granados,39,261.98,7,589,0.37,Nayarit,Economic,High Risk
9595,Elvia Quintana,42,246.77,8,605,0.39,Baja California,Economic,High Risk
9596,Elisa Vigil Cadena,25,98.95,4,654,0.56,Morelos,Economic,Medium Risk
9597,Ángel Flavio Rascón,40,255.72,15,660,0.15,Nuevo León,Economic,Medium Risk
9598,Lic. Gregorio Luevano,46,340.02,8,587,0.11,Yucatán,Economic,High Risk
9599,Sra. Hermelinda Alejandro,27,278.65,9,672,0.42,Colima,Economic,Medium Risk
9600,Jaime Sanabria,60,261.73,13,639,0.29,Tabasco,Economic,High Risk
9601,Lic. Claudio Bermúdez,37,261.65,12,668,0.3,Baja California,Economic,Medium Risk
9602,Nelly Fabiola Rodríguez,59,141.08,22,620,0.4,Zacatecas,Economic,High Risk
9603,Uriel Lebrón Tamayo,37,330.15,14,605,0.14,Aguascalientes,Economic,High Risk
9604,Estefanía Eva Acevedo,65,170.17,18,508,0.14,Oaxaca,Economic,High Risk
9605,Lic. Barbara Lebrón,21,247.54,0,555,0.21,Morelos,Economic,High Risk
9606,Pascual Sierra,53,293.71,19,547,0.29,México,Economic,High Risk
9607,Helena Terán Llamas,63,,21,589,0.43,Jalisco,Economic,High Risk
9608,Homero Mauro Quintanilla,45,378.59,2,634,0.24,Tamaulipas,Economic,High Risk
9609,Reynaldo Quintero Guerrero,60,448.89,8,610,0.47,Sinaloa,Economic,High Risk
9610,Sr. Lucas Sáenz,35,183.12,2,630,0.28,Sonora,Economic,High Risk
9611,Felipe Olivares Quiñones,55,222.26,21,643,0.31,Chihuahua,Economic,High Risk
9612,Minerva Micaela Trujillo,30,164.9,3,617,0.54,Distrito Federal,Economic,High Risk
9613,Sr. Felipe Valle,62,437.51,24,627,0.46,Hidalgo,Economic,High Risk
9614,Alvaro Macías,41,134.18,14,585,0.4,San Luis Potosí,Economic,High Risk
9615,Evelio Ozuna,69,140.29,28,609,0.22,Michoacán de Ocampo,Economic,High Risk
9616,Martha Arriaga Trujillo,65,150.49,42,611,0.36,Campeche,Economic,High Risk
9617,Bianca Arias,50,396.47,3,644,0.3,Michoacán de Ocampo,Economic,High Risk
9618,Rosalia Patricia de la O,48,97.68,22,511,0.2,Zacatecas,Economic,High Risk
9619,Felipe Rolando Rubio Santiago,33,336.85,2,635,0.24,San Luis Potosí,Economic,High Risk
9620,Gabino Mora,62,407.39,6,506,0.58,Aguascalientes,Economic,High Risk
9621,Ramiro Mariano Ceballos,58,114.89,25,540,0.51,Sonora,Economic,High Risk
9622,Fernando Corral,41,182.06,6,675,0.19,Jalisco,Economic,Medium Risk
9623,Sr. Porfirio Saiz,38,118.22,7,596,0.57,Oaxaca,Economic,High Risk
9624,Srita. Nelly Chacón,67,138.85,38,576,0.57,Guanajuato,Economic,High Risk
9625,Cecilia Carrillo,58,140.89,0,670,0.43,Quintana Roo,Economic,Medium Risk
9626,Reina Ángela Salcido,40,202.99,7,629,0.5,Jalisco,Economic,High Risk
9627,Gonzalo Lovato,55,225.82,23,671,0.56,Michoacán de Ocampo,Economic,Medium Risk
9628,Horacio Guillermo Téllez,66,328.41,15,674,0.52,Tabasco,Economic,Medium Risk
9629,Sonia Muro,55,167.8,26,621,0.51,Sonora,Economic,High Risk
9630,Rubén Trujillo,28,226.78,0,564,0.5,Oaxaca,Economic,High Risk
9631,Clara Sandra Leal Alonzo,43,388.88,0,623,0.18,Colima,Economic,High Risk
9632,César Ornelas Fierro,52,135.13,9,592,0.24,Nuevo León,Economic,High Risk
9633,Lic. Felipe Aparicio,39,370.29,11,531,0.41,Colima,Economic,High Risk
9634,Blanca Citlali Ceja,34,255.78,14,530,0.3,Nayarit,Economic,High Risk
9635,Teodoro Antonio Reyes Alarcón,57,413.0,28,631,0.58,Guanajuato,Economic,High Risk
9636,Gloria Cazares,67,347.22,23,680,0.15,Sonora,Economic,Medium Risk
9637,Aldo Peralta,31,214.85,2,587,0.16,Guanajuato,Economic,High Risk
9638,Asunción María Eugenia Terán Alonso,26,125.57,0,578,0.36,Yucatán,Economic,High Risk
9639,Esperanza Viera Segura,31,87.72,2,632,0.5,Tlaxcala,Economic,High Risk
9640,Natividad Judith Cardenas,40,114.69,10,597,0.38,Tabasco,Economic,High Risk
9641,Augusto Germán Mesa Matos,58,132.06,7,652,0.54,Oaxaca,Economic,Medium Risk
9642,Oswaldo Teodoro Rincón,35,95.94,10,549,0.17,Guanajuato,Economic,High Risk
9643,Mónica Susana Cintrón,62,424.31,37,667,0.44,Guerrero,Economic,Medium Risk
9644,Clara María Eugenia Rael Preciado,35,326.14,7,551,0.15,San Luis Potosí,Economic,High Risk
9645,Andrés Madrid,65,390.04,20,589,0.14,Chihuahua,Economic,High Risk
9646,Alvaro Pedro Lozano,42,296.92,6,591,0.45,Baja California,Economic,High Risk
9647,Dulce María Quintero,54,123.2,2,657,0.43,Veracruz de Ignacio de la Llave,Economic,Medium Risk
9648,Josefina Esquibel,58,306.74,25,647,0.17,Campeche,Economic,High Risk
9649,Bernardo Joaquín Ríos Galarza,38,174.5,6,557,0.21,Sinaloa,Economic,High Risk
9650,María José María José Garica Montañez,52,208.38,0,523,0.31,Baja California,Economic,High Risk
9651,Angélica Úrsula Pineda Suárez,60,136.73,20,569,0.44,Sinaloa,Economic,High Risk
9652,Josefina Araceli Patiño Macías,62,137.76,16,669,0.48,Sonora,Economic,Medium Risk
9653,Josefina Barraza,45,204.86,1,619,0.24,Campeche,Economic,High Risk
9654,Silvano Elias Acuña,30,232.28,8,598,0.33,Campeche,Economic,High Risk
9655,Eloisa Henríquez Cotto,47,204.5,4,631,0.54,Distrito Federal,Economic,High Risk
9656,Rosario Altamirano,54,264.05,32,597,0.32,Veracruz de Ignacio de la Llave,Economic,High Risk
9657,Micaela Nelly Saldaña,51,136.73,23,548,0.49,Baja California,Economic,High Risk
9658,Lic. Jos Domínguez,30,340.62,1,671,0.52,Aguascalientes,Economic,Medium Risk
9659,Luis Granado,55,158.73,19,603,0.51,Quintana Roo,Economic,High Risk
9660,Sr. Antonio Arreola,68,224.61,20,565,0.27,Nuevo León,Economic,High Risk
9661,Tomás Martín Tijerina,33,146.76,2,597,0.37,Quintana Roo,Economic,High Risk
9662,Lic. Benjamín Escamilla,45,139.55,12,674,0.47,Aguascalientes,Economic,Medium Risk
9663,Olivia Mascareñas Roque,56,156.27,34,678,0.37,México,Economic,Medium Risk
9664,Indira Celia Cortez Malave,50,74.94,13,608,0.27,México,Economic,High Risk
9665,Jacinto Octavio Gonzales Frías,66,252.87,38,558,0.36,Zacatecas,Economic,High Risk
9666,Fidel Espinoza Fierro,49,235.6,18,647,0.44,Aguascalientes,Economic,High Risk
9667,José Eduardo Antonio Cuellar,68,140.15,21,579,0.21,Querétaro,Economic,High Risk
9668,Paola Karina Bañuelos,49,121.92,18,595,0.45,Hidalgo,Economic,High Risk
9669,Agustín Jesús Jáquez,28,208.87,7,663,0.47,Jalisco,Economic,Medium Risk
9670,Sra. Socorro Navarro,25,372.72,1,537,0.12,San Luis Potosí,Economic,High Risk
9671,Nancy Graciela Espinoza,29,216.62,0,635,0.47,Chihuahua,Economic,High Risk
9672,Carlos Humberto Garrido Ferrer,53,193.86,5,599,0.55,Tamaulipas,Economic,High Risk
9673,Lic. José Carlos Uribe,64,286.07,33,670,0.5,Aguascalientes,Economic,Medium Risk
9674,Bruno Vicente Zavala Guerrero,37,158.4,7,533,0.5,San Luis Potosí,Economic,High Risk
9675,Porfirio Merino Armendáriz,65,293.3,36,582,0.51,Baja California Sur,Economic,High Risk
9676,Liliana Catalina Velázquez,22,405.29,1,567,0.6,Oaxaca,Economic,High Risk
9677,Lic. Francisca Olivares,60,218.0,24,661,0.45,Guerrero,Economic,Medium Risk
9678,Rubén Abel Olmos,41,201.53,11,647,0.23,Zacatecas,Economic,High Risk
9679,Dr. Agustín Orellana,29,499.25,5,566,0.6,Coahuila de Zaragoza,Economic,High Risk
9680,Margarita Noelia Luevano,57,160.58,14,574,0.23,Colima,Economic,High Risk
9681,Hernán Partida Santacruz,64,53.77,36,671,0.59,Tlaxcala,Economic,Medium Risk
9682,Ing. Rodrigo Ordóñez,57,413.04,9,512,0.22,Nuevo León,Economic,High Risk
9683,Gonzalo Arenas Acuña,51,229.54,2,500,0.2,Hidalgo,Economic,High Risk
9684,Mariana Soria,70,134.09,31,518,0.26,Yucatán,Economic,High Risk
9685,Evelio Juan Carlos Gallardo Armendáriz,68,88.2,0,576,0.36,Durango,Economic,High Risk
9686,María del Carmen Araceli Gamez,29,307.82,2,654,0.42,Michoacán de Ocampo,Economic,Medium Risk
9687,Evelio José María Malave Arce,33,116.29,4,611,0.56,Jalisco,Economic,High Risk
9688,Felipe Niño,64,238.63,6,556,0.41,Hidalgo,Economic,High Risk
9689,Eric Candelaria Parra,51,365.67,12,665,0.35,Tamaulipas,Economic,Medium Risk
9690,Ilse María Eugenia Barrera,47,192.5,11,629,0.36,Quintana Roo,Economic,High Risk
9691,Agustín Guajardo Tamez,33,257.71,10,601,0.55,Coahuila de Zaragoza,Economic,High Risk
9692,Delia Luz Ramos Pantoja,57,110.69,27,543,0.15,Michoacán de Ocampo,Economic,High Risk
9693,Ana Luisa Ángela Carrillo Olvera,67,145.32,1,661,0.57,Tabasco,Economic,Medium Risk
9694,José Carlos Villegas Montenegro,26,590.42,2,571,0.44,Baja California,Economic,High Risk
9695,Lorena Naranjo,50,368.72,21,648,0.35,Aguascalientes,Economic,High Risk
9696,Estefanía Guillermina Maya,61,282.55,15,555,0.31,Baja California,Economic,High Risk
9697,Luis Miguel Mireles Sáenz,39,222.79,13,541,0.32,Chihuahua,Economic,High Risk
9698,David Jorge Olivares Estévez,29,188.68,7,642,0.31,Tlaxcala,Economic,High Risk
9699,Abigail Sara Madera,22,205.04,0,665,0.5,Baja California,Economic,Medium Risk
9700,Estela Ana Luisa Rosas Madrigal,60,149.84,24,679,0.2,Quintana Roo,Economic,Medium Risk
9701,Rosario Balderas,22,253.99,1,648,0.1,Colima,Economic,High Risk
9702,Gloria Figueroa Luna,66,150.98,41,518,0.27,Quintana Roo,Economic,High Risk
9703,Rolando Ricardo de la Fuente,66,122.92,27,591,0.2,Durango,Economic,High Risk
9704,Rosario María Teresa Páez,48,185.01,24,637,0.34,Colima,Economic,High Risk
9705,Noemí Valencia Gollum,68,487.48,21,507,0.22,Chiapas,Economic,High Risk
9706,Andrés José Emilio Crespo Aguilar,33,213.73,4,605,0.46,Baja California Sur,Economic,High Risk
9707,Aldonza Correa Cabán,25,205.38,2,570,0.34,Coahuila de Zaragoza,Economic,High Risk
9708,Teresa Hernandes Lozano,24,235.94,2,565,0.17,Morelos,Economic,High Risk
9709,Alejandra Calderón Rosas,50,210.28,1,594,0.53,Sonora,Economic,High Risk
9710,Lilia Liliana Padrón,23,129.78,2,563,0.54,Sonora,Economic,High Risk
9711,Noemí Paredes Meza,42,339.88,4,631,0.59,Coahuila de Zaragoza,Economic,High Risk
9712,Lic. Ana Luisa Soria,53,202.23,18,644,0.53,Chihuahua,Economic,High Risk
9713,Jos Aurelio Zedillo,36,184.39,2,507,0.57,Campeche,Economic,High Risk
9714,Lic. Luis Miguel Quintana,54,170.32,4,665,0.36,Tabasco,Economic,Medium Risk
9715,Julio Cavazos,65,269.96,39,664,0.16,Tamaulipas,Economic,Medium Risk
9716,Ofelia Salgado,66,262.04,18,642,0.28,Chihuahua,Economic,High Risk
9717,David Ibarra,21,127.81,0,532,0.53,Sonora,Economic,High Risk
9718,Anel Casares,64,201.79,35,606,0.58,Quintana Roo,Economic,High Risk
9719,Ivonne Lourdes Rascón,59,257.34,11,641,0.17,Veracruz de Ignacio de la Llave,Economic,High Risk
9720,Dra. Natalia de León,63,299.98,32,649,0.26,México,Economic,High Risk
9721,Arcelia Castillo,37,170.32,17,534,0.45,Hidalgo,Economic,High Risk
9722,Paulina Florencia Ponce Nájera,30,264.62,7,569,0.54,Durango,Economic,High Risk
9723,Emilia Nelly Barreto Candelaria,23,92.12,0,539,0.25,Puebla,Economic,High Risk
9724,Sofía Mesa,38,250.79,9,680,0.52,Coahuila de Zaragoza,Economic,Medium Risk
9725,Gabino Víctor Mora,35,219.53,7,565,0.23,Veracruz de Ignacio de la Llave,Economic,High Risk
9726,Celia Elena Apodaca,48,,6,550,0.32,Nayarit,Economic,High Risk
9727,Concepción Graciela Pulido,25,276.76,0,546,0.36,Nuevo León,Economic,High Risk
9728,Yeni Débora Gastélum,27,242.61,6,673,0.38,Guanajuato,Economic,Medium Risk
9729,Jos Teodoro Mayorga Villa,59,413.04,20,550,0.41,Tabasco,Economic,High Risk
9730,María del Carmen Ariadna Sauceda,65,109.33,35,625,0.54,Sonora,Economic,High Risk
9731,Gilberto Fernando Baca Medrano,26,139.71,3,612,0.53,Yucatán,Economic,High Risk
9732,Srita. Aida Reséndez,45,322.08,22,546,0.31,Morelos,Economic,High Risk
9733,Bruno Venegas,63,404.9,26,504,0.33,Sonora,Economic,High Risk
9734,Jonás Carrasco Reyes,58,288.49,16,579,0.16,Nayarit,Economic,High Risk
9735,Mauricio Alfredo Cotto,36,164.51,2,616,0.33,Tamaulipas,Economic,High Risk
9736,Julia Abril Muro,28,136.29,2,609,0.59,San Luis Potosí,Economic,High Risk
9737,Alicia Tania Rangel Bétancourt,46,456.86,24,646,0.35,Tabasco,Economic,High Risk
9738,Tomás Zaragoza Franco,62,125.55,11,567,0.25,Tlaxcala,Economic,High Risk
9739,Pablo Amador Zaragoza Linares,47,166.99,5,624,0.48,Chihuahua,Economic,High Risk
9740,Amador Macías,36,417.0,7,527,0.57,Sonora,Economic,High Risk
9741,Micaela del Valle Pizarro,37,226.3,11,564,0.51,Nayarit,Economic,High Risk
9742,Bruno Nava,59,149.31,16,677,0.52,Jalisco,Economic,Medium Risk
9743,Enrique Gastélum,48,224.89,22,521,0.52,Coahuila de Zaragoza,Economic,High Risk
9744,Berta Venegas Valles,36,347.65,1,571,0.16,Coahuila de Zaragoza,Economic,High Risk
9745,Luisa Elsa Terán,39,254.48,9,617,0.44,Tlaxcala,Economic,High Risk
9746,Eduardo Sepúlveda,64,206.49,32,547,0.49,Guerrero,Economic,High Risk
9747,Yuridia Lourdes Sáenz Herrera,62,169.6,21,563,0.16,Querétaro,Economic,High Risk
9748,Sr. Adán Madera,55,190.48,29,608,0.38,Guanajuato,Economic,High Risk
9749,Lucía Fierro,40,154.7,16,629,0.37,Oaxaca,Economic,High Risk
9750,Pedro Orozco,30,310.59,1,631,0.23,Veracruz de Ignacio de la Llave,Economic,High Risk
9751,Concepción Vanesa Ruelas Solorio,39,146.17,11,595,0.48,Puebla,Economic,High Risk
9752,Yolanda Ortega Llamas,46,113.49,23,644,0.12,México,Economic,High Risk
9753,Lic. Nadia Ulloa,42,314.9,9,652,0.14,Guerrero,Economic,Medium Risk
9754,Oswaldo Castañeda Borrego,36,129.91,1,674,0.13,Chiapas,Economic,Medium Risk
9755,Óliver Ulibarri de la Garza,69,193.56,21,662,0.18,Sinaloa,Economic,Medium Risk
9756,Lic. Ángel Griego,33,186.82,3,590,0.23,Sinaloa,Economic,High Risk
9757,Elisa Camila García,46,139.49,10,508,0.34,Veracruz de Ignacio de la Llave,Economic,High Risk
9758,Marisol Miramontes,23,384.78,5,645,0.25,México,Economic,High Risk
9759,Sr. Porfirio Sierra,33,96.1,9,615,0.2,Zacatecas,Economic,High Risk
9760,Clara Dolores Guerrero Gallardo,40,204.11,0,514,0.24,Baja California Sur,Economic,High Risk
9761,José Luis Gabino Serrato,25,151.21,0,614,0.48,Campeche,Economic,High Risk
9762,Jesús Salgado Regalado,67,215.11,12,617,0.59,México,Economic,High Risk
9763,Esther Adriana Ruelas,69,130.87,15,520,0.15,México,Economic,High Risk
9764,Daniela Salcido,64,332.01,44,583,0.23,Sonora,Economic,High Risk
9765,Ing. Adalberto Olivas,43,199.69,16,658,0.24,México,Economic,Medium Risk
9766,Olga Noelia Carranza,47,406.82,25,587,0.13,Puebla,Economic,High Risk
9767,Citlali Fierro Rosado,31,168.46,1,516,0.56,Coahuila de Zaragoza,Economic,High Risk
9768,Camila Patricia Niño Rodrígez,43,163.19,0,592,0.25,México,Economic,High Risk
9769,Ilse Lourdes Cintrón Serrano,58,140.54,10,514,0.32,Baja California Sur,Economic,High Risk
9770,Eugenia Razo,54,566.26,27,594,0.2,Quintana Roo,Economic,High Risk
9771,Dr. Bruno Luevano,61,237.86,22,640,0.46,Durango,Economic,High Risk
9772,Liliana Navarro Baeza,55,340.92,16,601,0.44,Chiapas,Economic,High Risk
9773,Elvira Centeno,38,326.91,18,523,0.59,Nayarit,Economic,High Risk
9774,Dra. Yuridia Maya,60,366.39,15,598,0.45,Baja California,Economic,High Risk
9775,Norma Olivárez Contreras,51,195.68,21,601,0.35,Morelos,Economic,High Risk
9776,Andrea Verduzco Matías,48,225.1,13,609,0.55,Querétaro,Economic,High Risk
9777,Cristina María Eugenia Rivera Hernández,26,320.19,3,602,0.2,Nuevo León,Economic,High Risk
9778,Ing. Amador Zamora,35,121.85,7,605,0.56,Zacatecas,Economic,High Risk
9779,Ing. Eloisa Tamez,29,170.11,8,577,0.34,Querétaro,Economic,High Risk
9780,José Ángel Madrid,58,315.18,13,509,0.29,Morelos,Economic,High Risk
9781,Ing. Eduardo Díaz,44,192.45,17,559,0.55,Guanajuato,Economic,High Risk
9782,Irene Esparta Arellano Bravo,55,744.88,8,635,0.58,Morelos,Economic,High Risk
9783,Ing. Rosario Longoria,49,98.6,7,664,0.24,Yucatán,Economic,Medium Risk
9784,Benjamín Benjamín Corral,43,696.24,12,660,0.16,Tamaulipas,Economic,Medium Risk
9785,Silvano Pedro Zelaya,42,265.42,6,544,0.21,Veracruz de Ignacio de la Llave,Economic,High Risk
9786,Lourdes Altamirano,30,,7,679,0.51,Morelos,Economic,Medium Risk
9787,Esmeralda Olivia Farías de Jesús,50,83.22,3,635,0.45,Tlaxcala,Economic,High Risk
9788,Omar Carrera Altamirano,41,297.89,15,598,0.25,Guanajuato,Economic,High Risk
9789,Mercedes Alma Feliciano Arellano,55,137.49,24,649,0.58,Puebla,Economic,High Risk
9790,Martha Fabiola Saucedo Ramos,45,163.31,24,592,0.18,Sonora,Economic,High Risk
9791,Lic. Felipe Terán,53,302.92,19,553,0.21,Jalisco,Economic,High Risk
9792,Ing. Judith Armas,40,175.26,12,663,0.47,Baja California Sur,Economic,Medium Risk
9793,Eugenia Fuentes,26,235.78,2,572,0.11,Nuevo León,Economic,High Risk
9794,Mario Altamirano,69,242.09,11,561,0.54,Colima,Economic,High Risk
9795,Elisa Treviño,31,250.15,8,629,0.28,Colima,Economic,High Risk
9796,Ivonne López Almonte,42,173.32,2,672,0.34,Durango,Economic,Medium Risk
9797,Omar Hugo Palacios,31,150.75,10,533,0.34,Durango,Economic,High Risk
9798,Joaquín Cabrera,26,142.73,7,520,0.53,Aguascalientes,Economic,High Risk
9799,Sofía Rebeca Tafoya del Valle,31,117.65,6,571,0.13,Tamaulipas,Economic,High Risk
9800,Sra. Esther Valdez,22,216.27,0,621,0.27,Baja California,Economic,High Risk
9801,Rodrigo Augusto Ulloa,39,244.57,18,627,0.29,Jalisco,Economic,High Risk
9802,Víctor Pizarro,56,172.59,1,677,0.21,Chihuahua,Economic,Medium Risk
9803,Dr. Modesto Badillo,24,198.99,0,567,0.19,Jalisco,Economic,High Risk
9804,Lorena Bañuelos,47,145.41,14,631,0.35,Michoacán de Ocampo,Economic,High Risk
9805,Benjamín Juan Archuleta,60,344.29,35,564,0.13,Durango,Economic,High Risk
9806,Germán Chavarría,41,193.98,9,502,0.16,Quintana Roo,Economic,High Risk
9807,Flavio Velásquez,24,64.39,1,540,0.21,San Luis Potosí,Economic,High Risk
9808,Rodrigo Juan Carlos Alarcón Leal,62,876.73,2,633,0.54,Hidalgo,Economic,High Risk
9809,Marcela Pineda Bermúdez,43,268.12,9,541,0.51,Nuevo León,Economic,High Risk
9810,Miguel Ángel Agustín Delgadillo Colón,61,299.24,34,582,0.28,Morelos,Economic,High Risk
9811,Porfirio Vélez,29,107.45,0,534,0.3,Sonora,Economic,High Risk
9812,Felix David Macías,65,160.22,40,538,0.22,San Luis Potosí,Economic,High Risk
9813,Camila Rocío Lomeli Linares,21,137.47,0,540,0.1,Chiapas,Economic,High Risk
9814,Pablo Adalberto de la Garza Rael,50,387.43,11,638,0.49,Guerrero,Economic,High Risk
9815,Darío Venegas,59,100.48,7,572,0.54,Michoacán de Ocampo,Economic,High Risk
9816,Pedro Solorzano,70,205.35,45,600,0.25,Veracruz de Ignacio de la Llave,Economic,High Risk
9817,Teodoro Perea Vargas,31,165.06,13,555,0.17,Aguascalientes,Economic,High Risk
9818,Homero Bueno Cruz,24,100.4,0,521,0.13,Querétaro,Economic,High Risk
9819,Ing. Alejandro Jiménez,50,283.23,11,529,0.35,Sonora,Economic,High Risk
9820,Helena Caridad Espinoza,59,246.65,28,576,0.29,Chihuahua,Economic,High Risk
9821,Abel Corral,35,238.24,12,620,0.17,San Luis Potosí,Economic,High Risk
9822,Salma Emilia Heredia Ceja,34,334.86,4,540,0.16,Sinaloa,Economic,High Risk
9823,María Barbara Garibay,42,172.54,5,527,0.55,Tamaulipas,Economic,High Risk
9824,Perla Yuridia Orosco Salcido,68,136.61,32,621,0.14,Tamaulipas,Economic,High Risk
9825,Emiliano Rubio Medina,36,191.34,7,554,0.17,Durango,Economic,High Risk
9826,Concepción Elena Márquez Trujillo,50,180.59,11,589,0.39,Puebla,Economic,High Risk
9827,Juan Pulido Palomino,33,324.34,1,606,0.54,Zacatecas,Economic,High Risk
9828,Sr. José María Ruelas,25,384.55,5,594,0.13,Jalisco,Economic,High Risk
9829,Rosario Carla Mata Montaño,24,250.5,5,620,0.13,Tabasco,Economic,High Risk
9830,Eloisa Rosario Pelayo,49,172.24,23,654,0.52,Querétaro,Economic,Medium Risk
9831,Ing. Ariadna Vela,69,636.68,32,537,0.26,Veracruz de Ignacio de la Llave,Economic,High Risk
9832,Mario Wilfrido Viera Arriaga,41,285.84,0,563,0.32,Veracruz de Ignacio de la Llave,Economic,High Risk
9833,Dulce Graciela Cornejo,43,260.78,11,587,0.55,Distrito Federal,Economic,High Risk
9834,Guadalupe Archuleta,37,256.54,6,677,0.57,Jalisco,Economic,Medium Risk
9835,Mariana Madera,39,248.37,3,646,0.18,Jalisco,Economic,High Risk
9836,Sofía Estefanía Lozano,32,242.66,9,646,0.52,Tabasco,Economic,High Risk
9837,Ernesto Óscar Ortiz,69,172.34,12,615,0.4,San Luis Potosí,Economic,High Risk
9838,Lic. Karla Gutiérrez,63,377.75,41,666,0.29,Nuevo León,Economic,Medium Risk
9839,Sr. José Emilio Berríos,26,108.7,5,506,0.38,Campeche,Economic,High Risk
9840,José Eduardo Madrid Gallardo,28,327.42,0,593,0.57,Yucatán,Economic,High Risk
9841,Emiliano Acosta Calderón,45,177.18,15,574,0.25,Campeche,Economic,High Risk
9842,Víctor Jos Villa,56,347.76,26,546,0.41,Aguascalientes,Economic,High Risk
9843,Nadia Gloria Almanza,50,374.49,27,530,0.22,Michoacán de Ocampo,Economic,High Risk
9844,Bernabé Arias Tamayo,28,220.07,1,587,0.44,Nayarit,Economic,High Risk
9845,Ing. Wendolin Valadez,58,254.31,21,544,0.32,Yucatán,Economic,High Risk
9846,Esteban Castellanos Mendoza,35,111.25,7,605,0.41,México,Economic,High Risk
9847,Ing. Isabel Fuentes,50,232.06,20,552,0.18,Veracruz de Ignacio de la Llave,Economic,High Risk
9848,Zacarías José Mares Galván,31,235.64,0,573,0.4,Campeche,Economic,High Risk
9849,Mateo Rincón Botello,30,216.98,2,674,0.56,Zacatecas,Economic,Medium Risk
9850,Angélica María Teresa Puente Caraballo,64,249.45,23,619,0.49,Nayarit,Economic,High Risk
9851,Abel Cortez,65,241.17,35,553,0.47,Nuevo León,Economic,High Risk
9852,Luisa Cepeda,59,259.64,32,549,0.3,Baja California,Economic,High Risk
9853,Ing. Héctor Solís,36,129.23,4,600,0.32,Zacatecas,Economic,High Risk
9854,José Eduardo Enrique Benítez Ávalos,67,198.84,40,585,0.17,Tamaulipas,Economic,High Risk
9855,Guillermo Partida,21,133.87,0,510,0.5,Baja California,Economic,High Risk
9856,María Cristina Esther Matos Cazares,58,398.47,35,633,0.17,Puebla,Economic,High Risk
9857,Lucía Margarita Santana Amador,41,105.04,7,645,0.24,Veracruz de Ignacio de la Llave,Economic,High Risk
9858,Natividad Nelly Carranza,62,184.87,9,649,0.36,Baja California Sur,Economic,High Risk
9859,Carla Quintana Cruz,62,96.99,27,542,0.47,Sonora,Economic,High Risk
9860,Amalia Zepeda,58,223.22,12,670,0.57,Querétaro,Economic,Medium Risk
9861,Ing. Fabiola Carrión,52,222.67,28,597,0.53,Oaxaca,Economic,High Risk
9862,Salma Báez,51,199.53,12,669,0.16,Hidalgo,Economic,Medium Risk
9863,Leonardo Flavio Barragán,21,235.37,0,610,0.41,Tamaulipas,Economic,High Risk
9864,Aldo Aurelio Burgos,54,261.95,17,614,0.59,Jalisco,Economic,High Risk
9865,Esmeralda Alta  Gracia Valadez Saiz,57,138.24,39,544,0.31,Veracruz de Ignacio de la Llave,Economic,High Risk
9866,Francisco Jorge Suárez,69,141.04,11,601,0.46,Sonora,Economic,High Risk
9867,Srita. Noelia Ruelas,50,596.13,10,666,0.27,Baja California Sur,Economic,Medium Risk
9868,Laura Moreno Tijerina,66,198.31,18,517,0.55,Tlaxcala,Economic,High Risk
9869,Víctor Vicente Avilés,60,184.14,19,645,0.47,Tlaxcala,Economic,High Risk
9870,Dolores Raya,69,149.03,38,579,0.25,San Luis Potosí,Economic,High Risk
9871,Sra. María Cristina Ybarra,33,181.92,9,660,0.15,San Luis Potosí,Economic,Medium Risk
9872,Rosa Arevalo,22,146.42,0,631,0.14,Yucatán,Economic,High Risk
9873,Eugenio Jorge Chavarría Castro,47,283.88,24,641,0.53,Jalisco,Economic,High Risk
9874,Minerva Beltrán,64,226.03,25,625,0.5,Baja California Sur,Economic,High Risk
9875,Lic. Sandra Aranda,24,302.85,1,645,0.23,Tabasco,Economic,High Risk
9876,Uriel Ocasio,69,281.64,25,652,0.43,Campeche,Economic,Medium Risk
9877,Luis Chávez Vargas,67,298.77,1,661,0.25,Guerrero,Economic,Medium Risk
9878,Francisco Sierra Montoya,41,217.02,13,630,0.38,Distrito Federal,Economic,High Risk
9879,Sr. Gerardo Garay,40,252.53,16,532,0.37,Oaxaca,Economic,High Risk
9880,Diego Sergio Alemán,36,146.92,0,584,0.3,Yucatán,Economic,High Risk
9881,Amanda Zelaya,44,336.75,18,674,0.44,Jalisco,Economic,Medium Risk
9882,Julio César Julio César Urbina Marroquín,54,192.2,23,530,0.51,Quintana Roo,Economic,High Risk
9883,Srita. Conchita Estrada,59,252.91,33,577,0.42,Chihuahua,Economic,High Risk
9884,Jerónimo Toledo Márquez,30,126.78,0,613,0.27,Durango,Economic,High Risk
9885,Gloria Aurora Balderas Carrillo,54,407.86,35,524,0.55,Oaxaca,Economic,High Risk
9886,Dr. Ángel Cedillo,36,182.76,7,579,0.16,Michoacán de Ocampo,Economic,High Risk
9887,Citlali Rascón Carvajal,45,452.4,4,581,0.21,Puebla,Economic,High Risk
9888,Bianca Gabriela Madrigal Bravo,28,303.79,4,602,0.47,Chihuahua,Economic,High Risk
9889,Aurelio Gonzalo Vaca,68,596.76,20,545,0.37,Tabasco,Economic,High Risk
9890,Luz Palacios Gil,57,104.55,0,579,0.26,Nayarit,Economic,High Risk
9891,Amanda Posada Salas,34,182.32,4,589,0.13,San Luis Potosí,Economic,High Risk
9892,Cristian Gustavo Centeno Altamirano,57,336.82,6,505,0.53,Guerrero,Economic,High Risk
9893,Alberto Roberto Alonzo Jimínez,22,120.96,1,556,0.58,Veracruz de Ignacio de la Llave,Economic,High Risk
9894,Benjamín Rosado,52,129.93,20,568,0.21,Querétaro,Economic,High Risk
9895,Ignacio Acevedo Montalvo,38,296.33,16,514,0.37,Distrito Federal,Economic,High Risk
9896,José Eduardo Mariano Salinas García,22,203.62,0,663,0.56,San Luis Potosí,Economic,Medium Risk
9897,Juana Adela Cardona Olmos,36,314.96,12,660,0.2,Jalisco,Economic,Medium Risk
9898,Marisol Conchita Verdugo Garza,66,544.46,9,578,0.47,Tabasco,Economic,High Risk
9899,Karla Sara Villaseñor,43,161.7,4,524,0.19,Oaxaca,Economic,High Risk
9900,Mariano Juan Martínez Molina,49,213.25,16,519,0.41,Oaxaca,Economic,High Risk
9901,Julio Cruz Baca,58,229.68,28,525,0.1,Guanajuato,Economic,High Risk
9902,Aurora Laura Ozuna Gaytán,66,337.06,36,672,0.35,Oaxaca,Economic,Medium Risk
9903,Lic. Dulce Montoya,53,124.32,8,564,0.47,Sonora,Economic,High Risk
9904,Jacobo Durán,32,429.98,5,542,0.17,Chihuahua,Economic,High Risk
9905,Lic. Gonzalo Cazares,39,437.22,7,677,0.39,Querétaro,Economic,Medium Risk
9906,Ing. José Luis Henríquez,40,,5,512,0.34,Oaxaca,Economic,High Risk
9907,Maximiliano Benavídez Zúñiga,24,180.65,0,506,0.57,México,Economic,High Risk
9908,Ing. Soledad Holguín,26,164.05,0,608,0.18,Sonora,Economic,High Risk
9909,Amanda Cano Cortés,53,174.06,16,559,0.15,Guerrero,Economic,High Risk
9910,Martha Leticia Ulibarri Sierra,45,390.01,23,518,0.57,Guanajuato,Economic,High Risk
9911,Isabel Verduzco Casares,28,137.62,3,573,0.57,Puebla,Economic,High Risk
9912,Darío Felipe Longoria,62,166.29,44,620,0.21,Oaxaca,Economic,High Risk
9913,Mariana Emilia Magaña Villa,32,362.0,5,636,0.43,San Luis Potosí,Economic,High Risk
9914,Dr. Jaime Parra,66,273.23,31,615,0.45,Chiapas,Economic,High Risk
9915,Paola Vergara Gamez,57,342.31,20,665,0.17,Campeche,Economic,Medium Risk
9916,Ignacio Tapia,56,130.68,26,505,0.52,Guerrero,Economic,High Risk
9917,Helena Inés Bahena,45,318.77,20,594,0.52,Nuevo León,Economic,High Risk
9918,Adán Pedro Camacho,54,236.41,23,514,0.17,Colima,Economic,High Risk
9919,Mitzy Carranza,49,163.39,23,591,0.29,Sonora,Economic,High Risk
9920,René Lebrón Marín,49,189.31,18,554,0.16,Oaxaca,Economic,High Risk
9921,Ricardo Aguilar Cotto,30,207.64,2,547,0.23,Nuevo León,Economic,High Risk
9922,Mariano Meza,49,330.98,11,636,0.46,Nuevo León,Economic,High Risk
9923,Renato Hernán Almaraz,55,147.5,28,583,0.55,Colima,Economic,High Risk
9924,Gabriel Baca Murillo,38,234.93,8,640,0.37,Michoacán de Ocampo,Economic,High Risk
9925,Lic. Marcos Alcántar,26,310.97,0,672,0.18,Tabasco,Economic,Medium Risk
9926,Dra. Karla Covarrubias,45,,5,558,0.58,Coahuila de Zaragoza,Economic,High Risk
9927,Sr. Modesto Sepúlveda,25,149.57,6,641,0.41,Yucatán,Economic,High Risk
9928,Ing. Teodoro Santiago,42,248.56,9,558,0.46,Nayarit,Economic,High Risk
9929,Asunción Hidalgo,68,162.98,23,557,0.36,Distrito Federal,Economic,High Risk
9930,Rubén Zacarías Mendoza,31,403.89,7,664,0.53,Zacatecas,Economic,Medium Risk
9931,Sr. Abelardo Barajas,46,234.57,8,665,0.14,Querétaro,Economic,Medium Risk
9932,Rafaél Caraballo,50,245.98,10,546,0.44,Sonora,Economic,High Risk
9933,Óliver Padrón,25,315.95,0,644,0.42,Baja California Sur,Economic,High Risk
9934,Lic. Salma Quezada,51,162.41,25,652,0.1,Guerrero,Economic,Medium Risk
9935,Ing. Esparta Abrego,62,300.55,8,579,0.47,Michoacán de Ocampo,Economic,High Risk
9936,Isabel Juárez,46,184.3,11,555,0.6,Jalisco,Economic,High Risk
9937,Amador José Luis Jasso Magaña,56,194.73,27,518,0.45,Sonora,Economic,High Risk
9938,Cristian Alberto Tejeda,38,382.75,13,501,0.26,Tabasco,Economic,High Risk
9939,Roberto Pelayo Rubio,45,411.45,19,596,0.13,Puebla,Economic,High Risk
9940,Sr. Humberto Valles,69,221.99,45,676,0.42,Zacatecas,Economic,Medium Risk
9941,Karla Blanca Salgado Bonilla,42,217.32,15,592,0.21,México,Economic,High Risk
9942,Nayeli Benítez,44,,10,585,0.15,Coahuila de Zaragoza,Economic,High Risk
9943,Marisol Itzel Córdova,44,127.93,15,633,0.2,Jalisco,Economic,High Risk
9944,Ing. Marisol Crespo,65,538.14,6,598,0.14,Yucatán,Economic,High Risk
9945,Srita. Sessa Quiñones,28,260.39,9,674,0.4,Tamaulipas,Economic,Medium Risk
9946,Lic. Benito Caballero,53,147.07,23,606,0.46,Zacatecas,Economic,High Risk
9947,Dr. Emiliano Domínguez,59,560.91,22,556,0.49,Coahuila de Zaragoza,Economic,High Risk
9948,Porfirio Hugo Quezada Saldaña,23,,2,557,0.15,México,Economic,High Risk
9949,Evelio Leonardo Cisneros Garay,26,137.37,0,590,0.35,Campeche,Economic,High Risk
9950,Sergio Rael,25,439.41,2,667,0.2,Baja California,Economic,Medium Risk
9951,Aurelio Rivas Acosta,46,200.64,20,544,0.57,Querétaro,Economic,High Risk
9952,Ricardo Leonel Granados,62,248.34,12,672,0.48,Jalisco,Economic,Medium Risk
9953,Sandra Girón Robledo,25,166.23,7,624,0.38,Michoacán de Ocampo,Economic,High Risk
9954,Iván Mauro Prado Pérez,25,107.97,0,656,0.47,Baja California,Economic,Medium Risk
9955,Daniela Elsa Guevara de la O,50,72.22,26,523,0.55,Yucatán,Economic,High Risk
9956,René Guardado,28,231.15,2,673,0.4,Puebla,Economic,Medium Risk
9957,Srita. Ivonne Varela,69,273.82,4,669,0.46,Querétaro,Economic,Medium Risk
9958,Linda Judith Soliz,47,178.96,10,641,0.49,Veracruz de Ignacio de la Llave,Economic,High Risk
9959,Juana Lourdes Montaño Carvajal,30,120.49,3,510,0.2,San Luis Potosí,Economic,High Risk
9960,Leonor Barela,45,123.51,7,661,0.26,Campeche,Economic,Medium Risk
9961,Sra. Estefanía Naranjo,60,,20,622,0.55,Guanajuato,Economic,High Risk
9962,Amanda Catalina Ureña Vergara,30,106.19,10,555,0.23,San Luis Potosí,Economic,High Risk
9963,Esmeralda Urbina,53,327.78,9,630,0.57,Tamaulipas,Economic,High Risk
9964,Alejandro Zayas Montalvo,36,282.14,14,506,0.22,Nuevo León,Economic,High Risk
9965,Ing. Socorro Tamez,22,287.32,0,654,0.12,Baja California,Economic,Medium Risk
9966,Débora Samaniego Pelayo,22,206.56,0,678,0.37,Guanajuato,Economic,Medium Risk
9967,Ignacio Mariano Vallejo Zelaya,25,281.32,2,569,0.41,Morelos,Economic,High Risk
9968,Rafaél Mesa,33,,9,626,0.15,Nayarit,Economic,High Risk
9969,Lic. Sofía Reyna,49,139.75,0,580,0.15,Morelos,Economic,High Risk
9970,Itzel Rojas,62,326.55,2,604,0.57,Tlaxcala,Economic,High Risk
9971,Serafín Aurelio Carrero,58,165.31,8,504,0.52,Sonora,Economic,High Risk
9972,Martín Lugo Olivárez,64,194.69,36,565,0.21,Michoacán de Ocampo,Economic,High Risk
9973,Ana María Yolanda Ramos Córdova,21,235.18,0,580,0.31,Baja California,Economic,High Risk
9974,Benjamín Gabriel Solano,28,95.21,2,658,0.39,Durango,Economic,Medium Risk
9975,Lic. Miguel Ángel Saldaña,21,201.39,0,522,0.37,Campeche,Economic,High Risk
9976,Dulce Dueñas,69,190.26,37,554,0.39,Nuevo León,Economic,High Risk
9977,Anel Pichardo,37,260.11,5,511,0.1,Jalisco,Economic,High Risk
9978,Sessa Andrea Morales Barrientos,66,159.59,15,674,0.43,Baja California,Economic,Medium Risk
9979,Dr. Pedro Loya,56,271.43,6,662,0.59,Yucatán,Economic,Medium Risk
9980,Porfirio Mena Ballesteros,42,369.65,0,669,0.6,Aguascalientes,Economic,Medium Risk
9981,René Aguirre,47,198.15,16,506,0.59,Colima,Economic,High Risk
9982,Catalina Rosas,70,233.36,16,506,0.57,Oaxaca,Economic,High Risk
9983,Cristobal Timoteo Palacios Saldivar,50,244.8,27,528,0.17,Quintana Roo,Economic,High Risk
9984,Sofía Montalvo Pacheco,63,242.91,25,662,0.51,Chiapas,Economic,Medium Risk
9985,Sra. Wendolin Loya,39,98.34,6,645,0.5,Guerrero,Economic,High Risk
9986,Alejandra Posada Mata,40,230.18,20,665,0.21,Guanajuato,Economic,Medium Risk
9987,Bernabé Varela,32,285.01,6,526,0.27,Nayarit,Economic,High Risk
9988,Guillermina Ramos Prado,60,374.98,32,526,0.48,Guerrero,Economic,High Risk
9989,Ernesto Emilio Fernández Frías,21,140.94,1,665,0.1,Veracruz de Ignacio de la Llave,Economic,Medium Risk
9990,Antonio César Fajardo,55,310.28,7,647,0.14,Chihuahua,Economic,High Risk
9991,Dr. Alonso Mascareñas,34,205.8,4,575,0.44,Yucatán,Economic,High Risk
9992,Marisol Irene Grijalva Gaytán,68,240.58,19,531,0.58,Querétaro,Economic,High Risk
9993,Josefina Linda Samaniego Madrid,30,311.63,5,651,0.44,Zacatecas,Economic,Medium Risk
9994,Lic. Jacinto Gamboa,56,187.02,16,601,0.12,Hidalgo,Economic,High Risk
9995,Jaime Rojo Barrientos,55,174.66,29,636,0.3,Morelos,Economic,High Risk
9996,Sr. Pascual Berríos,35,164.97,6,601,0.56,Veracruz de Ignacio de la Llave,Economic,High Risk
9997,Jonás Montañez,68,235.61,10,605,0.6,Tamaulipas,Economic,High Risk
9998,José María Leonel Ceja,52,213.1,13,516,0.31,Colima,Economic,High Risk
9999,Sonia Arreola,65,218.46,18,614,0.17,Guerrero,Economic,High Risk
10000,Adán Alcala,69,468.35,19,513,0.45,México,Economic,High Risk
